ip,port
2603:c020:25:5a01:0:f762:3255:3f5d,8443
2603:c020:1c:ce01:0:400c:eef:6771,443
2603:c020:13:cc00:0:543:d65d:7ded,443
2603:c020:25:5001:0:e71d:597d:cc50,8443
2603:c020:25:5a01:0:a892:2b77:2784,8443
2605:4c40:146:f110::2599,443
2001:19f0:6001:57f7:5400:6ff:fe0c:1161,443
2001:19f0:6001:d1:5400:6ff:fe23:b859,443
2001:19f0:6000:9d79:5400:6ff:fe36:5cce,8443
2605:52c0:2:5988:be24:11ff:feb6:946e,443
2001:19f0:6000:3678:5400:5ff:fefc:316,443
2001:19f0:6001:204f:5400:6ff:fe40:7c63,443
2604:4500:8:2c0:1c00:5fff:fe00:126c,443
2001:19f0:6001:992:5400:4ff:fe15:ded4,443
2605:52c0:1:1d26:be24:11ff:fe13:bf1f,443
2605:52c0:2:43a7:be24:11ff:fe2f:8bb0,443
2605:52c0:2:4996:be24:11ff:fe65:8902,443
2605:e440:5::b2,2053
2607:9d00:2000:63::5b54:4ab9,8443
2605:52c0:1:152e:be24:11ff:fecd:2a49,443
2605:52c0:2:52bc:be24:11ff:fed1:93d2,443
2001:19f0:6001:44c3:5400:6ff:fe13:b6bc,443
2605:52c0:2:322:be24:11ff:fe74:f14b,443
2605:52c0:2:3b67:be24:11ff:fe81:f18d,443
2605:52c0:2:29b1:be24:11ff:fe50:b9d2,443
2605:52c0:1:1de6:be24:11ff:fe77:a516,443
2605:52c0:1:1d21:be24:11ff:fe82:8915,443
2605:52c0:2:5349:be24:11ff:fe40:8110,443
2605:52c0:2:4675:be24:11ff:fe98:e9ee,443
2001:19f0:6001:1eb3:5400:6ff:fe5c:e7eb,443
2605:52c0:2:53c1:be24:11ff:fe9e:94cf,443
2605:52c0:2:5418:be24:11ff:fefa:a35f,8443
2605:52c0:2:5413:be24:11ff:fedb:4494,443
2605:52c0:2:51ff:be24:11ff:fe58:1593,443
2605:52c0:1:df7:be24:11ff:fe05:dbd0,443
2605:52c0:1:234:3c36:a9ff:febf:60fe,443
2607:9d00:2000:e4::f94b:2cc,2053
2605:52c0:2:5464:be24:11ff:fe7b:5352,443
2605:52c0:2:688:be24:11ff:feaa:359d,443
2001:19f0:6000:948b:5400:5ff:feff:628a,443
2605:52c0:2:28a8:1803:f0ff:fe7b:88d1,443
2605:52c0:2:5b0d:be24:11ff:fe76:b9ac,443
2605:52c0:2:3b11:be24:11ff:fe99:fa9d,443
2605:52c0:2:3d84:be24:11ff:fe43:a936,443
2605:4c40:119:f110::7ef4,443
2602:f656:2::12c1,443
2605:52c0:2:55f6:be24:11ff:feb6:7d52,443
2605:52c0:1:496:5443:d9ff:fee7:4809,443
2605:52c0:1:1c4e:be24:11ff:fef0:e76c,443
2602:f656:2::d0,8443
2605:52c0:2:573c:be24:11ff:fe2f:2450,443
2605:52c0:2:572e:be24:11ff:fe77:a758,443
2605:52c0:2:3e99:be24:11ff:fec0:1a38,443
2605:52c0:2:4b95:be24:11ff:fee6:f4fc,443
2605:52c0:2:5832:be24:11ff:fe98:57a4,443
2602:f95c:21:142:248:218:0:254,2053
2605:52c0:3:151:be24:11ff:febd:78fd,443
2605:52c0:2:58e6:be24:11ff:fe9e:f03,443
2605:52c0:2:38f:be24:11ff:fe38:694c,443
2605:52c0:1:1d85:be24:11ff:feb8:adad,443
2605:52c0:2:5783:be24:11ff:fe0a:2714,443
2605:52c0:2:3bda:be24:11ff:fe69:61b7,443
2605:52c0:2:58f4:be24:11ff:fe45:4b71,443
2605:52c0:2:2a41:be24:11ff:fe9d:2933,443
2602:f95c:21:142:248:219:0:254,2053
2605:52c0:2:56f5:be24:11ff:fed8:1351,443
2605:52c0:2:2a87:be24:11ff:fe94:76ea,443
2607:8700:5500:db07::2,443
2605:52c0:2:45ac:303c:11ff:fece:b332,8443
2605:52c0:2:3d5c:be24:11ff:fe4e:a1c3,443
2605:52c0:2:51b6:be24:11ff:feef:f089,443
2605:52c0:1:15f5:c010:f1ff:fe37:1fe0,8443
2605:52c0:2:3db2:be24:11ff:fe73:8b40,443
2605:52c0:1:1ee5:be24:11ff:feb8:688f,443
2605:52c0:1:1b5e:be24:11ff:fed2:72c4,443
2602:f95c:21:142:248:218:0:254,443
2a14:7586:1a10::1,443
2605:52c0:2:2bb8:be24:11ff:fec1:8e3f,443
2602:f988:210:c4f::7f4,443
2605:52c0:2:38bb:be24:11ff:fe2c:78a1,443
2a09:bac1:76a0:3d0::26a:c5,2096
2605:52c0:2:4115:be24:11ff:fe7c:4d2e,443
2605:52c0:2:5853:be24:11ff:fe66:19af,443
2605:52c0:2:40d3:9032:cbff:fed9:92c1,443
2605:52c0:2:550:be24:11ff:fe24:b32f,443
2605:52c0:2:1ba3:be24:11ff:fe39:3ae0,443
2605:52c0:2:5690:be24:11ff:fe25:cf23,443
2605:e440:5::3ac,8443
2605:52c0:1:10ba:acc5:65ff:fedc:df2c,8443
2605:52c0:2:3f60:be24:11ff:fe28:7cc1,443
2605:52c0:2:163e:be24:11ff:febc:e71e,443
2605:52c0:2:5579:be24:11ff:fea3:7af5,443
2605:52c0:2:5adc:be24:11ff:feac:30ae,443
2605:52c0:2:43b7:be24:11ff:fe34:7c13,443
2605:52c0:2:51c7:be24:11ff:feaa:73ac,443
2605:52c0:2:1d26:be24:11ff:feac:226c,443
2605:52c0:2:3e61:be24:11ff:fed9:e2f3,443
2605:52c0:2:2e37:be24:11ff:fe0e:c78,443
2605:52c0:1001:672:d8c4:19ff:fede:389,8443
2605:52c0:2:3c6b:be24:11ff:fe4d:896c,443
2605:52c0:2:c42:be24:11ff:fe7d:1a63,443
2605:52c0:2:5310:be24:11ff:fed3:6685,8443
2607:5dc0:0:3d::2596:7fb2,443
2605:52c0:1:6d4:be24:11ff:fec1:9dcb,443
2605:52c0:2:595b:be24:11ff:fec0:3ef4,443
2605:52c0:2:2e44:be24:11ff:fe27:1300,443
2605:52c0:2:2e61:be24:11ff:feef:7e30,443
2605:52c0:2:439b:be24:11ff:fe62:217,443
2001:19f0:6001:1214:5400:4ff:fe15:ded3,443
2605:52c0:2:4c4d:be24:11ff:fe1d:e6d7,443
2602:f95c:21:142:248:219:0:254,443
2605:52c0:2:462c:3457:34ff:fe3c:bd5,443
2605:52c0:2:53e9:be24:11ff:fe73:9c53,443
2605:52c0:2:27b6:be24:11ff:fe15:8d7b,443
2605:52c0:1:17bc:be24:11ff:fe15:dd23,8443
2605:52c0:2:47d6:f866:90ff:fe50:d221,443
2605:52c0:2:570d:be24:11ff:fe5e:fbfb,443
2607:9d00:2000:dd::5000:c0ff,443
2605:52c0:1:1eb2:be24:11ff:fe31:eccc,443
2605:52c0:1:1e43:be24:11ff:fe55:6737,443
2605:52c0:2:2dbe:be24:11ff:fe70:66aa,443
2605:52c0:2:48bb:40ac:2fff:fea5:72dc,443
2605:52c0:2:700:be24:11ff:fe65:a878,443
2602:f656:3::201,443
2605:52c0:2:52f0:be24:11ff:fe1c:f00c,443
2605:52c0:2:3a4a:be24:11ff:fe60:1f6e,443
2605:52c0:2:2d10:be24:11ff:feaf:cf5d,443
2605:52c0:2:4bfc:be24:11ff:fe79:e4d2,443
2605:52c0:2:5553:be24:11ff:fe13:5b22,443
2001:19f0:6001:b3:5400:6ff:fe17:e327,8443
2605:52c0:2:54dc:be24:11ff:fe4b:dc12,443
2605:52c0:2:5403:be24:11ff:fe21:f79b,443
2605:52c0:1:42c:be24:11ff:fe8e:f23a,443
2605:52c0:1:1ed1:be24:11ff:feee:1e86,443
2605:52c0:2:4aee:be24:11ff:fe34:6bb7,443
2001:19f0:6000:9ddf:5400:6ff:fe21:2c73,443
2a09:bac5:636c:281e::3ff:2e,8443
2605:52c0:2:5913:be24:11ff:fedb:6863,443
2605:52c0:2:3f62:be24:11ff:fec6:34c,443
2602:f656:5::759,443
2a0c:9a40:8aa2:106a::,443
2607:9d00:2000:223::3a0b:df66,8443
2605:52c0:2:3eac:be24:11ff:fe51:1a3f,443
2605:52c0:2:5aff:be24:11ff:fefa:10b,443
2605:52c0:2:44bc:be24:11ff:fea7:49ec,443
2605:52c0:2:30b4:be24:11ff:fed3:6d70,443
2602:faa8:205:10b0::1,443
2605:52c0:2:3954:be24:11ff:fe35:4358,443
2605:52c0:1:116a:4cea:cdff:feaf:ea80,443
2607:9d00:2000:f6::5fd4:a0dd,443
2001:19f0:6001:42a6:5400:6ff:fe3a:362,443
2605:52c0:1:722:be24:11ff:fe76:9512,443
2605:52c0:2:2f5d:be24:11ff:fef7:138d,443
2604:4500:8:2c0:1c00:cdff:fe00:623,2087
2001:19f0:6000:33fd:5400:6ff:fe62:d65,443
2605:52c0:2:547b:be24:11ff:fec0:d1f9,443
2605:52c0:2:4d74:be24:11ff:fea5:2981,443
2605:52c0:2:502f:be24:11ff:fe50:804d,443
2605:52c0:2:593b:be24:11ff:fe30:8992,443
2605:52c0:2:e88:be24:11ff:fe1d:73fd,443
2605:52c0:2:1e72:be24:11ff:fe76:244a,443
2605:52c0:2:442b:be24:11ff:fe59:2f6f,443
2605:52c0:2:4f2e:be24:11ff:fe0a:e2cf,443
2605:52c0:1:1353:88b8:f8ff:fe82:6deb,443
2605:52c0:1:1d9b:be24:11ff:fe7a:7a13,443
2605:52c0:2:5205:be24:11ff:feb8:6fc0,443
2605:52c0:1:1f0f:be24:11ff:fefe:4918,443
2605:52c0:2:15a7:f000:7ff:fe7e:3150,443
2a01:7e03::2000:a5ff:fec1:913d,443
2400:8d60:2::1:aa35:18e5,443
2605:52c0:2:2c3a:be24:11ff:feb7:255c,443
2605:52c0:1:1c98:be24:11ff:fe53:e49d,443
2605:52c0:2:3099:be24:11ff:feb5:9ce5,443
2607:9d00:2000:107::a1db:6000,443
2605:52c0:2:2b23:be24:11ff:fe79:fa32,443
2605:52c0:2:3f0f:be24:11ff:fe49:1307,443
2605:52c0:2:43f9:8492:8dff:fe53:e787,443
2a0c:9a40:8aa2:1035::,443
2605:52c0:2:59cf:be24:11ff:fe19:65dd,443
2605:52c0:2:42eb:be24:11ff:fed1:6512,443
2605:52c0:2:44d2:be24:11ff:fe62:eded,443
2605:52c0:2:1366:78dd:5fff:fe51:66dd,8443
2605:52c0:2:301:be24:11ff:fed9:8eb2,443
2603:c020:9:f500:0:c1a2:352b:fa78,443
2605:52c0:2:20cd:be24:11ff:fed7:c16a,443
2a14:640:8:c083::1,443
2605:52c0:2:1177:be24:11ff:fe5f:686c,443
2605:52c0:2:5917:be24:11ff:fe3d:c97,443
2602:f656:2::3b7,443
2605:52c0:1:1eaa:be24:11ff:fe2a:bf8a,443
2400:8d60:2::1:325a:79e,443
2602:f656:3::165,443
2605:52c0:2:5647:be24:11ff:feeb:50fa,443
2605:52c0:2:3846:be24:11ff:fe79:6323,443
2001:19f0:6000:2525:5400:6ff:fe4c:b7d2,443
2605:52c0:2:5a2d:be24:11ff:fe56:caab,443
2605:52c0:2:52ea:be24:11ff:feff:8a89,443
2607:8700:5501:a0f8::2,443
2605:52c0:2:2ca8:be24:11ff:fe57:e46e,443
2607:5dc0:0:b::8586:4263,443
2607:8700:5500:e2e::2,443
2605:52c0:1:2051:be24:11ff:fed7:5ec7,443
2602:f873:12:800:0:1:1f45:bbfb,443
2605:52c0:2:5abf:be24:11ff:fe0e:a282,443
2605:52c0:2:47d2:14e0:a6ff:fe77:9045,443
2605:52c0:2:947:be24:11ff:fec2:5759,443
2605:52c0:1:1ff5:be24:11ff:fead:3c82,443
2605:52c0:2:3d73:be24:11ff:fe96:5172,443
2400:8d60:2::1:5f1a:4987,443
2605:52c0:2:5005:be24:11ff:fe30:bb7e,443
2605:52c0:2:5b1a:be24:11ff:feb4:c8eb,443
2a04:bdc7:100:7882::1,8443
2605:52c0:2:5490:be24:11ff:fec6:6a4b,443
2400:8d60:2::1:6d07:ac1e,443
2605:52c0:2:4124:be24:11ff:fe1d:fe61,443
2607:a400:4:7::2,2053
2a09:bac1:76a0:3d0::3ff:38,443
2605:52c0:2:2f05:be24:11ff:fe0d:95ab,443
2605:52c0:2:4d75:be24:11ff:fe12:331c,443
2602:f873:12:800:0:1:5f92:a426,8443
2605:52c0:2:1f5b:be24:11ff:fee9:544b,443
2605:52c0:1:2031:be24:11ff:fe24:f663,443
2605:52c0:2:1893:be24:11ff:feeb:4cd1,443
2605:52c0:2:205:be24:11ff:fe23:1d87,443
2605:52c0:2:58da:be24:11ff:fe06:d7f8,443
2607:9d00:2000:21b::6330:8441,443
2605:52c0:2:4168:be24:11ff:feea:62cb,443
2605:52c0:2:73b:be24:11ff:fe55:16a7,443
2605:52c0:2:58ef:be24:11ff:fe9d:4bf,443
2605:52c0:1:1ecc:be24:11ff:fe36:ecda,443
2001:19f0:6000:2ee5:5400:6ff:fe2e:2899,443
2605:52c0:2:1ebf:be24:11ff:fe61:cadd,443
2001:19f0:6000:9d73:5400:6ff:fe3a:fe2e,8443
2605:52c0:2:55bf:be24:11ff:fe19:d19d,443
2001:19f0:6001:8d9:5400:6ff:fe18:7b38,443
2605:52c0:2:58f6:be24:11ff:fe55:195d,443
2607:a400:2:24::68,8443
2400:8d60:2::1:17ad:f432,443
2400:8d60:2::1:82df:2818,443
2605:52c0:2:3f02:be24:11ff:fea4:52cd,443
2605:52c0:1:1d4c:be24:11ff:fe17:1461,443
2605:52c0:2:4eb2:be24:11ff:fe22:77d5,443
2605:52c0:2:3bd9:be24:11ff:fe69:2b9b,443
2605:52c0:2:5518:be24:11ff:fe6e:4da8,443
2607:9d00:2000:1b4::7b9:b7bc,8443
2605:52c0:2:22d1:be24:11ff:fea0:d309,443
2602:f873:11:604:0:1:abcb:4941,443
2605:52c0:2:15d0:4d0:2eff:feb5:f982,8443
2605:52c0:2:463d:be24:11ff:fe65:7c5d,443
2001:19f0:6000:212f:5400:5ff:fe38:6e8,8443
2602:f873:10:401:0:1:36b4:972a,8443
2602:f873:12:801:0:1:56b4:6ae1,443
2602:fce1:44f:134c::,8443
2a0e:df80:a:1::540,443
2605:52c0:2:580f:be24:11ff:fe30:ffca,443
2605:52c0:2:2cfe:be24:11ff:fe12:c38d,443
2602:fce1:4c8:24c4::,443
2605:52c0:2:425f:be24:11ff:fe6d:a63c,443
2400:8d60:2::1:c3d8:701d,443
2602:f873:12:801:0:1:2c:462d,443
2a09:bac5:636c:2da5::48c:1f,443
2001:19f0:6000:2016:5400:6ff:fe07:7702,443
2001:19f0:6001:3498:5400:5ff:fedf:882f,443
2400:8d60:2::1:6075:8fe4,443
2605:52c0:1:1b75:be24:11ff:fef2:1592,443
2605:52c0:2:7d6:be24:11ff:fe1c:1f66,443
2001:19f0:6001:5566:5400:5ff:fefe:8588,443
2605:52c0:1:1eac:be24:11ff:fe2d:b947,443
2605:52c0:2:4fb8:be24:11ff:fef1:6efa,443
2605:52c0:2:4878:5ca2:5cff:fef4:7cc3,443
2605:52c0:2:48bf:be24:11ff:fe93:4ef4,443
2605:52c0:2:5888:be24:11ff:fe73:e5f6,443
2607:9d00:2000:d7::2f36:48ae,443
2607:8700:5501:a39d::2,443
2605:52c0:2:709:ccf9:2eff:fe2c:7bc0,443
2001:19f0:6001:5daf:5400:6ff:fe25:dc44,443
2605:52c0:1:1e96:be24:11ff:fe79:704,443
2605:52c0:2:53fa:be24:11ff:fe71:910c,443
2605:52c0:2:3ec2:be24:11ff:fe32:8f1f,443
2607:9d00:2000:39::27f,8443
2a02:6ea0:cf2d::4,443
2607:5dc0:0:36::c948:e96e,8443
2602:f873:12:800:0:1:372:74b0,443
2605:52c0:1:13e7:2877:2bff:febc:83f,443
2607:9d00:2000:1ae::4d8a:d0a0,2083
2602:faa8:502:93::a,443
2605:52c0:1:1be1:be24:11ff:fe0c:8413,2053
2605:52c0:1:e3b:be24:11ff:fec8:a4e2,443
2605:52c0:2:513a:be24:11ff:fee1:5992,443
2607:9d00:2000:d2::1ea8:cfdd,2083
2605:52c0:2:4088:be24:11ff:fe2c:cb1d,443
2001:19f0:6001:234f:5400:4ff:fe15:ded6,443
2605:52c0:2:5017:be24:11ff:fed5:f5f9,443
2605:52c0:2:44e3:be24:11ff:fe1a:935d,443
2605:52c0:2:1948:be24:11ff:fe1e:a529,443
2605:52c0:2:4b44:be24:11ff:fed5:a692,443
2607:f2d8:6065:10b0::a,443
2602:f988:92:f2a::ba8,443
2605:52c0:2:445f:be24:11ff:fe8c:601b,443
2001:19f0:6001:4f84:5400:6ff:fe4a:432b,443
2401:1740:1000::1dc,8443
2001:550:a0c::cd,443
2605:52c0:1:1ef4:be24:11ff:fe18:e95b,443
2607:9d00:2000:1a4::8aa0:b9b3,8443
2605:52c0:2:45ad:be24:11ff:fe12:a493,443
2602:f873:11:603:0:1:2208:bbcf,443
2607:9d00:2000:226::67f3:6c12,443
2607:8700:5500:a8a::2,443
2607:9d00:2000:22d::c20d:427a,2053
2605:52c0:2:5a37:be24:11ff:fe77:e4e8,443
2605:52c0:2:386b:be24:11ff:fea3:3535,443
2607:8700:5500:95fd::2,443
2607:9d00:2000:1b7::2e45:6ae5,443
2605:52c0:2:56ea:be24:11ff:fe9e:c237,443
2605:e440:3f::3f0,8443
2605:52c0:1:1f0b:be24:11ff:feba:e0f9,443
2607:8700:5500:22ed::2,443
2607:8700:5500:ca0f::2,443
2602:fa4f:802:8cce:1e6b:1537:e4cb:ae36,8443
2605:52c0:2:45a2:be24:11ff:fe62:d00e,443
2605:52c0:1:1fa3:be24:11ff:fe8e:cee9,443
2605:52c0:2:412c:be24:11ff:fede:40d1,443
2602:f873:11:603:0:1:23e7:c0f8,443
2a09:bac5:636c:1173::1bd:fe,2083
2607:8700:5501:4ecb::2,443
2602:f873:11:603:0:1:8d5b:8a24,443
2a0a:8c43::80,8443
2607:f5b4:88:106:1c00:78ff:fe00:5b5,2083
2607:f2d8:6063:19c::9a8d,8443
2001:19f0:6001:43a5:5400:6ff:fe69:e187,443
2602:f7c2:2001::291,443
2a01:7e03::2000:a7ff:fe4b:51bc,443
2401:1740:1000::105,443
2400:8d60:2::1:465e:a07c,443
2607:9d00:2000:39::3d2,8443
2605:52c0:2:3f11:be24:11ff:fe5f:1c49,443
2602:f873:11:603:0:1:80fe:c3e7,443
2607:8700:5500:1895::2,443
2605:52c0:2:38f6:be24:11ff:fef1:5631,443
2607:9d00:2000:8c::2b0e:3703,443
2602:f873:12:800:0:1:2853:cf28,443
2400:8d60:2::1:9e01:8dee,443
2605:52c0:1:1d31:be24:11ff:fe15:22d6,8443
2602:f873:11:603:0:1:476b:6f3a,443
2a06:5040:2001:123::7670:6201,443
2605:52c0:2:3b1d:be24:11ff:fe13:8ab6,443
2607:8700:5500:f29a::2,443
2605:52c0:2:5a02:be24:11ff:fea9:3dad,443
2607:8700:5500:c5b2::2,8443
2607:f5b4:88:10a:1c00:eeff:fe00:aaf,2053
2a12:bec0:68c:22b::,443
2001:19f0:6000:2b64:5400:6ff:fe76:4056,443
2605:52c0:2:49d2:be24:11ff:feb0:521c,8443
2602:faa8:502:1f::a,443
2a01:7e03::2000:78ff:fe3b:dfda,443
2605:52c0:2:59da:be24:11ff:fe00:a5d3,443
2605:52c0:2:1259:be24:11ff:fed7:a71e,443
2a09:bac5:636f:1846::26b:ba,8443
2605:52c0:2:7cd:be24:11ff:fe96:f332,443
2605:52c0:2:443a:be24:11ff:fe69:be9c,443
2a05:9402:0:8:d::a,443
2605:52c0:2:55c4:be24:11ff:fe3a:18b,443
2602:f656:6::246,443
2605:52c0:2:4146:be24:11ff:fed0:8cc6,443
2607:8700:5500:3279::2,2053
2605:52c0:2:57eb:be24:11ff:fe50:827b,443
2401:1740:3000::73,443
2001:550:a10::18a,443
2602:f7c2:2001::4c5,443
2605:52c0:2:b2a:be24:11ff:fe12:32a4,443
2605:52c0:2:54ad:be24:11ff:febd:e9d7,443
2607:f5b4:88:10a:1c00:51ff:fe00:ab0,2053
2607:9d00:2000:16::30ff:d3a7,443
2400:8d60:2::1:51ba:b69e,443
2602:f656:6::1ad,443
2a09:bac5:636b:281e::3ff:5f,443
2607:9d00:2000:1f6::29e1:de36,443
2401:1740:3000::9f,443
2a0c:9a40:8aa2:11db::,8443
2402:d0c0:10:154::5348:f3ea,443
2602:f873:11:603:0:1:6077:8f80,443
2602:f656:3::153,8443
2607:9d00:2000:39::378,443
2602:f873:11:604:0:1:5d3a:8bbe,8443
2602:f656:2::15db,443
2605:52c0:2:1e0e:be24:11ff:fe8c:ff46,443
2602:fce1:4c8:221e::,8443
2605:52c0:2:297c:be24:11ff:fe53:5a29,443
2605:52c0:2:454a:be24:11ff:feef:ba14,443
2602:fce1:44f:12c3::,8443
2602:f873:11:604:0:1:8701:e826,443
2605:52c0:2:34d5:e8e5:62ff:fe56:4571,443
2001:19f0:6001:2125:5400:6ff:fe0e:6b02,8443
2605:52c0:2:548c:be24:11ff:fe2c:a0db,443
2001:19f0:6001:4593:5400:6ff:fe3d:dd6b,443
2605:52c0:2:5280:be24:11ff:feb6:c469,443
2605:52c0:2:42e5:b8a4:6eff:fee6:3273,443
2605:52c0:2:4537:be24:11ff:fe2f:d866,443
2602:fce1:4c8:2742::,443
2605:52c0:2:4c8f:be24:11ff:fe82:fcb9,443
2607:8700:5500:d578::2,443
2400:38e0:0:4063::88,443
2605:52c0:2:5400:be24:11ff:fe0b:7db4,443
2605:52c0:2:484c:be24:11ff:fe4e:3ea,443
2605:52c0:2:8b2:be24:11ff:fe90:2f1a,443
2001:550:a20::120,443
2602:f873:10:400:0:1:a189:536b,2053
2607:8700:5500:eb64::2,443
2605:52c0:2:4ff1:be24:11ff:fe93:b1ca,443
2602:294:1:a18::3e,443
2602:f656:5::5f8,443
2607:8700:5501:60af::2,443
2605:52c0:2:2e31:be24:11ff:fee7:ed5c,443
2605:52c0:2:a51:be24:11ff:fe74:b11e,443
2604:a840:101:151::a,8443
2603:c024:c005:1b02:8512:c73b:5c18:bfe2,8443
2604:a840:100:dd::a,443
2604:a840:100:81::a,8443
2a09:bac1:76a0:28::4d0:44,8443
2001:19f0:ac01:1b9c:5400:6ff:fe5a:6101,443
2604:a880:2:d1:0:1:26b8:7001,2053
2603:c024:c00d:b366:b18a:f339:a385:d71a,8443
2603:c024:c00e:6588:2813:e25c:5935:82e1,443
2604:a880:2:d1:0:1:26b8:a001,443
2604:a840:100:9b::a,443
2604:a880:2:d1:0:1:26b6:9001,443
2604:a880:2:d1:0:1:26b6:c001,443
2604:a880:2:d1:0:1:26b8:8001,443
2605:52c0:2:3931:be24:11ff:fe5e:939f,443
2604:a880:2:d1:0:1:26b8:b001,443
2604:a880:2:d1:0:1:26b6:a001,443
2604:a880:2:d1:0:1:26b7:1001,443
2604:a880:2:d1:0:1:26b7:1,443
2604:a880:2:d1:0:1:26b8:9001,443
2604:a880:2:d1:0:1:26b6:e001,443
2604:a880:2:d1:0:1:26b8:f001,443
2603:c024:c00d:b366:2fa3:6c2c:5a4d:4067,443
2602:f873:11:605:0:1:f2ab:e9a8,443
2604:a880:2:d1:0:1:26b8:d001,443
2603:c024:c00d:b366:0:bb4f:d62e:64cc,2096
2605:52c0:2:44a0:d420:23ff:fe5f:2b6f,443
2001:19f0:ac00:3d39:5400:6ff:fe57:222f,443
2a0e:6901:410:1a3:26a3:f0ff:fe46:a2c,443
2605:52c0:2:5982:be24:11ff:fe24:7375,443
2604:a880:2:d1:0:1:26b6:f001,443
2604:a880:2:d1:0:1:26b6:b001,443
2602:f9a9:301:562b::1,443
240d:c000:f07f:8d00:b828:fc6:981c:0,8443
2001:57a:e200:e501::2e,8443
2603:c024:c013:f588:0:7f29:cb0f:8c06,443
2604:a880:2:d1:0:1:513e:7001,8443
2603:c024:c006:b800:81e4:23d6:669f:9448,8443
2604:a880:2:d1:0:1:26b6:d001,443
2604:a880:4:1d0:0:2:e312:f000,443
2602:f656:5::5d3,8443
2604:a880:1:4a::11a7:6000,443
2603:c024:c01c:9200:0:e82f:20ed:926d,2083
2604:a880:2:d1:0:1:2fad:e001,443
2607:9d00:2000:16a::759a:5cfc,8443
2604:a880:2:d1:0:1:4ce5:6001,8443
2604:a880:2:d1:0:1:26b8:e001,443
2001:19f0:ac00:4781:5400:5ff:fe5e:bb90,443
2604:a880:1:4a::11a7:7000,443
2604:a880:2:d1:0:1:26b8:c001,443
2604:a880:2:d1:0:1:5309:2001,443
2604:a880:4:1d0:0:3:1acc:c000,443
2604:a880:1:4a::1103:a000,443
2604:a880:4:1d0:0:2:458:9000,443
2605:52c0:2:40ae:be24:11ff:fe22:7274,443
2603:c024:c01a:d500::101,8443
2604:a880:4:1d0:0:1:3896:0,443
2604:a880:4:1d0:0:2:4634:6000,443
2604:a880:1:4a::1103:b000,443
2607:9000:8000:22:21a:4dff:fe94:264b,2053
2604:a880:4:1d0:0:2:4635:1000,443
2604:a880:4:1d0:0:2:4634:1000,443
2604:a880:1:4a::1103:d000,443
2604:a880:4:1d0:0:2:e313:0,443
240d:c000:f07f:9000:3aac:8902:8bc:0,443
2604:a880:1:4a::11ed:f000,443
2604:a880:4:1d0:0:2:e313:1000,443
2604:a880:4:1d0::e40c:8000,443
2604:a880:4:1d0:0:2:458:c000,443
2604:a840:2::6ed,443
2604:a880:4:1d0:0:3:23d9:6000,443
240d:c000:f07f:9300:62d4:4d16:52bc:0,443
2604:a880:2:d1:0:1:6f2a:7001,443
2604:a880:4:1d0:0:2:4634:e000,443
2604:a880:4:1d0:0:2:e313:5000,443
2604:a880:1:4a::14a1:e000,443
2600:3c01::f03c:93ff:fe5a:5f0f,443
2604:a880:4:1d0:0:2:458:a000,443
2604:a880:4:1d0:0:2:e313:6000,443
2604:a880:4:1d0:0:1:23c9:7000,443
2607:9000:800:545e::a,8443
2607:8700:5500:52ac::2,443
2604:a880:4:1d0::e413:7000,443
2604:a880:2:d1:0:1:26b8:6001,2053
240d:c000:f07f:9000:7832:779c:1e12:0,443
2001:19f0:ac01:1c1f:5400:6ff:fe36:9bda,443
2604:a880:4:1d0:0:2:4633:7000,443
2604:a880:1:4a::14a1:4000,443
2605:52c0:2:111:be24:11ff:fe46:e574,443
2604:a880:1:4a::1103:e000,443
2604:a880:1:4a::cd7:e000,443
2604:a880:4:1d0:0:2:e666:9000,443
2600:3c01::f03c:93ff:fe19:2164,443
2600:3c01::f03c:93ff:fe76:7423,8443
2a09:bac5:636d:2da5::48c:32,8443
2604:a880:4:1d0:0:2:4634:b000,443
2604:a880:1:4a::11a7:8000,443
2604:a880:1:4a::14a1:2000,443
2604:a880:1:4a::11ed:b000,443
2604:a880:1:4a::14a2:a000,443
2600:3c01::f03c:93ff:fe5a:5f91,443
2600:3c01::f03c:93ff:fe19:2188,443
2a09:bac5:6216:1232::1d0:e6,443
2604:a880:4:1d0:0:2:4633:5000,443
2604:a880:4:1d0:0:2:4633:6000,443
2604:a880:2:d0::2103:e001,443
2604:a880:2:d1:0:1:2fad:9001,443
2604:a880:4:1d0:0:2:e313:2000,443
2604:a880:4:1d0:0:2:458:5000,443
2604:a880:4:1d0:0:1:3896:2000,443
2604:a880:4:1d0:0:2:4634:d000,443
2604:a880:1:4a::11a7:e000,443
2600:3c01::f03c:93ff:fe19:2127,443
2604:a880:4:1d0:0:2:3038:1000,443
2604:a880:4:1d0:0:2:458:8000,443
2603:c024:c01b:a00:0:c1a9:50c6:154,8443
2604:a880:4:1d0:0:2:4633:4000,443
2604:a880:1:4a::11a7:c000,443
2604:a880:2:d1:0:1:9b1:4001,443
2600:3c01::f03c:93ff:fe19:213f,443
2604:a880:1:4a::1104:1000,443
2604:a880:4:1d0:0:1:3c15:9000,443
2600:3c01::f03c:93ff:fe5a:5fd8,443
2607:9000:8000:22:230:97ff:fece:c2d7,2087
2604:a880:4:1d0:0:2:4634:7000,443
2600:3c01::f03c:93ff:fe19:2112,443
2602:f656:2::154b,443
2604:a880:4:1d0:0:2:e313:3000,443
2600:3c01::f03c:93ff:fe19:2158,443
2604:a880:2:d0::20f3:c001,443
2600:3c01::f03c:93ff:fe19:21ad,443
2604:a880:4:1d0:0:2:4635:3000,443
2604:a880:4:1d0:0:2:e313:8000,443
2604:a880:4:1d0:0:2:4634:4000,443
2604:a880:2:d1:0:1:26b6:8001,443
2604:a880:4:1d0:0:2:4634:8000,443
2604:a880:4:1d0:0:1:22b7:e000,443
2a0f:85c1:861:4b5d::1,8443
2603:c024:c01f:a503:0:73b8:c70b:5b40,443
2604:a880:2:d1:0:1:2fad:c001,443
2604:a880:4:1d0:0:1:3896:4000,443
2600:3c01::f03c:93ff:fe19:212c,443
2604:a880:4:1d0:0:1:23c9:9000,443
2604:a840:2::58e,443
2606:65c0:10:253:9c67:db14:c951:e701,443
2607:9000:800:5031::a,8443
2001:57a:f200:b900::104,443
2607:9000:8000:22:218:9cff:fe54:8139,443
2604:a880:4:1d0:0:2:458:7000,443
2600:3c01::f03c:93ff:fe5a:5f9a,443
2606:65c0:10:388:3b30:749a:45c:e44b,8443
2600:3c01::f03c:93ff:fe5a:5f8c,443
240d:c000:f07f:9100:30d6:8950:96a8:0,2053
2604:a880:1:4a::11a7:a000,443
2001:19f0:ac00:3ae8:5400:5ff:fef8:eb08,8443
2604:a880:4:1d0:0:2:4633:8000,443
2607:f5b4:88:10a:1c00:7cff:fe00:a7a,8443
2604:a880:1:4a::cd7:c000,443
2600:3c01::f03c:93ff:fe19:218f,443
2602:f873:11:603:0:1:5e59:a97f,443
2604:a880:4:1d0:0:2:3038:0,443
2604:a880:4:1d0:0:2:4634:5000,443
2604:a880:4:1d0:0:2:e313:7000,443
2604:a880:2:d0::1c2f:8001,443
2605:fe80:2b:111:1c00:4fff:fe00:917,2083
2a09:bac5:6210:1250::1d3:99,443
2604:a880:4:1d0:0:2:458:6000,443
2602:feda:30:ae86:2ed:8fff:fe7d:d2bf,443
2607:f130:0:170:216:3eff:fe90:ef9c,443
2607:f130:0:14c:216:3eff:feca:e143,443
2604:a880:4:1d0:0:1:3930:3000,443
2604:a880:1:4a::11ed:e000,443
2600:3c01::f03c:93ff:fe54:e904,443
2607:f130:0:150:216:3eff:fe29:1bf3,443
2607:f130:0:18f::e1ca:67a4,2053
2607:f130:0:14b:216:3eff:fe70:9345,443
2602:f656:5::4a1,443
240b:4004:cd:8100:f058:f82c:3a82:e581,443
2607:f130:0:196:216:3eff:fe60:4237,443
2607:f130:0:16c:216:3eff:fe69:f60c,443
2602:fa59:3:10a::1,443
2607:f130:0:184:216:3eff:fef2:4c48,443
2600:3c01::f03c:93ff:fe19:21d5,443
2607:f130:0:147::3549:3f9a,443
2605:52c0:2:4698:be24:11ff:fee8:43a,443
2607:f130:0:180::3352:d3d2,443
2605:fe80:2b:108:1c00:20ff:fe00:53f,2053
2607:f130:0:156:216:3eff:fe59:7cf6,2096
2607:f130:0:17d:216:3eff:febb:c9a9,443
2602:fd37:10a:6e::a,443
2600:3c01::f03c:93ff:fe19:21d8,443
2605:52c0:3:87:907b:2ff:fed9:a76c,8443
2607:f130:0:196::95de:32af,443
2607:f130:0:14d:216:3eff:fe85:3b2e,443
2607:f130:0:150:216:3eff:fee0:3fcb,443
2607:f130:0:153::fe37:136,8443
2605:fe80:2b:108:1c00:dcff:fe00:542,2053
2607:f130:0:170:216:3eff:fe18:b5c1,443
2607:f130:0:156:216:3eff:fe21:5665,2053
2605:fe80:2b:110:1c00:66ff:fe00:84a,2083
2607:f130:0:14d:216:3eff:fe84:3256,443
2607:f130:0:14b:216:3eff:fe1d:37b7,443
2607:f130:0:152:216:3eff:fe17:2bab,443
2a0d:6c2:6:c27::,8443
2607:f130:0:17e::2d4f:bfb7,443
2607:f130:0:156:216:3eff:fed4:d07e,443
2607:f130:0:16e::8062:e5a6,443
2607:f130:0:f0::6a5,443
2a0d:6c2:6:af2::,443
2607:f130:0:14e::a0b4:62ff,443
2607:f130:0:141::124f:20a1,443
2607:f130:0:198:216:3eff:fe6f:52f7,443
2607:f130:0:19c:216:3eff:fefc:87f,443
2605:52c0:2:423f:be24:11ff:fe77:9c3c,443
2607:f130:0:14d:216:3eff:fe03:7480,8443
2600:3c01::f03c:93ff:fe19:21cc,443
2607:f130:0:14b:216:3eff:fe7f:9a18,443
2607:f130:0:169:216:3eff:fe26:ef39,443
2607:f130:0:14b::4d8f:37fe,443
2607:f130:0:196:216:3eff:fe07:79d6,443
2607:f130:0:140::62b3:5ee3,443
2607:f130:0:187::c681:a46f,8443
2604:a880:4:1d0:0:1:3896:3000,443
2607:f130:0:170:216:3eff:feda:fe73,443
2607:f130:0:14c:216:3eff:fe5f:1396,443
2605:52c0:2:5203:be24:11ff:fe0c:6f7d,443
2607:f130:0:156:216:3eff:fe14:5e2a,8443
2607:f130:0:187::6ad9:e1e5,443
2607:f130:0:17e:216:3eff:fe5c:34c5,443
2607:f130:0:154:216:3eff:fe94:c0fc,443
2607:f130:0:14c:216:3eff:fec6:92b9,443
2607:f130:0:150:216:3eff:feda:9fe3,443
2607:f130:0:14f:216:3eff:fe63:1ff2,8443
2604:a880:1:4a::14a1:1000,443
2607:f130:0:162::588c:3a0a,443
2607:f130:0:14b:216:3eff:fe77:eb56,443
2607:f130:0:16c:216:3eff:fe19:663,443
2607:f130:0:172::f1d0:b823,443
2600:3c01::f03c:93ff:fe19:2139,443
2604:a880:4:1d0:0:1:23c9:8000,443
2604:a880:4:1d0:0:2:4633:9000,443
2607:f130:0:1d7:216:3eff:fe0d:e9c2,443
2607:f130:0:153:216:3eff:fe28:1619,443
2607:f130:0:19c:216:3eff:fe30:336f,443
2607:f130:0:152:216:3eff:fe36:51f9,8443
2a0d:6c2:6:11d::,2087
2607:f130:0:14d:216:3eff:fe17:2c04,443
2605:52c0:2:21fd:44c8:6cff:fec8:cbe9,2053
2602:f9a9:301:1c62::1,443
2607:f130:0:1a0:216:3eff:fe2b:a917,443
2607:f130:0:186::a5b3:b265,443
2607:f130:0:16a:216:3eff:feba:c619,443
2607:f130:0:14c::1311:8c90,443
2607:f130:0:150:216:3eff:feea:fa9f,443
2607:f130:0:145::b2a0:3bb0,443
2607:f130:0:190::d00d:acbe,443
2607:f130:0:14d:216:3eff:fe78:f59,443
2607:f130:0:14e:216:3eff:fef7:3bd2,443
2604:a880:1:4a::11a7:b000,443
2607:f130:0:190:216:3eff:fe04:eefb,443
2607:f130:0:153:216:3eff:fee3:158,8443
2607:f130:0:179::75ea:985e,443
2607:f130:0:1d7:216:3eff:fe6f:dddf,443
2600:3c01::f03c:93ff:fe19:21ee,443
2a0d:6c2:7:5f::,8443
2607:f130:0:140::bd1:9abf,443
2600:3c01::f03c:93ff:fe19:2149,443
2602:fa59:3:3cd::1,443
2604:a880:1:4a::1103:f000,443
2607:f130:0:14f:216:3eff:fec7:a91d,443
2607:f130:0:16b::9dea:7be5,443
2607:f130:0:190:216:3eff:fe24:27d2,443
2604:a880:4:1d0:0:2:4633:a000,443
2602:fa59:3:128::1,443
2607:f130:0:15a::20b6:7bb6,8443
2607:f130:0:15c::8221:2614,443
2607:f130:0:17f:216:3eff:fe63:8a7b,8443
2607:f358:1a:e::f912:28d4,443
2605:fe80:2b:111:1c00:dcff:fe00:97b,8443
2607:f130:0:166::fb65:6ae5,443
2001:19f0:6001:17f:5400:6ff:fe30:ae45,443
2607:f130:0:17d::4072:e1cf,443
2607:f130:0:18d::462d:8e74,8443
2604:a880:4:1d0:0:2:458:b000,443
2607:f130:0:14d:216:3eff:fe88:cea9,8443
2606:2040:3800:4c::32,443
2607:f130:0:190::8307:3e06,443
2607:f130:0:17f:216:3eff:fe80:b745,443
2a0d:6c2:6:378::,443
2604:a880:2:d1:0:1:2fad:d001,443
2604:a880:4:1d0:0:3:842:a000,443
2a13:7c00:3:18:f816:3eff:feae:3fb9,443
2607:f130:0:159::91e1:c95f,443
2607:f130:0:16b::9433:150e,443
2607:f130:0:17e::b32:afcb,443
2600:3c01::f03c:93ff:fe19:2103,443
2a0d:6c2:7:1a2::,8443
2607:f130:0:157:216:3eff:fe97:282b,443
2607:f130:0:187:216:3eff:fee4:92ac,443
2604:a880:4:1d0:0:2:4635:0,443
2a13:7c00:3:14:f816:3eff:fec0:7fb5,443
2a0d:6c2:6:84::,443
2607:f130:0:14f::979b:9a80,443
2607:f130:0:14f:216:3eff:fe37:cb36,443
2600:3c01::f03c:93ff:fe19:2185,443
2607:f130:0:140::d16e:263c,8443
2a13:7c00:3:18:f816:3eff:fe10:6e4,443
2a0d:6c2:6:ae3::,8443
2a01:7e03::2000:cff:fe3e:63ab,443
2602:fa59:9:f08::1,443
2607:f130:0:14f::94dc:16fa,443
2a0d:6c2:6:15e::,443
2606:2040:1000:7:be24:11ff:fe21:c8cb,8443
2607:f130:0:17d:216:3eff:fee4:4a85,443
2602:fa59:10:7ad::1,443
2607:f130:0:187::d973:4343,443
2604:a880:2:d1:0:1:5b12:a001,443
2607:f130:0:173:216:3eff:fe17:9fb,443
2a13:7c00:3:11:f816:3eff:fe5e:7a93,443
2602:fa59:3:4c6::1,8443
2604:a880:2:d1:0:1:2fad:b001,443
2a11:840:66:1b::9812:7e78,443
2607:f130:0:190:216:3eff:fe7b:6a7c,443
2a13:7c00:3:11:f816:3eff:fed6:9fec,443
2602:ffc8:4:b:2e6:73ff:fe57:1e0,8443
2602:fa59:10:7be::1,2053
2a09:bac1:76c0:28::4d0:65,443
2607:f130:0:14e:216:3eff:fec4:f519,8443
2602:fa59:3:659::1,2053
2602:fa59:10:2f6::1,443
2606:2040:1000:7:be24:11ff:fe29:6f3d,8443
2606:2040:1000:7:be24:11ff:feaa:2f05,8443
2604:a880:1:4a::14a1:d000,443
2604:a880:2:d1:0:1:2fae:1,443
2604:a880:4:1d0:0:1:3896:1000,443
2605:fe80:2b:111:1c00:12ff:fe00:9d6,8443
2001:19f0:6001:b8d:5400:4ff:fe15:ded2,443
2607:f130:0:131::16,443
2607:f130:0:18d:216:3eff:fea7:1464,443
2a0d:6c2:6:187::,2053
2a09:bac1:76a0:28::4d0:20,443
2001:19f0:6402:22:5400:5ff:fe5e:e565,443
2602:fa59:9:57b::1,443
2a13:7c00:3:23:f816:3eff:fe6c:a158,2053
2606:2040:1000:7:be24:11ff:fe32:9ebd,8443
2602:fa59:10:719::1,8443
2607:f130:0:140::5caa:3fd3,2053
2001:19f0:6401:18c:5400:6ff:fe35:69a4,443
2607:f130:0:199::1b4:91a5,443
2607:5500:3000:38f::2,443
2607:f130:0:152::e725:2f62,443
2606:2040:1000:7:be24:11ff:fe81:9e3e,2053
2604:a880:4:1d0:0:2:4633:2000,443
2603:3:6107:5670::,8443
2605:7980:0:6680::1,443
2607:f130:0:161::3759:acce,443
2607:f130:0:153:216:3eff:fe9c:dbe0,443
2001:19f0:6401:a40:5400:6ff:fe23:b7ac,443
2607:f130:0:111::e5,8443
2606:2040:1000:7:be24:11ff:fe98:95e4,8443
2605:7980:0:60e9::1,443
2607:5500:3000:153a::2,8443
2603:3:6102:6a60::,8443
2607:f130:0:198:216:3eff:fe8d:46ac,443
2a13:7c00:3:22:f816:3eff:fe35:772e,443
2a0d:6c2:6:b47::,443
2606:2040:1000:7:be24:11ff:fe52:3c5e,8443
2607:8700:5500:35ce::2,443
2607:f130:0:199::bb36:db40,443
2607:f130:0:131::40,443
2606:2040:1000:7:be24:11ff:fe5a:b451,443
2a13:7c00:3:12:f816:3eff:febb:9b31,443
2a0d:6c2:6:b81::,443
2a0d:6c2:6:3fb::,443
2a0d:6c2:6:1b9::,2053
2602:fa59:3:388::1,8443
2602:fa59:9:7e0::1,8443
2606:2040:1000:7:be24:11ff:fefe:ec11,443
2605:7980:0:615d::1,443
2604:a880:4:1d0:0:2:4634:3000,443
2606:2040:1000:7:be24:11ff:fe9a:c987,443
2602:fa59:3:70c::1,443
2a0d:6c2:6:1e3::,443
2607:f130:0:1a0:216:3eff:fe60:1f53,443
2a0d:6c2:6:b34::,8443
2604:a00:101:14:216:3eff:fe34:4284,8443
2607:f130:0:190:216:3eff:fedb:cf62,2053
2603:3:6101:c60::,443
2607:f130:0:19c:216:3eff:fe26:e2a0,443
2604:a00:101:1d:216:3eff:fe35:35df,443
2603:c020:1e:778e:0:2043:db71:ad95,443
2a01:4ff:1f0:f225::1,2083
2a01:4ff:1f0:17d6::1,443
2a01:4ff:1f0:1122::1,443
2a01:4ff:1f0:9512::1,443
2a01:8640:e::6834:49e2,443
2607:5501:3000:c23::2,443
2602:f9f3:0:2::25c,8443
2607:5501:3000:5fd::2,443
2607:5501:3000:cdb::2,443
2a0d:6c2:6:bc0::,443
2607:5501:3000:40a::2,443
2a01:4ff:1f0:e4ac::1,443
2607:5501:3000:6e0::2,443
2607:5501:3000:394::2,8443
2607:5501:3000:868::2,443
2602:f9f3:0:2::171,2053
2a0e:6901:201:8e:26a3:f0ff:fe49:6acc,443
2001:19f0:8000:4cc8:5400:6ff:fe5c:6dcd,443
2600:1f14:3d46:b100:7202:7b78:f8b2:8bef,443
2001:19f0:8000:1601:5400:6ff:fe67:1095,443
2001:19f0:8000:47ea:5400:6ff:fe0e:829d,443
2001:19f0:8000:4f9d:5400:6ff:fe60:4981,8443
2001:19f0:8001:1b44:5400:6ff:fe4b:f80a,443
2607:5501:3000:39a::2,443
2001:19f0:8000:47b7:5400:6ff:fe76:7f9b,443
2605:52c0:2:8d:be24:11ff:fe0e:d388,443
2001:19f0:8000:4032:5400:6ff:fe25:7c92,2053
2a01:4ff:1f0:6a30::1,443
2a09:bac1:7680:450::4ff:40,443
2600:1f14:3642:7300:8e26:a87b:f257:af4f,443
2001:19f0:8000:4a03:5400:6ff:fe3d:7814,8443
2001:19f0:5400:284c:5400:6ff:fe23:b83f,443
2600:1f14:380b:3d00:b3ae:836c:412c:4a66,443
2a09:bac5:cad0:1541::21e:ac,443
2600:1f14:5be:a900:a284:a2b0:10e1:dc8f,8443
2600:1f14:26c4:3e00:494b:8ed8:c1f5:e196,443
2607:5501:3000:2a0::2,8443
2620:b9:e000:101::7d,443
2604:a880:4:1d0:0:1:23c9:a000,443
2001:19f0:8001:cea:5400:4ff:fe9d:f3a3,8443
2600:1f14:1fb:fb00:5a9b:b2cd:603a:59af,443
2600:1f13:e6d:1c00:275c:e4b1:2e22:d417,443
2600:1f14:1eab:8f00:7405:b0d3:dc0e:f8a5,443
2607:5501:3000:6ce::2,443
2604:180:1:71e::e453,443
2001:19f0:8001:1c0a:5400:5ff:fe9f:6f2b,443
2001:19f0:8001:bf5:5400:6ff:fe16:7b2e,8443
2605:6f06:2000:80::50,443
2600:1f13:644:5100:b284:949e:7442:f359,8443
2605:e440:3e::1e3,2083
2a00:b703:fff2:42::1,443
2600:1900:4040:2d::,443
2a0c:9f00:a000:9e01::1,443
2001:19f0:b400:14b1:5400:4ff:fe9e:1112,8443
2a0c:9f00:a000:14ea::1,443
2605:8340:0:b:0:1a:0:a,8443
2001:19f0:b400:1eeb:5400:4ff:fea6:69df,8443
2602:f9f3:0:2::105,8443
2607:5501:3000:b8f::2,443
2a09:bac5:cad3:154b::21f:106,443
2605:e440:24::1:26a,443
2a01:e5c0:91e9::2,443
2a01:e5c0:9397::2,443
2001:df2:c740:600::8219:a97a,443
2a01:e5c0:9aa7::2,443
2a01:e5c0:96eb::2,443
2a01:e5c0:f069::2,443
2a01:e5c0:926b::2,2053
2a01:e5c0:99f4::2,443
2a01:e5c0:9dc7::2,8443
2a01:e5c0:9f78::2,8443
2a01:e5c0:975f::2,443
2a01:e5c0:9a22::2,443
2a01:e5c0:9408::2,443
2a01:e5c0:9608::2,8443
2602:f7a3:0:a300::a,443
2a01:e5c0:9137::2,443
2a01:e5c0:94d8::2,2053
2a01:e5c0:9196::2,443
2a01:e5c0:96fa::2,8443
2001:19f0:b400:2105:5400:5ff:feb4:f9b0,8443
2a01:e5c0:f06f::2,2053
2a01:e5c0:9477::2,2053
2a01:e5c0:91ef::2,2053
2a01:e5c0:97ad::2,2087
2607:5d40:1000:1::e9,443
2001:19f0:9002:50e:5400:6ff:fe23:b7de,443
2a01:e5c0:92ec::2,443
2a01:e5c0:9e7b::2,443
2a01:e5c0:98f6::2,8443
2a01:e5c0:920b::2,2053
2a01:e5c0:9f3f::2,443
2a13:7c00:8:15:f816:3eff:fe96:c643,8443
2a01:e5c0:9973::2,8443
2604:240:1:5::49,443
2a01:e5c0:96e3::2,443
2602:fea7:10:10:8000::52,8443
2602:fb54:1400::104,2087
2001:19f0:9003:4d3:5400:5ff:fe04:54e8,8443
2606:2040:140:ea:be24:11ff:fe09:5a7f,443
2a0b:4342:1a32:1ca:26a3:f0ff:fe4a:d143,443
2606:2040:140:ea:be24:11ff:febf:a110,8443
2605:c000:4030:7::22e2:ad14,443
2001:19f0:b400:2953:5400:6ff:fe23:b66b,443
2a01:e5c0:959c::2,443
2605:a141:2293:4007::1,443
2605:a140:2338:9957::1,2053
2a01:4ff:f0:6a42::1,2053
2606:fb40:802:1000::31b,443
2a01:e5c0:93bf::2,8443
2604:3d08:1:1d:c148:da8d:9f58:59bb,8443
2606:2040:140:32::7,443
2606:2040:140:ea:be24:11ff:fe19:ed9a,443
2604:9a00:1:113:1c00:53ff:fe00:b1f,2083
2605:a141:2291:3220::1,443
2a01:4ff:f0:2d6e::1,443
2001:19f0:5c00:175c:5400:6ff:fe74:9c2d,8443
2604:9a00:1:107:1c00:33ff:fe00:46d,2053
2607:adc0:6:8a::94d5,8443
2a13:7c00:8:22:f816:3eff:fe2b:c8b9,443
2605:c000:4030:6::8987:ca7,443
2a13:7c00:8:22:f816:3eff:fe4f:653a,443
2604:abc0:50::a005,443
2a01:4ff:f4:9ef4::1,2083
2a01:e5c0:96cd::2,443
2605:a141:2349:938::1,443
2606:2040:140:22::33,8443
2604:9a00:1:114:1c00:f6ff:fe00:bea,2083
2a0a:4cc0:2000:269:247c:38ff:fe6f:a84,443
2a13:7c00:8:9:f816:3eff:fe70:72fc,443
2a0a:4cc0:2000:a62e:3852:deff:feb5:58d1,443
2a0a:4cc0:2000:bbe5:d898:c3ff:fe46:55a9,443
2a13:7c00:8:11:f816:3eff:fece:598c,2053
2604:a880:6:7::7f9:0,443
2a01:4ff:f0:f37d::1,443
2600:3c06::2000:3dff:fe38:3756,8443
2605:c000:4030:9::ab16:3cd0,8443
2a13:7c00:8:21:f816:3eff:fe22:c69b,443
2a0a:4cc0:2000:7560:28f6:ff:febe:4e5b,2096
2a0a:4cc0:2000:30ea:3417:edff:fe74:e317,8443
2a0a:4cc0:2000:228:b892:d9ff:feb5:7fbe,443
2a0a:4cc0:2000:c8f4:a836:dfff:fea3:91ef,443
2606:2040:140:32::6,443
2a0a:4cc0:2000:241:6428:6eff:fea4:262a,443
2001:19f0:5c01:ea4:5400:5ff:fe5e:c999,443
2a01:7e04::f03c:95ff:fe36:93b7,443
2a0a:4cc0:2000:22e:e8f7:3bff:fec5:5b14,443
2a0a:4cc0:2000:237:78da:27ff:fe7f:dcd4,443
2a0a:4cc0:2000:1e4:a809:dcff:fe06:dba6,443
2001:470:7:2b6::2,2083
2600:1f18:553b:3200:e309:d1ad:5ba:dc18,443
2a04:c300:1000::3b1,8443
2605:a140:2348:1781::1,8443
2600:1f10:47f9:6a00:e6c8:b5a4:4f1a:6329,443
2602:fafd:f50:9c::a,2053
2603:c020:4013:7a7e:fdcd:bcf2:ae6a:3a94,443
2604:9a00:1:117:1c00:f7ff:fe00:ee2,2083
2603:c020:401e:9700:0:97e2:146d:1e01,443
2a01:4ff:f0:6dba::1,8443
2a0a:4cc0:2000:267:9836:b3ff:fe63:e052,443
2606:2040:140:2f::3,2053
2a01:7e04::2000:7cff:fed9:9017,443
2604:9a00:1:114:1c00:fdff:fe00:beb,2083
2600:1f16:1504:3100:a71:31a0:941b:d7cc,443
2a0a:4cc0:2000:7a3e:b4f7:adff:fe15:fa00,443
2600:1f18:1970:b00:200:2f49:66b8:3eac,443
2605:a144:2308:9877::1,443
2a0a:4cc0:2000:c459:b4f2:acff:fe59:a026,443
2a01:4ff:f4:ce54::1,8443
2a0a:4cc0:2000:1e6:58b6:ecff:feeb:94e9,443
2604:9a00:1:119:1c00:c4ff:fe00:108d,2053
2604:a880:400:d1:0:4:2bc7:9001,443
2001:19f0:4000:138b:5400:6ff:fe5d:b55f,8443
2604:a880:800:14:0:1:ead1:b000,443
2a0a:4cc0:2000:2fdf:58c3:d0ff:feeb:3ee9,443
2600:3c03::2000:4cff:fef0:137c,443
2604:2dc0:101:200::d21,8443
2604:a880:800:14:0:1:8fce:7000,443
2600:1700:dc30:a10:8952:e056:a58:16af,443
2604:a880:400:d1:0:3:9ad4:e001,443
2604:a880:800:14:0:2:e387:2000,443
2605:e440:6::1:1a6,443
2600:1700:b2f2:8100::25,443
2603:c020:4022:2400:0:6291:261:7501,443
2a12:bec0:68f:3f2::,443
2a12:bec0:68f:1e2::,443
2604:2dc0:101:200::301f,443
2604:a880:0:202a::f3f9:f000,443
2602:fa59:6:24f::1,8443
2607:f2d8:8416:1012::a,443
2604:a880:0:202a::f3fa:7000,443
2600:1f16:d85:e800:f0f5:8e11:8669:dd3c,443
2600:3c04::2000:adff:fec0:e62e,2053
2602:fa59:6:31c::1,443
2604:a880:400:d1:0:4:2bc7:c001,443
2604:a880:800:14:0:2:fe41:4000,443
2001:19f0:5:3390:5400:2ff:fe46:b195,443
2605:6f01:2000:1b6::a450:6b3e,443
2600:3c03::2000:9aff:fe5a:5694,2083
2605:6f01:2000:11f::1565:4e46,443
2001:19f0:1000:ca77:5400:4ff:fed1:98bc,443
2605:e440:6::1:2e5,443
2605:6f01:2000:14::1b0,443
2602:fa59:6:46d::1,8443
2602:fa59:6:198::1,443
2604:180:2:143::68ac,8443
2605:6f01:2000:1b3::4c66:1051,443
2602:fa59:6:302::1,2053
2604:a880:800:10::e24:c001,443
2604:a880:400:d1:0:4:7db3:3001,443
2602:fa59:6:3e0::1,8443
2a13:7c00:8:11:f816:3eff:fe10:b57d,443
2001:19f0:4000:124d:5400:6ff:fe37:395a,443
2604:a880:400:d1:0:4:2bc7:b001,443
2603:c021:4:9a88::1016,443
2001:470:c:201::2,2083
2a13:7c00:8:11:f816:3eff:fe71:5fba,443
2001:470:1f06:36::2,443
2001:19f0:5:5d35:5400:3ff:fe21:c1d8,443
2402:d0c0:12:69f7::1,8443
2604:a880:400:d1:0:4:2bc7:7001,443
2001:19f0:b002:697:5400:6ff:fe21:2247,8443
2605:52c0:2:53a6:be24:11ff:fed7:5354,443
2600:1f16:4ae:9400:93bc:b2c8:6dd0:2a3b,443
2a12:bec0:68f:60b::,443
2602:fa59:6:179::1,443
2604:a880:800:14:0:1:8fcf:6000,443
2602:fa59:6:96::1,8443
2a12:bec0:68f:60e::,443
2603:c021:4:9a88::1020,443
2806:2ea::252,443
2604:a880:400:d1:0:3:9ad5:1,443
2001:19f0:5:4020:5400:5ff:fe89:a177,8443
2a14:67c3:12:72::a,443
2603:c021:5:8c88::1006,443
2604:9a00:1:10a:1c00:d3ff:fe00:76d,443
2604:a880:400:d1:0:3:4cec:1,443
2a12:bec0:68f:81f::,443
2604:a880:0:1010::14:1,443
2604:4500:9:3d:1c00:e0ff:fe00:67c,8443
2604:2dc0:208:1800::,443
2604:a880:400:d1:0:4:2e9:e001,443
2604:2dc0:303::4:0:10f,443
2604:a880:800:14:0:2:d28:4000,443
2604:a880:800:14:0:1:eacd:4000,443
2a12:bec4:1b73:7c19::1,443
2604:a00:50:1dc:216:3eff:fe32:24cf,443
2001:19f0:1000:7172:5400:4ff:fea2:16ff,8443
2604:a880:400:d1:0:4:2bc7:e001,443
2605:6f01:2000:1b6::7c13:a233,443
2a13:4ac0:18:2:f816:3eff:fe61:a399,2053
2001:19f0:1000:71a7:5400:5ff:fe4e:fde9,443
2a0a:8c47::e2,443
2603:c021:5:8c88::825,443
2001:19f0:4000:14d1:5400:6ff:fe50:6e8c,443
2604:a880:800:14:0:2:d26:e000,443
2605:6f01:2000:14::161,443
2a09:bac5:a5f9:1ec8::311:af,443
2001:19f0:5:5935:5400:3ff:fee0:ed57,8443
2001:19f0:5:6f11:5400:1ff:fe88:1fe,443
2604:a880:400:d1:0:3:86fb:5001,443
2603:c021:5:8c88::1008,443
2604:2dc0:222::49f,8443
2a0c:9a40:9210:2:be24:11ff:fe86:aeb0,443
2603:c021:4:9a88::1018,443
2605:6f01:2000:1bf::c7fa:aca9,443
2604:a880:400:d1:0:4:2bc8:7001,443
2602:ffd5:600:2::2,8443
2604:a880:400:d1:0:4:8ea3:3001,443
2604:a880:800:14:0:2:d28:1000,443
2604:a880:0:202a::f3fa:5000,443
2605:6f01:2000:14::d1,443
2a12:bec4:1b77:7baf::1,8443
2a09:bac5:a6f1:6e::b:241,443
2603:c021:4:9a88::1022,443
2600:4809:21f1:8400:da9e:f3ff:fe98:27e8,443
2604:a00:50:43:216:3eff:fe35:e2db,8443
2604:a880:800:14:0:2:ef16:d000,443
2607:5300:205:200::938c,8443
2604:a880:400:d1:0:4:89b2:1,443
2604:a880:0:202a::f3fa:1000,443
2604:a880:800:14:0:2:d28:3000,443
2602:fa5d:1::9a,2053
2604:a880:0:202a:0:1:28c2:e000,8443
2600:4040:9474:2200::1e9e,443
2604:a880:cad:d0:0:1:47f9:b001,443
2607:5300:60:146e::,443
2001:19f0:6:24b:5400:6ff:fe17:3f3d,443
2604:a880:400:d1:0:3:9ad4:f001,443
2604:a880:cad:d0:0:1:47f9:f001,443
2a13:4ac0:18:6:f816:3eff:fe49:317,8443
2607:5300:205:200::c87,8443
2a10:c800:401:ee1c::1,443
2604:a880:0:202a::f3fa:2000,443
2607:5300:205:200::9041,443
2604:a880:cad:d0:0:1:47f9:a001,443
2604:a00:50:210:216:3eff:fe2f:965d,443
2607:5300:205:200::78d6,8443
2607:5300:203:28dc::1,8443
2607:5300:205:200::6544,8443
2a12:bec4:1b7d:a3d5::1,443
2607:5300:400:fa00:32f2:f559:344b:5fab,2087
2604:a880:400:d1:0:4:8ed2:4001,2053
2604:a880:cad:d0:0:1:47fb:2001,443
2604:a880:cad:d0:0:1:862f:a001,443
2607:5300:205:200::66a6,8443
2a12:bec4:1b70:7ff7::1,443
2601:410:8700:e4f0:ded8:7cff:fe27:dd67,443
2605:6f01:2000:14::bd,443
2604:a880:cad:d0:0:1:47f9:e001,443
2604:a880:cad:d0:0:1:163c:d001,443
2602:fa5d:1::65,443
2604:a880:800:14:0:2:d28:2000,443
2a12:bec4:1b71:f0d8::1,8443
2602:fa59:4:359::1,443
2a13:9500:15f::1b,443
2a13:9500:15f::17f,443
2001:19f0:7001:3d17:5400:6ff:fe67:1461,443
2406:ef80:4:3d25::1,2083
2a12:e100:25:e925:9140:7749:305b:e284,2087
2401:c080:1000:3883:5400:6ff:fe79:2e22,443
2001:19f0:7001:395d:5400:6ff:fe00:161e,443
2401:c080:1000:27ca:5400:6ff:fe20:f69a,443
2601:40f:4000:3970::1,2053
2407:cdc0:800c::83,443
2001:19f0:7002:11b4:5400:6ff:fe60:baf3,443
2a12:bec0:689:10d4::,443
2a12:bec0:165:28c::,443
2401:c080:1000:260a:5400:6ff:fe2a:df2f,443
2400:8902::f03c:93ff:feb1:3dc5,443
2407:cdc0:800c::81,443
2401:c080:1000:3db8:5400:6ff:fe74:677e,443
2403:18c0:1000:4e3:b0e2:6eff:fe6c:91fa,443
2a0a:d687:f004::af,443
2403:18c0:1001:2d8:b4f0:b9ff:fe23:9f0b,443
2401:c080:1000:18df:5400:6ff:fe6c:5af7,443
2a12:bec0:166:2cc::,8443
2602:f3f2:77:2276:44aa:37f7:77f7:786d,8443
2403:18c0:1000:1f3:549d:32ff:feb5:ceff,8443
2401:c080:1000:27c9:5400:6ff:fe5d:4066,443
2001:19f0:7002:a35:5400:6ff:fe3c:eea8,443
2a0a:d687:f004::8,443
2401:c080:1000:310e:5400:6ff:fe77:955b,443
2602:f3f2:71:b925:bbf9:92ae:938f:a59e,8443
2401:c080:1000:4ec9:5400:6ff:fe5d:9eaf,443
2602:f3f2:cf:4b83:fe49:1e7d:3975:6cee,443
2401:c080:1000:125a:5400:5ff:fed2:907c,443
2a0e:97c0:3f4:1::1616,443
2602:f3f2:c1:43d:5de:54a7:8a6a:63dc,8443
2403:18c0:1000:45f:be24:11ff:fef6:c196,443
2400:8902::2000:f7ff:feb0:af46,443
2401:d560:0:107:1c00:aaff:fe00:59d,443
2a0e:97c0:3f4:1::391,443
2401:c080:1000:2ff9:5400:6ff:fe4a:884b,443
2602:fa4f:b00:3f71:9e7:4878:9368:dfaa,443
2403:18c0:1000:4a6:8060:84ff:fe69:d707,443
2602:f3f2:c4:7af2:d381:a61e:d9fd:3e21,443
2401:a660:1002:a39::961,443
2a09:bac5:442c:dc::16:22a,443
2a12:bec0:165:444::,443
2602:f3f2:cf:e677:8b7c:1ce2:84f4:db31,443
2406:da14:3c:b002:cba4:4a34:6401:51ad,443
2401:b60:37:ad5::1,2053
2401:c080:1000:3ea4:5400:6ff:fe74:f34a,443
2403:18c0:1000:48b:be24:11ff:fe0c:6c79,443
2603:c021:8013:2700:1a90:7b03:164f:58a4,443
2602:f8c0:8:1001:be24:11ff:fe83:239d,443
2401:c080:1000:2aad:5400:6ff:fe4f:afd7,443
2406:da14:3c:b002:44cc:7e3c:300e:b30d,443
2401:c080:1000:30be:5400:6ff:fe7e:3e88,443
2400:8902::f03c:91ff:fe69:2968,443
2406:da14:3c:b002:1bc4:adcc:db56:f119,443
2a12:bec0:165:3e5::,443
2602:f8c0:8:1001:be24:11ff:fe09:31b9,443
2401:c080:1000:2d60:5400:6ff:fe22:f6de,443
2401:c080:1000:2f8a:5400:6ff:fe35:3ec0,443
2401:c080:1000:27a0:5400:6ff:fe6f:e58e,443
2602:fa4f:b00:55bb:b520:e0ae:f145:62ed,443
2406:da14:3c:b000:6243:ef8b:4de8:85f,443
2602:f3f2:c3:aa32:6ea1:eb50:a72a:916,8443
2401:c080:1000:2fb9:5400:6ff:fe54:3d79,443
2406:da14:3c:b001:f79b:9d8d:10ed:dd1a,443
2403:18c0:1000:4e5:be24:11ff:fe3b:f7c1,443
2001:19f0:7001:54a5:5400:6ff:fe6e:9aee,8443
2401:c080:1000:22ae:5400:6ff:fe40:a3d7,443
2406:da14:3c:b000:71c4:8f6:9074:5c64,443
2001:19f0:7001:35ad:5400:5ff:fe0d:b300,443
2406:da14:3c:b002:59fe:ab29:4a48:df35,443
2406:da14:3c:b000:eeb2:cc64:8b7b:6ad2,443
2001:19f0:7002:147:5400:4ff:fef1:483b,2053
2a12:bec0:166:13d::,443
2603:c021:8006:ae10:0:13b2:10b7:df6b,443
2602:f3f2:c5:7746:269c:6d47:345e:6058,443
2403:18c0:1000:4e2:8839:aff:fea9:252f,443
2001:19f0:7001:38d5:5400:6ff:fe69:6b78,443
2401:c080:1000:3a4e:5400:6ff:fe71:8c0c,443
2406:da14:3c:b000:15d0:e51d:fd12:711f,443
2a12:bec0:165:225::,443
2602:f3f2:c1:aeb3:1d47:4104:ba9b:77d7,443
2406:da14:3c:b002:61d2:bc30:d31b:de9,443
2406:da14:3c:b001:7a7c:32f6:9225:fb38,443
2401:d560:0:107:1c00:82ff:fe00:4e9,2053
2603:c021:8005:fbee:0:10a2:5590:56f1,2083
2406:da14:3c:b002:9bae:7336:9b4e:f341,443
2406:da14:3c:b002:b9f3:c431:ff9a:6cf3,443
240d:c000:f06f:8f00:78b2:ab3a:6efe:0,443
2600:3c18::2000:4bff:fe8b:f4a0,443
2600:3c18::2000:fff:fe34:fe37,443
2401:c080:1000:1723:5400:5ff:fef7:57a8,8443
2406:da14:fc6:3d00:3741:20e1:d50b:2a,443
2406:da14:3c:b002:9af:2893:b205:a8ec,443
2406:da14:3c:b000:9041:30dc:b09:fd18,443
2406:da14:fc6:3d00:cc4a:973a:422b:f14,443
2602:f3f2:cb:c2ee:aa4c:f56:1e2e:7d5c,443
2600:3c18::2000:3aff:fe07:80b5,443
2401:c080:1000:186e:5400:6ff:fe1d:82fd,443
2001:19f0:7001:3a3:5400:6ff:fe53:f951,443
2602:f3f2:cf:e68:fca8:5a66:6b1c:cfff,443
2406:da14:3c:b002:3309:f254:eba5:51f5,443
2001:19f0:7002:6bf:5400:6ff:fe52:bb59,443
2a14:640:1:cf5::1,8443
2401:c080:1000:4d3e:5400:6ff:fe49:f13,443
2401:c080:1000:1e2d:5400:6ff:fe54:d402,443
2602:f3f2:cf:dbdc:cfd:91d1:5c7d:8ef0,443
2406:da14:3c:b000:2e0f:2a77:e716:824c,443
2a06:a880:3:35e::1,443
2401:c080:1000:1790:5400:6ff:fe11:2a34,443
2400:38e0:1:4014::b,443
2406:da14:3c:b002:6de1:e84c:a501:fa5e,443
2406:da14:3c:b001:2256:4484:336e:62dd,443
2602:f8c0:8:1001:be24:11ff:fe98:6e84,443
2401:c080:1000:2531:5400:6ff:fe52:c4bc,443
2602:f8c0:8:1001:be24:11ff:fe30:6647,443
2406:da14:3c:b000:9916:4182:8124:965,443
2401:c080:1000:3407:5400:6ff:fe79:7e4f,443
2a14:640:1:c46::1,443
240d:c000:f06f:8e00:72a2:346:3460:1,443
2406:da14:3c:b001:383e:1364:f439:6141,443
2401:c080:1000:21aa:5400:6ff:fe37:893c,443
2403:18c0:1000:4ac:6c09:69ff:fe3a:1f6e,443
2401:c080:1000:3e71:5400:6ff:fe74:e366,443
2401:c080:1000:144e:5400:6ff:fe26:ca1a,443
2603:c021:8007:93ee:16f6:3c5:748b:3594,443
2403:18c0:1000:2d5:e836:42ff:fe61:8a2a,8443
2406:da14:3c:b001:f3bf:8d36:bf25:381a,443
2a09:bac5:4301:dc::16:164,2083
2406:da14:3c:b001:ab53:aed5:b7b0:6a5d,443
2406:da14:ec3:fe00:c7f6:ca18:612f:48c3,8443
2a12:e100:25:b29:ee54:f7bb:a27f:c73b,443
2406:da14:af3:6900:fcc2:8d90:79e4:9714,443
2602:fa4f:b00:8152:5745:da91:2540:57cb,443
2406:da14:3c:b002:971c:2cc4:b065:fb7,443
2400:8902::2000:a9ff:fef1:40fa,443
2a0e:97c0:3f4:1::18f6,443
2603:1040:401:c::39c,443
2602:fa4f:b00:c69a:2bd9:4fd9:edfb:10c3,443
2403:18c0:1001:442:3cbe:c7ff:fe1a:97b7,443
2406:da14:3c:b000:d97a:5b64:cade:ff51,443
2401:c080:1000:2846:5400:6ff:fe68:5fcf,443
2401:c080:1000:35f1:5400:6ff:fe76:7be8,443
2603:c021:8021:e6a3:0:3586:29cd:68eb,443
2406:da14:3c:b002:d8c:a375:504c:b3ed,443
2a0f:1cc6:b221:1:ee65:5170:b062:be25,443
2406:da14:3c:b002:748f:b09:6dc8:b26b,443
2603:c021:8004:c97e:3342:d172:b356:51e4,443
2406:da14:3c:b001:32ee:d830:f67d:c56f,443
2406:da14:138f:e900:e92f:f665:b90f:cc89,443
2406:da14:1ec3:b700:c280:1b15:70b6:5f42,443
2401:c080:1000:2dcc:5400:6ff:fe45:549a,443
2a14:640:1:4f65::1,443
2a13:edc0:21:ddb3:cbd5:d460:a571:e27f,443
2406:da14:3c:b002:d936:2a9e:d8db:e2d3,443
2001:19f0:7001:5261:5400:5ff:fee6:7a22,8443
2602:f3f2:c4:5f42:9759:4966:5ff1:222,443
2a12:bec0:689:117f::,443
2406:da14:3c:b000:15f9:74d9:f607:88c4,443
2600:3c18::2000:36ff:feb8:3d5d,443
2406:da14:3c:b000:9c40:879e:34f4:9033,443
2406:da14:ea7:be00:4ae7:52cc:6388:fb9b,443
2406:da14:529:8100:e37e:9eb1:6774:ad89,443
2a12:bec0:167:12bc::,443
2a12:e100:25:5155:843d:2820:22c0:4585,443
2001:19f0:7001:ac1:5400:4ff:fe39:38a4,443
2406:da14:3c:b000:d74e:6591:a6e2:c59c,443
2a0e:97c0:3f2::164,443
2406:da14:3c:b000:c1b6:e44c:b9cf:7957,443
2401:c080:1000:1c72:5400:6ff:fe22:33d4,443
2406:da14:1144:d400:9395:33d6:93a0:2305,443
2406:da14:1b7c:eb00:110f:3969:f8:a83e,443
2406:da14:3c:b000:e224:6c49:ea6b:5e78,443
2401:c080:1000:1315:5400:5ff:feee:e2bd,8443
2406:da14:c90:cf00:fc8e:9135:e76c:9d86,443
2602:fa4f:b00:c4bf:83af:bff4:8e2e:d21a,443
2406:da14:3c:b002:e943:e2d3:2f29:3543,443
2401:c080:1000:2fac:5400:6ff:fe24:306,443
2406:da14:3c:b002:519f:c7e2:56f:5aa1,443
2406:da14:3c:b002:9ed1:ab6d:47ed:93ab,443
2406:da14:3c:b001:1b8:7e67:82c8:dd86,443
2603:c021:8010:ddee:6ab0:3d88:751d:c36d,443
2406:da14:4e2:2c00:ce35:1e9e:fe80:ca2d,443
2406:da14:3c:b002:1c7d:8990:7e7c:80d7,443
2400:8902::2000:87ff:fe16:50a,443
2406:da14:3c:b000:3a85:c139:1d85:aa3d,443
2403:18c0:1000:4ec:6ce5:30ff:fecb:8dff,443
2406:da14:3c:b002:a6d4:21c5:2ad7:c5cd,443
2406:da14:3c:b000:1f3f:432f:54ed:369c,443
2406:da14:9e6:c869:91a1:a8b4:ba91:437b,443
2a0a:d687:f005::3b,443
2603:c021:8023:d600:0:741c:42b2:d278,443
2406:da14:3c:b002:967d:d86a:6661:4e3f,443
2400:8902::f03c:93ff:fef8:ab7b,443
2600:3c18::2000:b7ff:feee:ec9b,443
2a0f:1cc6:b221:1:a3e6:d6e1:2309:8dfd,443
2406:da14:3c:b000:ad2b:d4c3:248e:7727,443
2001:19f0:7001:2eb1:5400:6ff:fe5c:6d27,443
2a12:bec0:165:1bd::,443
2403:18c0:1000:387:7817:10ff:fe99:3139,443
2401:d560:0:107:1c00:66ff:fe00:56e,443
2a03:f80:81:a33e::1,8443
2a14:640:1:6418::1,443
2a12:bec0:167:1331::,443
2406:da14:3c:b000:10e:4e6c:e4c0:3bc1,443
2a12:e100:25:bcdd:d21c:9a23:3626:173d,443
2602:fa4f:b00:1d65:2ec1:9936:2053:d9ce,443
2403:18c0:1000:38e:58c8:cbff:fe1a:d9b6,443
2406:da14:3c:b000:77bc:7df7:841:9b82,443
2603:c021:8021:8701:0:ff11:c5e7:ab55,443
2406:da14:3c:b001:ea04:73ff:3c0c:efac,443
2001:19f0:7002:460:5400:6ff:fe68:bca4,443
2602:fa4f:b00:c475:6480:c1a7:ea5e:b954,443
2406:da14:1b29:f500:479c:1831:353b:1f4f,8443
2602:fa4f:b00:aa93:7f05:d89c:8539:4d91,443
2406:da14:15c5:fe00:3b68:e52f:6035:58f5,2083
2400:8902::f03c:93ff:fe75:7fd1,443
2406:da14:151f:c200:dd88:9df9:ffab:daba,443
2602:fa4f:b00:4197:199a:c88c:68ff:1fc0,8443
2406:da14:3c:b000:1982:a86:b64:e448,443
2406:da14:100b:f00:bca2:83a5:607c:725f,443
2403:18c0:1000:4b2:60ca:65ff:fe2e:bbeb,443
2602:f3f2:cc:1735:b5ac:6f49:51a0:e7d1,443
2001:19f0:7001:5e65:5400:6ff:fe3b:dafb,443
2a09:bac1:3b40:138::16:21c,2053
2406:da14:3c:b002:612e:ccc5:86cf:c413,443
2001:19f0:7001:32e7:5400:6ff:fe46:43e1,443
2407:cdc0:800c::84,443
2406:da14:3c:b001:c793:ef5f:b177:3616,443
2602:fa4f:b00:57bc:4ab6:46dd:a9e3:f200,443
2406:da14:3c:b002:87dc:153b:2d5b:7b28,443
2602:fa4f:b00:4f9c:e87e:e3f7:344e:73b,443
2406:da14:3c:b001:262e:ef4c:ffa2:39ff,443
2406:da14:3c:b001:73b0:a3ab:b068:493b,443
2400:d320:2348:1754::1,2087
2602:f3f2:ce:7fed:3e55:2382:22eb:2673,443
2406:da14:3c:b001:44d5:d1db:5ccd:7551,443
2406:da14:3c:b002:b859:b400:7c61:ef5,443
2406:da14:3c:b002:d255:6732:cec2:3861,443
2401:c080:1000:2d7d:5400:6ff:fe6d:10e9,443
2406:da14:3c:b001:5341:6d16:569a:e713,443
2406:da14:18f7:ff00:30f8:301a:1ab5:7a8f,443
2406:da14:3c:b001:7b04:998c:6d74:30aa,443
2406:da14:3c:b000:aab8:975a:8340:ba8f,443
2406:da14:3c:b002:44a4:81dd:4fdc:c2e,443
2406:da14:1119:a800:10f8:4e08:a6ed:e7d5,443
2001:19f0:7002:5d7:5400:6ff:fe5d:257,8443
2406:da14:11a4:2f00:bc72:4c37:7dc8:3bfb,443
2401:c080:1000:25a0:5400:6ff:fe54:5ea2,443
2406:da14:18d8:3600:3665:7189:e564:dd9a,443
2406:da14:3c:b000:32e8:5f81:cc4a:6ea0,443
2406:da14:3c:b002:eda6:37f1:6ec7:a937,443
2406:da14:16a4:8400:ee9c:23a9:70f6:7b8b,443
2406:da14:16:8900:5683:d1ec:68b8:dca7,443
2406:da14:3c:b002:8b0d:70df:654e:3538,443
2401:c080:1000:4c73:5400:6ff:fe6f:7112,443
2400:8902::2000:a0ff:fe88:1cc1,443
2401:c080:1000:37d9:5400:6ff:fe77:5b9d,443
2406:da14:c9a:a000:b985:da5b:5fcd:ca78,443
2401:a660:1001:e79::286,443
2406:da14:3c:b001:bab1:1701:8e51:6231,443
2406:da14:3c:b001:40ef:8d16:dffc:8d94,443
2406:da14:db1:5500:bae7:20a1:38ad:1d98,443
2406:da14:3c:b000:2cb1:2983:6a8b:d316,443
2403:18c0:1000:71:5401:98ff:fea6:8039,443
2406:da14:3c:b000:69c1:da03:6016:9b5f,443
2401:c080:1000:15f9:5400:6ff:fe61:d4b0,443
2a13:edc0:18:38::a,443
2a12:bec0:166:28b::,443
2406:da14:3a7:dc00:c786:ed17:7a5b:69c4,443
2401:d560:0:106:1c00:dbff:fe00:340,2053
2a12:bec0:164:118e::,443
2401:c080:1000:2deb:5400:6ff:fe24:2f10,8443
240d:c000:f06f:8d00:3aea:6136:9868:0,443
2406:da14:3c:b002:f26d:e90b:b7a6:41e0,443
2406:da14:3c:b001:4436:c468:3083:b7d1,443
2001:470:23:95a::2,443
2001:19f0:7002:c50:5400:4ff:feaf:87e5,443
2a0e:97c0:3f2::115,8443
2a12:bec0:165:2b0::,443
2602:f3f2:c6:ffe2:8070:fbed:aff4:320d,443
2406:da14:fc6:3d00:5b93:b1bf:385a:64e5,443
2403:18c0:1000:485:be24:11ff:fe7c:d7f,443
2406:da14:3c:b000:7e93:f14a:a1a:bfc0,443
2401:c080:1000:2d6b:5400:6ff:fe3a:3253,443
2406:da14:344:7000:762f:9904:e67a:319b,443
2403:18c0:1000:46b:be24:11ff:feeb:f647,443
2406:da14:3c:b000:70bc:dd5a:9a20:d21,443
240d:1a:9fa:1500:cf8:1c37:e804:73b3,443
2406:da14:14c7:bb00:ff0c:ef67:33f2:a9cf,443
2600:3c18::2000:13ff:fe84:c3a6,443
2406:da14:3c:b000:d5b3:7b4b:fa55:fefc,443
2406:da14:95a:5c00:39b8:beb2:9a9f:6b6b,443
2400:8d60:10::2300:fed5,443
2406:da14:3c:b000:5830:8d4:9434:357d,443
2a14:640:1:cf5::1,443
2400:8d60:10::dc5e:3cec,443
2406:da14:3c:b000:1f0a:4a87:c7a5:a476,443
2406:da14:3c:b000:13d0:799f:5970:2b72,443
2406:da14:3c:b002:e8ab:79a:108d:73aa,443
2401:c080:1000:2bff:5400:6ff:fe3e:4e6a,443
2603:c021:8021:f9aa:0:ded5:aa2c:2ce6,443
2a12:4041:7:21::a,443
2401:c080:1000:10d7:5400:6ff:fe54:d711,8443
2406:da14:3c:b001:2052:1d4c:4e0c:6781,443
2406:da14:3c:b002:db99:18a4:54c6:5fe7,443
2400:8902::2000:12ff:fe12:85b6,443
2a12:bec0:689:10b4::,443
2602:f864:229:2d::a,443
2401:c080:1000:38c5:5400:6ff:fe70:fab7,443
2400:d320:2320:2413::1,8443
2406:da14:3c:b001:ce30:689c:1f15:1c46,443
2406:da14:3c:b002:2022:fc07:f743:27a9,443
2401:c080:1000:389d:5400:6ff:fe79:876b,443
2401:c080:1000:11f8:5400:6ff:fe45:212d,443
2a0f:9400:7393:1f::9a,8443
2406:da14:3c:b001:ac09:444:78e6:e4bd,443
2602:fa4f:b00:c86a:8661:cba8:28a4:69c,443
2406:da14:3c:b002:b9fe:1c2e:bb69:eac4,443
2a09:bac1:3b60:10::16:21e,443
240d:c000:f06f:8e00:9262:f3fa:7298:0,443
2401:c080:1000:20a8:5400:6ff:fe37:88cb,443
2602:f8c0:8:1001:be24:11ff:fe79:13dd,443
2406:da14:3c:b001:63e4:54a5:e579:7163,443
2600:3c18::2000:53ff:fea2:1833,443
2406:da14:65c:c400:5884:c073:892:e280,443
2600:3c18::2000:e8ff:fea3:f30d,443
2a14:640:1:57f5::1,443
2406:da14:1cd1:c600:2765:38a3:2a41:ecf3,443
2603:c021:8017:b600:0:c634:94ab:57e,443
2401:c080:1000:1ac4:5400:6ff:fe3c:c17e,443
2406:da14:3c:b000:d45b:9e70:2e1e:7be7,443
2406:da14:3c:b001:bc47:a31:42c8:ebfe,443
2403:18c0:1000:4a8:2402:24ff:fe6b:f741,443
2001:19f0:7002:1103:5400:6ff:fe4f:e667,8443
2001:19f0:7001:eda:5400:6ff:fe6b:bfda,2087
2406:da14:3c:b001:f7bf:5385:a268:1e9f,443
2406:da14:1795:1100:ad68:108a:7aa3:d6a7,443
2600:3c18::2000:68ff:fee4:df51,2053
2602:fa4f:b00:21ad:8d26:4fae:5614:2f6a,443
2406:da14:6e8:a500:fadd:38c8:ecb9:9eff,443
2406:da14:3c:b001:94c:28ad:5d1d:99a9,443
2406:da14:3c:b001:270f:99b6:9662:e788,443
2406:da14:3c:b000:25f6:3b91:9fbf:1dd,443
2a13:edc0:25:3::a,443
2401:c080:1000:20ba:5400:6ff:fe1d:b187,8443
2406:da14:3c:b001:5440:b610:5c8b:dfb3,443
2406:da14:3c:b002:3926:843a:df4a:2c3,443
2406:da14:3c:b000:500a:43cb:4916:68e8,443
2a03:f80:81:e583::1,443
2406:da14:3c:b000:8f7e:2da6:41c8:5140,443
2602:f8c0:8:1001:be24:11ff:fe84:d82a,443
2406:da14:3c:b001:274:e51f:9648:3c9,443
2a12:bec0:164:1275::,443
2406:da14:3c:b001:ee8f:3c7c:87c0:dec1,443
2400:8d60:10::c6d1:cf4c,443
2406:da14:1c45:c100:591f:b9dd:e2dd:3545,443
2602:f864:228:15::a,443
2406:da14:3c:b000:b4bf:6c51:ebc2:5f8e,443
2400:8d60:10::2d61:711b,443
2406:da14:3c:b000:88c4:21a8:2b:8a54,443
2406:da14:3c:b001:bc3a:def2:301e:5222,443
2406:da14:3c:b002:4f91:ca73:1e9e:ca4b,443
2602:fd6f:80::a3,443
240d:c000:f06f:8c00:76d0:1fe2:bad0:0,443
2401:c080:1000:137a:5400:6ff:fe1f:9954,2053
2401:c080:1000:371f:5400:6ff:fe7d:d759,443
2406:da14:68:4d00:1160:d09c:cfe0:4afc,443
2401:c080:1000:299a:5400:6ff:fe51:7f02,443
2400:8d60:10::cf4:6597,443
2406:da14:3c:b002:369:b6e7:f403:97c0,443
2401:c080:1000:25b5:5400:6ff:fe42:4f6c,443
2403:18c0:1000:4ca:be24:11ff:feb9:5101,443
240b:4009:2e9:a800:9995:8fcc:5347:3b2b,443
2607:8700:3100:529d::2,443
2406:da14:3a9:3000:3766:e89:925d:ecb5,443
2605:e440:c::6b,443
2406:da14:3c:b002:ea09:9084:567b:1a7a,443
2406:da14:3c:b000:8040:b9ef:7cca:c137,443
2401:c080:1000:2301:5400:6ff:fe7a:d38b,443
2400:8d60:10::15c8:b18a,443
2406:da14:3c:b001:d40:d802:3864:c490,443
2406:da14:3c:b002:a014:1ed2:9a28:3717,443
2406:da14:3c:b002:e6e:42bb:b8d5:3440,443
2a0f:9400:7393:1f::37,443
2a0a:d687:f005::15,443
2406:da14:3c:b001:ab2d:a408:2f5:6096,443
2a0e:97c0:3f2::105,443
2406:da14:3c:b002:4400:4c0f:57db:aea8,443
2406:da14:1260:fe00:c4c9:34eb:8665:d083,8443
2406:da14:1e04:a400:5c96:fdcf:7d40:29f9,443
2400:54a0:20c0:300:37::a,443
2a02:6ea0:d32f::4187:bfcd,443
2001:19f0:7001:33e9:5400:6ff:fe52:965f,443
2401:c080:1000:12b7:5400:6ff:fe1b:8af0,443
2401:c080:1000:3e83:5400:6ff:fe74:e267,443
2406:da14:3c:b001:af1:bcc6:54b1:cf06,443
2406:da14:3c:b002:ae60:424f:371a:576a,443
2406:da14:3c:b000:e86b:20ca:4fe0:206e,443
2400:8d60:8::5c19:a1cb,443
2602:fd6f:80::71,443
240d:c000:f06f:8d00:3248:97cc:72e2:0,443
2406:da14:3c:b000:8d87:1f57:613b:886,443
2406:da14:3c:b001:82bb:9f2e:f5a4:9b28,443
2400:8d60:8::c75f:2261,443
2406:da14:3c:b000:eee2:b425:2de8:2500,443
2401:c080:3800:37f8:5400:6ff:fe55:d2eb,443
2406:da14:3c:b001:34a7:cfba:f404:63a9,443
2607:8700:3100:b90c::2,443
2406:da14:3c:b001:efa0:5e56:5131:de98,443
2406:da14:3c:b002:cddd:86ed:3596:c44e,443
2401:c080:3800:222e:5400:6ff:fe5d:c78,443
2406:da14:3c:b000:9324:b2f8:cb38:6341,443
2400:8d60:8::63dc:23e0,443
240d:c000:f06f:8d00:3842:a70e:b2a0:0,443
2403:71c0:2000:1389::a,443
2406:da14:3c:b001:3c20:6ec1:9878:5974,443
240d:c000:f06f:8c00:9aa0:25e4:f4fe:0,443
2401:c080:3800:2097:5400:5ff:feeb:9e0b,443
2406:da14:3c:b002:e815:49e8:d55a:5928,443
2a09:bac1:3b20::252:9e,443
2406:da14:3c:b001:51d7:872c:f259:7a30,443
2406:da14:3c:b002:b02e:1f76:52da:58ce,443
2400:8d60:8::ef58:b413,443
2406:da14:3c:b000:8618:b700:dc20:d2e6,443
2603:c023:9:5050:4c26:881b:a941:3b4e,443
2400:8d60:8::9ee0:4777,443
2406:da14:8f2:9c00:532d:fff5:2b43:98ac,443
2602:fa4f:a30:b356:f70a:7cc3:fac8:427c,443
2406:da14:3c:b000:35e4:34b8:ce4b:d5f4,443
2400:8d60:8::9efc:b916,8443
2a09:bac5:42f3:174b::252:7f,443
2001:19f0:7001:3ec3:5400:6ff:fe09:ef0d,443
2a10:480:1::10d4,443
240f:105:9149:1:90e5:7063:2c43:ee3b,443
2602:fa4f:a30:17bb:b846:d863:e8f6:b488,443
2a09:bac5:42f7:174b::252:3e,443
2401:c080:3800:2b13:5400:6ff:fe04:d4c3,443
2a14:7586:6109:1::cd,443
2406:da14:3c:b002:fcd1:2b7f:6db7:d503,443
2001:19f0:7002:1001:5400:6ff:fe24:c2cf,443
2603:c023:6:c27e:0:aa5d:62e3:da82,443
2400:8d60:8::56c5:ead,443
2406:da14:3c:b000:a236:fb32:afb8:6c29,443
2001:19f0:7001:2523:5400:6ff:fe20:233e,443
2400:8d60:8::9222:d8a5,443
2406:da14:3c:b000:b708:65e6:e815:5125,443
2001:19f0:7002:418:5400:3ff:feb6:b06e,443
2607:8700:3100:1e61::2,443
2406:da14:3c:b000:9fe7:eec:1921:8058,443
2401:c080:3800:25c8:5400:5ff:fe7a:62c,443
2406:da14:3c:b001:2878:af2:4707:3252,443
2406:da14:3c:b002:ed38:1eef:47bf:2d03,443
2406:da14:3c:b002:e18:8c0d:4133:7219,443
2406:da14:3c:b000:54c0:dea3:348d:7c68,443
2406:da14:3c:b001:c65e:37b0:af92:d02f,443
2a14:7586:6109:1::a8,443
2600:3c18::2000:c3ff:fe21:45bb,443
2001:19f0:7001:4c0e:5400:6ff:fe6a:e1d5,443
2400:8905::2000:acff:feb4:6b56,443
2a0f:7802:e2ec:1f::c7,2096
2401:c080:3800:350d:5400:6ff:fe72:3a6a,443
2406:da14:1965:e600:d535:49cf:d6b7:f323,443
2602:f3f2:c6:a00b:324a:3857:8acc:9602,443
2a09:bac5:42f0:1e14::2ff:22,2083
2400:8905::2000:c3ff:fe0a:a079,443
2603:c023:8:9000:133c:e491:c918:5765,443
2400:8d60:8::25ba:2f2e,443
2400:8d60:8::7cec:89f1,8443
2001:19f0:7002:7f6:5400:6ff:fe0a:f7b8,443
2a09:bac5:42f0:1e14::2ff:91,443
2400:8d60:8::457:e61b,443
2a09:bac5:4429:dc::16:17a,8443
2603:c023:17:3a00:0:e9cb:2723:bea1,443
2a13:edc0:18:1ae::a,443
2602:fa4f:a30:9824:82bc:663d:e1e2:5896,443
2607:8700:3100:cd5f::2,443
2603:c023:10:457e:c50f:e446:729e:defa,443
2001:19f0:7001:3700:5400:6ff:fe53:8726,443
2406:da14:3c:b000:485e:a104:788c:1fa1,443
2400:ddc0:c001::211,443
2406:da14:3c:b000:b404:4bc7:e9ed:2c35,443
2a12:a304:4:30a::a,443
2406:da14:3c:b000:9ef9:b7be:c6df:849c,443
2a12:a301:2001::103e,443
2a12:a303:11a:49::a,8443
240d:c000:f06f:8d00:9a2e:1b7c:6e0:0,443
2406:da14:344:bb01:cc80:e389:ef3d:e47,443
2607:8700:3100:cf00::2,443
2400:8d60:8::c718:a740,443
2a12:a303:11a:34::a,8443
2a05:d018:1a9e:7900:a5c:2baa:c29:2b0a,443
2a05:f480:2800:1bda:5400:4ff:fea7:cc36,8443
2605:e440:c::28f,443
2603:c023:0:c12:2551:1093:fd21:33c6,443
2a12:a301:2003::1024,443
2a12:a301:2011::1021,443
2a13:edc0:18:27a::a,443
2603:c023:12:747e:0:6487:7c1d:429,443
2400:d320:2326:9399::1,443
2a0f:9400:7393:1f::68,443
2406:8c00:0:3447:133:18:105:95,443
2400:d320:2300:2475::1,443
2a0d:6c2:12:1a4::,2053
2a0d:6c2:13:7c::,443
2403:71c0:2000:1321::a,443
2a12:a301:2008::14,443
2a12:a301:2002::1021,443
2603:c023:17:520:0:ba76:421d:d6e7,443
2a10:1fc0:3::e23b:504b,443
2406:da14:3c:b002:3868:d4e2:ab0:a840,443
2400:8d60:8::c0b0:b2b4,443
2406:da14:3c:b000:a0e1:1a37:b2a7:4426,443
2401:c080:1000:3441:5400:6ff:fe76:4cda,443
2403:71c0:2000:1324::a,443
2406:da14:3c:b000:a144:35c:3fd4:569,443
2400:8d60:8::9859:35d1,443
2400:d320:2300:6267::1,443
2a0d:6c2:12:1e4::,8443
2602:fd6f:110::6d,443
2a09:bac5:42f6:1e14::2ff:18,443
2602:fd6f:80::a8,443
2a05:f480:2800:2775:5400:6ff:fe23:b70b,443
2a0d:6c2:12:1ee::,443
2400:8d60:8::b926:9dc3,443
2a12:bec0:689:113c::,443
2401:c080:1000:29b2:5400:6ff:fe64:8a6a,443
2401:c080:3800:26a3:5400:6ff:fe08:ba27,443
2001:19f0:7001:7bb:5400:6ff:fe1b:e433,443
2a12:a301:2011::29,443
2a14:7586:6109:1::14d,443
2401:c080:1000:3861:5400:6ff:fe79:2d5,443
2406:da14:3c:b000:2b17:cdee:f7a3:62d8,443
2400:d320:2331:6946::1,443
2a12:a301:2006::102c,443
2401:d560:0:107:1c00:36ff:fe00:40e,443
2406:da14:19e0:2900:c8a9:2ece:5596:8812,443
2400:8d60:8::d25:ef0b,443
2400:8905::2000:82ff:fe8f:39df,8443
2406:da14:3c:b001:ab25:54a:1e20:5825,443
2406:da14:3c:b002:b7ff:d722:d7c4:9eba,443
2400:8d60:8::7df9:f8b1,443
2a0d:6c2:12:439::,443
2a0d:6c2:12:4aa::,8443
2401:e9e0:4000::e7,443
2400:8905::2000:f7ff:fefa:303e,443
2a0d:280:0:5:1111::78,443
2602:fa4f:b00:d468:449a:b42b:22a4:e3cc,8443
2401:e9e0:4000::b2,443
2605:e440:3::373,443
2a12:a304:4:a64::a,443
2602:fd6f:100:f::a,443
2400:2410:8781:4f00:486c:dc5a:81b9:554e,443
2a12:a301:2002::1086,443
2401:c080:3800:3c7e:5400:5ff:fefd:94ec,8443
2406:da14:3c:b002:dd08:7a7e:7776:d8a8,443
2406:da14:1f18:bf00:5ada:f19:db1c:69d7,443
2603:c023:c:5a75:b769:eb78:3d8f:6c55,443
2a10:480:1::10af,443
2a14:7586:6109:1::6a,443
2400:8d60:10::19e0:8679,8443
2001:19f0:7001:1f2e:5400:6ff:fe63:f4f8,443
2401:c080:1000:3aa2:5400:6ff:fe72:5dd3,443
2406:da14:9e2:3200:559e:cd3a:c6da:b1aa,443
2406:da14:3c:b001:da9:3907:d0c:f5a5,443
2401:e9e0:4000::93,443
2602:fa4f:a30:8bc5:c378:27d1:93a0:2427,443
2a12:a301:2008::1070,443
2401:c080:3800:2b7c:5400:6ff:fe5c:6fdf,443
2403:71c0:2000:134d::a,443
2403:71c0:2000:1d13::a,443
2602:fa4f:a30:6108:e71a:cee8:6655:8a59,443
2406:da14:3c:b000:2229:9b23:deb4:2a38,443
2a12:a304:4:96c::a,8443
2400:8d60:8::e2ca:262f,443
2a12:a304:4:813::a,443
2400:8d60:8::c490:72ce,443
2a12:a304:4:574::a,443
2400:8d60:8::ceb1:e7ef,443
2403:71c0:2000:1844::a,443
2001:19f0:7001:23a1:5400:3ff:feec:6707,443
2403:71c0:2000:1196::a,443
2603:c023:c:8011:0:58bb:d109:e1ba,2053
2a12:a301:2010::1011,443
2602:fa4f:a30:2843:2029:9dab:586c:5b4e,443
2a12:a301:2009::1090,443
2a12:a301:2003::10bc,443
2a12:a301:2003::10b2,443
2401:c080:3800:21d5:5400:6ff:fe73:5402,443
2a0d:280:0:5:1111::24,443
2400:8d60:8::e837:9a39,443
2a03:b0c0:1:e0:0:1:257f:e001,443
2a03:b0c0:1:e0:0:1:2587:8001,443
2605:e440:3::15c,443
2a03:b0c0:1:e0:0:1:26e3:2001,443
2a0d:6c2:12:3e3::,443
2406:da14:130:c200:b690:6ea8:7013:e71d,443
2602:fa4f:a30:c194:be24:11ff:fe8e:f924,8443
2a12:a304:4:a3a::a,443
2a03:b0c0:1:e0:0:1:2587:6001,443
2a03:b0c0:1:e0:0:1:2580:1,443
2a03:b0c0:1:e0:0:1:2836:f001,443
2a12:a304:4:7e7::a,443
2a10:1fc0:3::a830:8ef0,443
2a12:a301:2006::1031,2053
2400:8500:2002:2950:160:251:139:177,443
2a03:b0c0:1:e0:0:1:2587:b001,443
2403:71c0:2000:1a51::a,443
2a03:b0c0:1:e0:0:1:2580:2001,443
2a03:b0c0:1:e0:0:1:26e3:1001,443
2a03:b0c0:1:e0:0:1:26e3:6001,443
2a03:b0c0:1:e0:0:1:2557:b001,443
2a03:b0c0:1:e0:0:1:15b4:1001,443
2a03:b0c0:1:e0:0:1:2561:f001,443
2a03:b0c0:1:e0:0:1:2836:8001,443
2a03:b0c0:1:e0:0:1:2587:5001,443
2a03:b0c0:1:e0:0:1:2562:5001,443
2400:8d60:1::334d:1ba8,443
2a03:b0c0:1:e0:0:1:2bc3:3001,443
2406:da14:18d8:3602:bfcb:bf25:18ad:edfa,443
2a03:b0c0:1:e0:0:1:2557:c001,443
2a03:b0c0:1:e0:0:1:288b:6001,443
2403:ad80:60:8e7::d64b,8443
2a03:b0c0:1:e0:0:1:2569:3001,443
2401:e9e0:4000::e2,8443
2a0d:6c2:12:76::,443
2a03:b0c0:1:e0:0:1:257f:d001,443
2a03:b0c0:1:e0:0:1:4eb9:7001,443
2a03:b0c0:1:e0:0:1:341b:b001,443
2a03:b0c0:1:e0:0:1:2553:7001,443
2a13:7c00:5:17:f816:3eff:fed4:d1ce,443
2406:da14:3c:b002:e364:f8d0:f82c:c11b,443
2a03:b0c0:1:e0:0:1:2836:d001,443
2602:fa4f:a30:3438:c6b7:cdec:f9ee:3ce3,443
2a03:b0c0:1:e0:0:1:2836:c001,443
2a05:f480:1c00:c53:5400:6ff:fe1e:be51,443
2a03:b0c0:1:e0:0:1:2569:1,443
2a03:b0c0:1:e0:0:1:257f:f001,2053
2a13:7c00:5:35:f816:3eff:fe70:17c1,443
2a03:b0c0:1:e0:0:1:288b:8001,443
2605:e440:3::1:22b,443
2a03:b0c0:1:e0:0:1:2b8f:4001,443
2a03:b0c0:1:e0:0:1:2b62:b001,443
2a13:7c00:5:24:f816:3eff:fe98:9551,443
2605:e440:8::1:3a3,443
2a13:7c00:5:34:f816:3eff:fe9d:552c,8443
2a05:d01c:4b5:4000:9b02:8d9f:2199:4139,443
2001:19f0:6801:ce4:5400:5ff:fe21:9c4c,8443
2a0d:6c2:12:234::,8443
2a03:b0c0:1:e0:0:1:4eb9:6001,443
2a03:b0c0:1:e0:0:1:2553:6001,443
2a03:b0c0:1:e0:0:1:288b:7001,443
2a03:b0c0:1:e0:0:1:2561:e001,443
2001:19f0:6801:a69:5400:6ff:fe1a:49f6,443
2a03:b0c0:1:e0:0:1:2572:b001,443
2600:3c13::2000:5ff:feb4:b520,443
2a03:b0c0:1:e0:0:1:2609:9001,443
2a0d:6c2:12:296::,443
2a03:b0c0:1:e0:0:1:8e68:7001,443
2a03:b0c0:1:e0:0:1:2609:5001,443
2a03:b0c0:1:e0:0:1:2b2a:5001,443
2a03:b0c0:1:e0:0:1:37fc:c001,443
2602:fa4f:a30:bb3a:ee06:c9c0:5b2:c512,2083
2a03:b0c0:1:e0:0:1:2134:d001,443
2a03:b0c0:1:e0:0:1:2561:8001,443
2a13:7c00:5:4:f816:3eff:fe86:b55b,8443
2a13:7c00:5:2:f816:3eff:fe6c:fce2,443
2a03:b0c0:1:e0:0:1:3b6e:e001,443
2a0f:9400:7393:1f::9,443
2a03:b0c0:1:e0:0:1:2bc1:d001,443
2a03:b0c0:1:e0:0:1:15b3:f001,443
2a03:b0c0:1:e0:0:1:1684:f001,443
2603:c020:c00f:1888::100,2053
2400:8500:2002:3371:133:117:72:96,443
2a03:b0c0:1:e0:0:1:2587:9001,443
2001:ba0:243:9500::1,8443
2a13:7c00:5:8:f816:3eff:feb1:438d,443
2a03:b0c0:1:e0:0:1:2587:d001,443
2a13:7c00:5:15:f816:3eff:fea8:d51c,8443
2a13:7c00:5:3:f816:3eff:fe34:2581,443
2a03:b0c0:1:e0:0:1:2aa1:5001,443
2a03:b0c0:1:e0:0:1:3ef3:7001,443
2a13:7c00:5:11:f816:3eff:fe0e:3033,443
2a03:b0c0:1:e0:0:1:37fc:e001,443
2a03:b0c0:1:e0:0:1:2568:d001,443
2a03:b0c0:1:e0:0:1:2aa1:1001,443
2a13:7c00:5:31:f816:3eff:fef1:57b7,8443
2a03:b0c0:1:e0:0:1:37fc:d001,443
2a03:b0c0:1:e0:0:1:216a:4001,443
2602:fa59:1:215::1,443
2a13:7c00:5:35:f816:3eff:fe4c:2319,443
2602:fa4f:a30:7394:b7bd:57f4:8357:7687,443
2a13:7c00:5:25:f816:3eff:fe63:e0f,443
2a13:7c00:5:20:f816:3eff:fe2f:b3a8,443
2a03:b0c0:1:e0::c43e:c001,8443
2a13:7c00:5:44:f816:3eff:fe77:a8e4,443
2a03:b0c0:1:e0:0:1:2572:8001,443
2a05:f480:2800:203a:5400:6ff:fe4c:8f76,443
2400:d320:2287:8083::1,2053
2a13:7c00:5:8:f816:3eff:fe58:63a6,443
2a03:b0c0:1:e0:0:1:2568:c001,443
2a03:b0c0:1:e0::e605:1,443
2a03:b0c0:1:e0:0:1:2587:e001,443
2a13:7c00:5:1:f816:3eff:fe77:9bf4,443
2a03:b0c0:1:e0:0:1:4dd8:c001,443
2a03:b0c0:1:e0:0:1:4ed2:c001,443
2a03:b0c0:1:e0:0:1:2aa0:f001,443
2a13:7c00:5:25:f816:3eff:fe66:9437,443
2a03:b0c0:1:e0:0:1:26e3:7001,443
2a13:7c00:5:28:f816:3eff:fec5:b49f,443
2a03:b0c0:1:e0:0:1:26e3:3001,443
2a13:7c00:5:8:f816:3eff:fee9:298b,443
2a03:b0c0:1:e0:0:1:216a:5001,443
2a06:a005:ad:fffd::6dd,443
2a03:b0c0:1:e0:0:1:2568:b001,443
2a03:b0c0:1:e0:0:1:2836:e001,443
2a0d:6c2:12:242::,2053
2a03:b0c0:1:e0:0:1:2569:1001,443
2a03:b0c0:1:e0:0:1:2836:b001,443
2a03:b0c0:1:e0::ccf9:9001,443
2a09:6383:0:9:185:157:245:44,443
2600:3c1a::2000:6bff:fe6a:ad45,443
2a05:f480:3400:2d11:5400:6ff:fe23:b777,443
2a03:b0c0:1:e0:0:1:288a:f001,443
2a03:b0c0:1:e0:0:1:2572:6001,443
2a03:b0c0:1:e0:0:1:2f1f:f001,443
2a09:bac1:2780:48::216:47,8443
2a03:b0c0:1:e0:0:1:2609:4001,443
2a03:b0c0:1:e0:0:1:26e3:5001,443
2401:c080:3800:35d9:5400:6ff:fe58:a48d,443
2a0a:8dc0:60c2::a,443
2a03:b0c0:1:e0:0:1:3b6f:1,443
2a02:c204:3019:1165::1,443
2a10:4640:0:fc52::1,443
2a03:b0c0:1:e0:0:1:288b:2001,2083
2a03:b0c0:1:e0:0:1:2557:9001,443
2a03:b0c0:1:e0:0:1:2b2a:6001,443
2600:3c07::f03c:93ff:fe4a:5793,443
2a03:b0c0:1:e0:0:1:4eb9:8001,443
2a0a:ef40:1b1c:201:ea40:f2ff:fe49:97,8443
2600:3c0e::2000:5ff:fe0c:4ad2,443
2a13:7c00:5:12:f816:3eff:fe7b:22df,443
2001:19f0:6801:208:5400:4ff:fea6:6a4a,8443
2a03:b0c0:1:e0::d26d:c001,443
2a03:b0c0:1:e0:0:1:2580:1001,443
2a03:b0c0:1:e0:0:1:2b8b:1,443
2a03:b0c0:1:e0:0:1:2134:e001,443
2a03:b0c0:1:e0:0:1:40b5:a001,443
2a03:b0c0:1:e0:0:1:2ef3:f001,443
2400:8d60:1::1:3de3:4865,443
2a03:b0c0:1:e0:0:1:288b:1,443
2a03:b0c0:1:e0:0:1:4ed2:f001,443
2001:ba0:215:7500::1,8443
2a03:b0c0:1:e0:0:1:2609:2001,443
2a03:b0c0:1:e0:0:1:2557:7001,443
2a03:b0c0:1:e0:0:1:2572:9001,443
2a03:b0c0:1:e0:0:1:15b4:1,443
2a03:b0c0:1:e0:0:1:38db:8001,443
2a03:b0c0:1:e0:0:1:2553:2001,443
2605:e440:8::1:326,443
2a03:b0c0:1:e0:0:1:2bc1:a001,443
2a03:b0c0:1:e0:0:1:396a:d001,443
2600:3c13::2000:54ff:fec3:c476,443
2602:fa59:1:318::1,443
2a03:b0c0:1:e0:0:1:40b5:6001,443
2a03:b0c0:1:e0:0:1:255b:b001,443
2600:3c0e::2000:3ff:fe7f:71af,443
2a01:7e00::f03c:93ff:fe5a:5f50,443
2a13:7c00:5:23:f816:3eff:feec:15a,8443
2a03:b0c0:1:e0:0:1:2587:c001,443
2a0d:6c2:12:54d::,443
2a03:b0c0:1:e0:0:1:2bc1:8001,443
2a03:b0c0:1:e0::d668:a001,443
2a03:b0c0:2:f0:0:1:5db1:f001,443
2a03:b0c0:1:e0:0:1:2b8a:f001,443
2a03:b0c0:1:e0:0:1:236a:1,443
2a03:b0c0:1:e0:0:1:2b2a:a001,443
2a03:b0c0:1:e0::ccf9:7001,443
2a03:b0c0:1:e0::cc31:e001,443
2a03:b0c0:1:e0:0:1:2b62:f001,443
2a03:b0c0:1:e0::dd6f:a001,443
2a03:b0c0:1:e0:0:1:2134:a001,443
2a03:b0c0:1:e0:0:1:26e3:4001,443
2a04:92c7:2:2a6::59b3,443
2a13:7c00:5:45:f816:3eff:fe13:d7b1,443
2a03:b0c0:1:e0:0:1:2837:1,443
2a03:b0c0:1:e0:0:1:24b3:d001,443
2603:c022:8003:d500:6954:870d:45ee:330f,443
2a03:b0c0:0:1051::2412:2000,443
2600:3c1a::2000:94ff:fed4:1737,8443
2a03:b0c0:1:e0:0:1:2169:e001,443
2a03:b0c0:2:f0:0:1:5b6c:7001,443
2a0a:8dc0:1f9::a,443
2a03:b0c0:0:1051::23d1:5000,443
2a03:b0c0:1:e0::cc31:b001,443
2a03:b0c0:1:e0:0:1:2561:d001,443
2a03:b0c0:1:e0:0:1:4eb9:5001,443
2a03:b0c0:1:e0:0:1:2b8b:2001,443
2a03:b0c0:0:1051::29bc:d000,443
2a03:b0c0:0:1051::1ec8:5000,443
2a03:b0c0:1:e0:0:1:2572:7001,443
2a03:b0c0:1:e0:0:1:26e2:f001,443
2a03:b0c0:1:e0:0:1:24b3:7001,443
2a03:b0c0:1:e0:0:1:2bc1:c001,443
2a03:b0c0:0:1051::2f3e:0,443
2a01:7e00::f03c:93ff:fe5a:5fed,443
2a03:b0c0:2:f0:0:1:5c5b:8001,443
2a03:b0c0:1:e0:0:1:26e3:8001,443
2a03:b0c0:2:f0:0:1:5b5f:1,443
2a03:b0c0:0:1051::2412:3000,443
2600:3c0e::2000:74ff:fe8c:866e,443
2605:e440:8::1:2c7,443
2a03:b0c0:2:f0:0:1:5b55:8001,443
2a03:b0c0:2:f0:0:1:5e32:a001,443
2a10:4646:500:a93c:bb18:30dd:c99e:efb4,443
2a13:7c00:11:11:f816:3eff:fea1:34c1,443
2a03:b0c0:1:e0:0:1:3b6e:9001,443
2a03:b0c0:1:e0:0:1:2bc1:b001,443
2a03:b0c0:2:f0:0:1:5d72:3001,443
2a03:b0c0:2:f0:0:1:5c5b:3001,443
2a03:b0c0:0:1051::1ebf:9000,443
2600:3c0e::2000:abff:fe60:2b4a,443
2a03:b0c0:0:1051::2412:1000,443
2a03:b0c0:0:1051::1de0:7000,443
2a13:7c00:5:45:f816:3eff:fe31:9bc,443
2a03:b0c0:0:1051::23e1:2000,443
2a03:b0c0:2:f0:0:1:5d6f:f001,443
2a13:7c00:5:16:f816:3eff:fe2c:462f,443
2a03:b0c0:1:e0:0:1:396b:3001,443
2a03:b0c0:1:e0:0:1:3407:8001,443
2a03:b0c0:1:e0:0:1:2aa0:e001,443
2a03:b0c0:0:1051::1ec1:b000,443
2a03:b0c0:0:1051::25d0:a000,443
2a03:b0c0:0:1051::2311:0,443
2a13:7c00:5:39:f816:3eff:fe32:f3f9,443
2a03:b0c0:1:e0:0:1:24b3:8001,443
2a10:1fc0:11::bc9e:9fef,443
2a03:b0c0:1:e0:0:1:2b8e:e001,443
2a03:b0c0:1:e0:0:1:2ef4:2001,443
2a03:b0c0:1:e0:0:1:2609:3001,443
2a03:b0c0:2:f0:0:1:5b52:1,443
2a03:b0c0:1:e0:0:1:2bc3:4001,443
2a03:b0c0:1:e0:0:1:2562:1,443
2a03:b0c0:2:f0:0:1:209e:8001,443
2a03:b0c0:1:e0:0:1:2b63:1,443
2a03:b0c0:2:f0:0:1:5cc9:1001,443
2a03:b0c0:1:e0:0:1:2b8f:7001,443
2a0c:16c2:500:ebe::e4bc,2053
2a13:7c00:5:22:f816:3eff:fe32:fc0,443
2a03:b0c0:0:1051::2405:0,443
2a13:7c00:5:17:f816:3eff:fecc:b5e4,443
2605:e440:f::1:1e2,443
2a03:b0c0:1:e0:0:1:2609:7001,443
2001:1af8:5301:127:1c00:32ff:fe00:1a72,2053
2a03:b0c0:2:f0:0:1:5c5d:f001,443
2001:19f0:5001:2386:5400:6ff:fe27:bcc3,443
2a03:b0c0:2:f0:0:1:5bcb:9001,443
2a03:b0c0:2:f0:0:1:5c17:d001,443
2a13:7c00:5:27:f816:3eff:fe12:7e2a,8443
2a03:b0c0:2:f0:0:1:5c18:4001,443
2a03:b0c0:2:f0:0:1:5c17:f001,443
2a03:b0c0:1:e0:0:1:2135:2001,443
2a03:b0c0:0:1051::2440:7000,443
2a01:8640:1:13::6357:ae7b,443
2a03:b0c0:1:e0:0:1:4eb9:f001,443
2a03:b0c0:0:1051::243f:a000,443
2a01:7e00::f03c:93ff:fe5a:5f3b,443
2a03:b0c0:2:f0:0:1:5c5e:2001,443
2a03:b0c0:1:e0:0:1:40b5:4001,443
2a03:b0c0:1:e0:0:1:3b6e:d001,443
2a03:b0c0:0:1051::2310:a000,443
2600:3c0e::2000:38ff:feed:8d55,443
2a0c:16c2:500:e58::bc69,443
2a03:b0c0:0:1051::3243:8000,443
2a03:b0c0:2:f0:0:1:5b6c:6001,443
2a03:6f02::8a59,8443
2a13:7c00:5:27:f816:3eff:fedf:11d1,443
2a03:b0c0:0:1051::2412:7000,443
2a03:b0c0:1:e0:0:1:2134:c001,443
2a03:b0c0:0:1051::22f4:b000,443
2a03:b0c0:2:f0:0:1:5b7c:4001,443
2001:19f0:6801:ee8:5400:6ff:fe23:b1ae,443
2a03:6f02::9ca4,443
2a13:7c00:5:31:f816:3eff:fe95:5d10,443
2a13:7c00:5:22:f816:3eff:fed6:d937,443
2a03:6f02::ff81,443
2a03:b0c0:2:f0:0:1:5c5e:1001,443
2602:fa59:1:62::1,443
2a06:f901:a:3e::2,443
2a13:7c00:11:10:f816:3eff:fe99:472e,2083
2a03:b0c0:1:e0:0:1:2369:f001,443
2a03:75c0:20:32a::1,443
2a03:b0c0:1:e0:0:1:2568:e001,443
2a03:b0c0:2:f0:0:1:5f5c:e001,443
2602:fa4f:a30:bb8e:1676:439c:fbaa:8086,443
2a0c:16c2:500:60b::2573,443
2a03:b0c0:0:1051::243f:2000,443
2a03:b0c0:1:e0:0:1:2369:c001,443
2a03:b0c0:2:f0:0:1:5c5b:c001,443
2a03:b0c0:0:1051::2404:f000,443
2a03:f80:31:67e5::1,8443
2a03:b0c0:1:e0:0:1:15b4:3001,443
2a03:b0c0:2:f0:0:1:5b5e:9001,443
2a03:b0c0:0:1051::23d1:b000,443
2a0c:16c2:500:21e::7aed,443
2a14:1e00:1:1b3::1,8443
2a03:b0c0:1:e0:0:1:1f68:f001,443
2a03:b0c0:1:e0::ccf9:4001,443
2a03:b0c0:1:e0:0:1:40b5:3001,443
2a03:b0c0:0:1051::23d1:9000,443
2a13:7c00:11:4:f816:3eff:fe8d:2d0b,443
2a03:b0c0:1:e0:0:1:38dc:1,443
2a03:b0c0:0:1051::1ec9:d000,443
2a03:b0c0:0:1051::2751:e000,443
2a03:b0c0:1:e0::ccf9:5001,443
2a03:b0c0:0:1051::2aba:2000,443
2a03:6f02::7e3,443
2a03:b0c0:0:1051::2404:a000,443
2605:e440:f::1:b3,2083
2001:19f0:7401:8658:5400:6ff:fe47:3ba9,443
2a03:b0c0:0:1051::23e1:1000,443
2a0d:6c2:12:26b::,2053
2a03:b0c0:2:f0:0:1:c0a:e001,443
2a03:b0c0:2:f0:0:1:68e1:1,443
2a03:b0c0:0:1051::243f:1000,443
2a03:b0c0:1:e0:0:1:2b8f:6001,443
2a03:b0c0:2:f0:0:1:5bcb:5001,443
2a03:b0c0:2:f0:0:1:5b5e:e001,2053
2a13:7c00:5:20:f816:3eff:fe26:56d9,443
2a03:b0c0:1:e0:0:1:2134:f001,443
2a03:b0c0:1:e0::c9f1:6001,443
2a03:b0c0:2:f0:0:1:5b6d:1,443
2a03:b0c0:2:f0:0:1:5f5c:d001,443
2a13:7c00:11:5:f816:3eff:fe4d:b902,8443
2a03:b0c0:1:e0:0:1:216a:2001,443
2a03:b0c0:2:f0:0:1:5b55:2001,443
2a03:b0c0:1:e0:0:1:4ed2:e001,443
2a03:b0c0:1:e0:0:1:2b8f:3001,443
2a0c:16c2:500:6df::749e,443
2a0c:16c2:500:551::ca35,8443
2a03:6f02::1:479e,443
2602:fa59:1:442::1,8443
2a03:b0c0:2:f0:0:1:5cc8:d001,443
2a03:b0c0:1:e0:0:1:2561:a001,443
2600:3c0e::2000:caff:fe32:b55,443
2a0c:db40:0:811d::2,8443
2a03:6f02::a8f8,443
2a03:b0c0:0:1051::2412:4000,443
2a03:6f02::1:8b9,8443
2a03:b0c0:1:e0::e604:b001,443
2a03:6f02::1:28d5,443
2a03:b0c0:0:1051::23d1:4000,443
2a03:b0c0:0:1051::2440:9000,443
2a03:6f02::b47e,2087
2a03:b0c0:2:f0:0:1:5b55:7001,443
2a03:b0c0:1:e0::c9f1:7001,443
2a03:b0c0:0:1051::23d1:6000,443
2a03:b0c0:1:e0::cc32:2001,443
2a13:7c00:5:16:f816:3eff:fe03:d24e,443
2a03:b0c0:0:1051::1ec3:e000,443
2a03:b0c0:2:f0:0:1:5d70:2001,443
2a03:b0c0:0:1051::2404:c000,443
2a0c:16c2:500:9eb::7be9,8443
2a03:b0c0:1:e0:0:1:288b:4001,443
2a03:b0c0:0:1051::2e5e:d000,443
2a03:b0c0:0:1051::2580:f000,443
2a03:b0c0:1:e0:0:1:4ed2:9001,443
2a03:b0c0:2:f0:0:1:5d72:7001,443
2a13:7c00:11:1:f816:3eff:fe54:e745,443
2a03:b0c0:0:1051::2404:e000,443
2a03:b0c0:1:e0:0:1:24b3:e001,443
2a0c:db40:0:8078::2,443
2a03:b0c0:0:1051::23e1:0,443
2001:1af8:5301:141:1c00:1dff:fe00:28a8,443
2a13:7c00:11:12:f816:3eff:fe97:19e4,443
2a13:7c00:5:3:f816:3eff:fed9:ebf2,443
2a03:b0c0:0:1051::2440:8000,443
2001:67c:2f5c:2::3d,443
2a13:d201:1:105::1,443
2a03:b0c0:2:f0:0:1:5db1:a001,2053
2a13:d201:1:91::1,443
2a03:b0c0:0:1051::29e8:e000,443
2a03:6f02::8d57,8443
2a03:b0c0:2:f0:0:1:a39a:e001,8443
2a03:b0c0:0:1051::1ec9:1000,443
2001:19f0:5001:92f:5400:6ff:fe23:b681,443
2a03:b0c0:0:1051::2574:6000,443
2a03:b0c0:0:1051::2412:6000,443
2600:3c13::2000:6aff:fe79:320d,8443
2a03:b0c0:2:f0:0:1:5e33:1,443
2a13:4ac0:10:0:f816:3eff:feab:994f,8443
2a03:b0c0:2:f0:0:1:5b52:7001,443
2605:e440:e::292,8443
2a05:541:173:8::1,443
2a03:b0c0:1:e0:0:1:396b:1001,443
2a13:7c00:11:2:f816:3eff:fe2b:8721,8443
2a03:b0c0:2:f0:0:1:5c17:a001,443
2a0c:16c2:500:6a1::9ad3,443
2a03:b0c0:2:f0:0:1:5d6f:9001,443
2a0b:89c1:2::1a5,443
2a03:b0c0:2:f0:0:1:5cc9:4001,443
2a03:b0c0:2:f0:0:1:698e:9001,443
2a14:c380:4000:46::a,8443
2a03:b0c0:0:1051::2440:a000,443
2a01:48a0:4301:9b::,443
2a03:b0c0:0:1051::2376:8000,443
2a03:b0c0:2:f0:0:1:5ce6:2001,443
2a12:bec4:1be0:2780::1,443
2a03:b0c0:2:f0:0:1:5d72:9001,443
2a03:b0c0:2:f0:0:1:5bcb:4001,443
2a03:6f02::19d1,443
2a0d:7c40:3000:38d::2,443
2a05:d01c:f2:b400:14c4:478b:191:cb3b,443
2a01:8640:0:7::2ce9:6894,443
2605:e440:f::dd,443
2a03:b0c0:1:e0::cc32:3001,443
2a03:b0c0:0:1051::243e:e000,443
2a03:b0c0:1:e0:0:1:2b63:1001,443
2a03:b0c0:0:1051::32ce:0,443
2a03:b0c0:2:f0:0:1:698e:e001,443
2a03:b0c0:1:e0:0:1:2b8b:4001,443
2a03:b0c0:2:f0:0:1:5e32:8001,443
2a0c:db40:0:80b7::2,443
2001:8b0:fc63:4cc0::1,443
2a0d:7c40:3000:636::2,443
2a03:b0c0:1:e0:0:1:1685:7001,443
2a0c:16c2:500:f0f::9e87,443
2a03:b0c0:2:f0:0:1:5d70:1001,443
2a03:b0c0:1:e0:0:1:2609:8001,443
2a0a:a501:0:4700:cd87:7b76:831e:d3b0,443
2600:3c1a::2000:cff:feb5:81e0,2053
2a03:b0c0:0:1051::2652:5000,443
2a03:b0c0:2:f0:0:1:5b55:1001,443
2a03:b0c0:0:1051::32f2:f000,443
2a03:b0c0:1:e0:0:1:288b:3001,443
2a10:1fc0:11::aa3b:e152,443
2a03:b0c0:1:e0:0:1:396a:f001,443
2a03:6f02::1:650e,443
2a04:dd00:26:9:216:3cff:fec1:e47a,8443
2a03:b0c0:0:1051::2e62:1000,443
2a10:c944:321::629,443
2a03:b0c0:2:f0:0:1:5b51:f001,2053
2a0c:db40:0:81f6::2,443
2a03:6f02::1:468c,2053
2a03:b0c0:0:1051::2e62:2000,443
2a03:b0c0:2:f0:0:1:6ebd:a001,443
2605:e440:2::2:29c,443
2a03:b0c0:2:f0:0:1:5bcb:7001,443
2001:1af8:5301:138:1c00:12ff:fe00:2558,2053
2a03:b0c0:2:f0:0:1:5b7b:f001,443
2a12:e341:300::68ab:ed12,443
2a13:7c00:11:1:f816:3eff:fe7f:bc3e,443
2a13:7c00:11:10:f816:3eff:fe9f:923c,443
2a03:b0c0:2:f0:0:1:5cc8:c001,2053
2a0c:16c2:500:861::1,443
2a03:b0c0:1:e0:0:1:2b8b:7001,443
2a03:b0c0:2:f0:0:1:5b6d:5001,443
2a12:bec4:1bd2::7,443
2a03:b0c0:1:e0:0:1:3b6e:a001,443
2a05:f480:1000:60c:5400:5ff:fe0c:73e0,443
2a03:b0c0:0:1051::2413:3000,443
2a13:7c00:11:8:f816:3eff:feb2:7f3a,443
2001:4b98:dc0:43:f816:3eff:fe6b:8620,443
2a03:b0c0:2:f0:0:1:5f5d:1,443
2a03:b0c0:0:1051::1ec6:3000,443
2a03:b0c0:0:1051::2440:0,443
2400:8d60:1::fd24:a319,8443
2a03:b0c0:0:1051::2652:0,443
2a03:b0c0:0:1051::1ec6:e000,443
2a0c:16c2:500:290::8b96,443
2605:e440:e::3fd,443
2a03:b0c0:2:f0:0:1:5b6c:8001,443
2a06:f901:a:18b::2,8443
2a03:b0c0:0:1051::26c5:4000,443
2a03:b0c0:2:f0:0:1:5c17:e001,443
2a03:b0c0:0:1051::2a3f:b000,443
2a03:b0c0:0:1051::1ec5:f000,443
2a03:b0c0:0:1051::2440:f000,443
2a03:b0c0:0:1051::2e61:d000,443
2a03:b0c0:1:e0:0:1:40b5:2001,443
2a03:b0c0:0:1051::1ec1:f000,443
2a03:b0c0:0:1051::2412:5000,443
2605:e440:2::11f,443
2a03:b0c0:2:f0:0:1:5b6c:e001,443
2a03:b0c0:2:f0:0:1:5b6d:4001,443
2a03:b0c0:0:1051::276d:1000,443
2a03:b0c0:1:e0::dd6f:c001,443
2a03:b0c0:1:e0:0:1:15b3:e001,443
2a03:b0c0:2:f0:0:1:c0a:7001,443
2a03:b0c0:2:f0:0:1:5f5c:f001,443
2a03:b0c0:0:1051::1ec0:5000,443
2a03:b0c0:0:1051::25ee:5000,443
2a12:bec4:1be0:e25b::1,443
2a03:b0c0:1:e0:0:1:38db:d001,443
2a03:b0c0:2:f0:0:1:5ce6:1001,443
2a03:b0c0:1:e0:0:1:2ef4:1,443
2a14:1b84:1000::471,8443
2a03:b0c0:1:e0:0:1:1f69:2001,443
2a03:b0c0:0:1051::1ec4:4000,443
2a03:b0c0:0:1051::1ec3:8000,443
2a03:b0c0:2:f0:0:1:5ce6:5001,443
2605:e440:f::2e5,443
2605:e440:48::11f,8443
2a03:b0c0:0:1051::1ec2:0,443
2a03:b0c0:1:e0:0:1:4ed3:1001,443
2a03:b0c0:2:f0:0:1:5c72:3001,443
2a03:b0c0:3:f0:0:1:fc42:c000,443
2603:c022:8012:623d:0:3a79:be4f:a108,443
2a03:b0c0:2:f0:0:1:605d:2001,443
2a10:c944:321::2d3,2053
2a05:f480:1c00:2b5:5400:5ff:fe1c:2d57,443
2a03:b0c0:1:e0:0:1:2b2a:9001,443
2a10:c944:321::7f2,443
2a03:b0c0:0:1051::2f3d:3000,443
2a12:a303:11a:3f::a,8443
2a03:b0c0:0:1051::1ec2:e000,443
2a03:b0c0:0:1051::1ec2:d000,443
2a03:b0c0:0:1051::2440:b000,443
2605:e440:f::4:105,443
2a13:4ac0:20:c:f816:3eff:fec3:4b14,443
2a0d:1643:28bc::1,443
2a03:b0c0:2:f0:0:1:5b52:1001,443
2a03:b0c0:2:f0:0:1:5b5e:8001,443
2a03:b0c0:0:1051::2574:2000,443
2605:e440:2::1:2a3,443
2605:e440:48::238,8443
2a03:b0c0:0:1051::243f:3000,443
2a03:b0c0:0:1051::323e:b000,443
2a03:b0c0:2:f0:0:1:5b52:8001,443
2a03:b0c0:1:e0:0:1:38db:9001,443
2603:c022:800a:3700:3db:152f:27f6:8c3d,443
2a01:6f0:ffff:a5dd::1,443
2a03:b0c0:1:e0:0:1:3ef3:8001,443
2a03:b0c0:2:f0:0:1:67a5:8001,443
2a01:7e00::f03c:93ff:fe5a:5f43,443
2a03:b0c0:1:e0:0:1:2aa1:6001,443
2a03:6f02::eef1,2053
2a03:b0c0:2:f0:0:1:48f3:a001,443
2a03:b0c0:3:f0:0:1:f9e3:6000,443
2a03:b0c0:2:f0:0:1:5c5b:6001,443
2a03:b0c0:2:f0:0:1:5b55:a001,443
2a03:d9c0:2000::90,443
2a03:b0c0:0:1051::22f4:d000,443
2a03:b0c0:1:e0::d26d:b001,443
2a03:b0c0:2:f0:0:1:5b6c:9001,443
2a03:b0c0:1:e0::e605:2001,443
2a03:b0c0:2:f0:0:1:5d6f:c001,443
2a03:b0c0:1:e0::e604:e001,443
2a03:b0c0:2:f0:0:1:5c5b:b001,443
2a03:b0c0:0:1051::23e1:5000,443
2a05:f480:1c00:869:5400:5ff:fe40:e97e,443
2603:c022:800e:7856:0:aa17:77d6:5d07,443
2a13:4ac0:10:0:f816:3eff:fe0a:40ef,8443
2600:3c13::2000:fdff:febc:a2aa,443
2a03:b0c0:0:1051::25ee:3000,443
2a01:7e00::f03c:93ff:fe5a:5f14,443
2a03:b0c0:0:1051::23e1:6000,443
2a13:7c00:5:23:f816:3eff:feab:9985,443
2001:19f0:7400:8278:5400:6ff:fe5c:5c2c,443
2a03:b0c0:1:e0:0:1:4eb9:9001,443
2a0b:7140:6:1:5054:ff:fe18:b233,2053
2a03:b0c0:0:1051::1ec6:5000,443
2a03:b0c0:0:1051::2e5f:1000,443
2a03:b0c0:0:1051::3307:7000,443
2a03:b0c0:1:e0:0:1:2169:d001,443
2a03:b0c0:2:f0:0:1:5db1:7001,443
2a04:92c7:2:146::3ec4,443
2a03:b0c0:1:e0:0:1:3ef3:5001,443
2a12:bec4:1ac0:ff2::,443
2a03:b0c0:2:f0:0:1:5cc9:2001,443
2a03:b0c0:0:1051::1ec0:6000,443
2a03:b0c0:2:f0:0:1:5c5e:4001,443
2401:c080:1c02:7e:5400:6ff:fe23:b6e5,443
2a03:b0c0:0:1051::23e1:7000,443
2001:19f0:7400:126f:5400:6ff:fe33:44ce,8443
2a03:b0c0:1:e0:0:1:33d0:5001,443
2a03:b0c0:3:f0:0:1:f958:b000,443
2a03:b0c0:0:1051::2412:8000,443
2a03:b0c0:3:f0:0:2:29a1:0,443
2a03:b0c0:2:f0:0:1:5c72:5001,443
2a13:7c00:5:31:f816:3eff:fee8:6b1d,443
2a03:b0c0:3:f0:0:1:fa7f:8000,443
2a03:b0c0:0:1051::2440:c000,443
2a03:b0c0:1:e0:0:1:341b:c001,443
2a03:b0c0:0:1051::2f3d:0,443
2a03:b0c0:1:e0:0:1:341b:9001,443
2a05:d014:17af:ed00:867a:57c1:96af:ae45,443
2a01:7e01::f03c:93ff:feb2:4a,443
2a03:b0c0:3:f0:0:1:f841:3000,443
2001:4b98:dc0:43:f816:3eff:fefc:5211,443
2a03:b0c0:3:f0:0:1:f7ff:4000,443
2a0c:b840:2:6b::a,8443
2a03:b0c0:1:e0:0:1:2bc3:5001,443
2a03:b0c0:2:f0:0:1:a935:e001,443
2a04:92c7:2:c9::36a4,8443
2a03:b0c0:1:e0:0:1:24b3:f001,443
2a03:d9c0:2000::206,443
2a03:b0c0:0:1051::1ec7:0,443
2a01:7e00::2000:9ff:feca:c9da,443
2401:c080:1c02:e58:5400:6ff:fe13:5c17,443
2a03:b0c0:1:e0:0:1:15b4:2001,443
2a03:b0c0:0:1051::26e5:1000,443
2a0b:3c40:11:2cc3::,443
2a03:b0c0:0:1051::2f3d:5000,443
2a03:b0c0:0:1051::23aa:e000,443
2a03:b0c0:1:e0:0:1:24b3:a001,443
2a03:b0c0:2:f0:0:1:5b7b:b001,443
2a03:b0c0:3:f0:0:1:e1cb:d000,443
2a03:b0c0:0:1051::1ec1:9000,443
2a03:b0c0:0:1051::25d0:9000,443
2a03:b0c0:1:e0:0:1:2ef4:1001,443
2a03:b0c0:3:f0:0:1:f7ff:6000,443
2a03:b0c0:2:f0:0:1:5cc9:1,443
2a03:b0c0:2:f0:0:1:5ce6:4001,443
2a03:b0c0:0:1051::1ebf:1000,443
2a0e:97c0:3e3:3aa::9,8443
2a03:b0c0:1:e0:0:1:33d0:b001,443
2a03:b0c0:2:f0:0:1:5b6d:6001,443
2a03:b0c0:1:e0:0:1:59d6:1,443
2a04:52c0:118:a049::1,8443
2001:4ba0:fff3:73::1,2053
2a03:b0c0:1:e0:0:1:341b:f001,443
2a03:b0c0:0:1051::2dbc:c000,443
2a03:b0c0:0:1051::23e1:4000,443
2a05:d01c:1ae:ba00:ce62:15fd:b8f:21a8,8443
2a03:b0c0:2:f0:0:1:987c:7001,2053
2603:c022:8011:a2ef:f2c7:e7bc:45ec:d1d8,443
2a03:b0c0:0:1051::26c5:6000,443
2a03:b0c0:3:f0:0:1:fa45:c000,443
2a01:6f0:ffff:ce69::1,443
2a03:b0c0:3:f0:0:1:fc43:3000,443
2a03:b0c0:1:e0::d26d:f001,443
2a03:b0c0:1:e0::cc31:c001,443
2a0b:4142:6e9::2,443
2602:fa59:1:2bb::1,443
2a03:b0c0:2:f0:0:1:5b6c:a001,443
2a0b:7140:6:1:5054:ff:fe79:6c59,2053
2a03:b0c0:2:f0:0:1:5c17:b001,443
2a03:b0c0:2:f0:0:1:5d72:a001,443
2a03:b0c0:3:f0:0:1:f9f0:8000,443
2a12:bec4:1a80:76::2,443
2a13:7dc0:2000:220::1,443
2a03:b0c0:0:1051::2652:3000,443
2401:c080:1c02:21e:5400:5ff:fed7:6204,2087
2a01:7e01::f03c:93ff:fee1:6c82,443
2a03:b0c0:1:e0:0:1:2b62:a001,443
2a03:b0c0:1:e0:0:1:33d0:6001,443
2a03:b0c0:1:e0:0:1:4ed3:1,443
2a03:b0c0:0:1051::1ebe:b000,443
2a03:b0c0:0:1051::1ebf:f000,443
2a03:b0c0:1:e0:0:1:2bc2:2001,443
2a01:7e01::f03c:93ff:fe4c:5ea3,443
2a03:b0c0:3:f0:0:1:f95b:5000,443
2a09:bac1:3f60::22:15e,8443
2a03:b0c0:3:f0:0:1:fa45:9000,443
2404:4408:67b5:1900::1,443
2a03:90c0:94:ffff::841,443
2a01:7e01::f03c:93ff:fe4c:568f,443
2600:3c0e::2000:14ff:fe21:face,443
2a03:b0c0:2:f0:0:1:6ebd:c001,443
2a03:b0c0:2:f0:0:1:5f5d:5001,443
2a01:7e01::f03c:93ff:fe4c:5683,443
2a0c:db40:0:8189::2,443
2a03:b0c0:2:f0:0:1:5c18:1,443
2a0c:db40:0:834b::2,443
2a03:b0c0:2:f0:0:1:5c5b:7001,2053
2a03:b0c0:0:1051::26e4:c000,443
2a01:8640:2:11::f9fc:3b46,2083
2a03:6f02::1:3d45,443
2a03:b0c0:0:1051::297a:7000,443
2a03:b0c0:3:f0:0:1:f9f0:9000,443
2a03:b0c0:1:e0:0:1:24b3:b001,443
2a0b:4142:7b2::2,443
2a03:b0c0:0:1051::1ec3:4000,443
2a03:b0c0:1:e0:0:1:3b6e:f001,443
2a03:b0c0:0:1051::2581:2000,443
2a03:b0c0:2:f0:0:1:5b6c:2001,443
2a03:b0c0:0:1051::278a:1000,443
2a03:b0c0:3:f0:0:1:f841:7000,443
2a0b:7080:20::1:2d55,443
2a03:b0c0:3:f0:0:1:fa45:8000,443
2a03:b0c0:0:1051::2282:5000,443
2a03:b0c0:2:f0:0:1:5d72:2001,443
2a03:b0c0:0:1051::2581:3000,443
2a03:b0c0:1:e0:0:1:2bc3:1001,443
2a0e:97c0:3ea:51a::1,443
2a03:b0c0:0:1051::26e5:0,443
2a03:b0c0:3:f0:0:1:fa7f:3000,443
2a03:b0c0:0:1051::1ec5:9000,443
2a03:b0c0:0:1051::25bb:8000,443
2a00:c98:2010:a010:0:2:0:2,443
2001:19f0:7402:143a:5400:6ff:fe3f:c38d,443
2a13:7c00:11:1:f816:3eff:fef6:50ca,443
2a03:b0c0:2:f0:0:1:5d6f:e001,443
2a05:d014:ed:9600:f52b:ab01:6bb:bc9d,443
2a0c:db40:0:80d7::2,443
2001:19f0:6c01:111c:5400:6ff:fe71:fb53,443
2a03:b0c0:1:e0:0:1:216a:1,443
2a03:b0c0:0:1051::1ebe:9000,443
2a04:52c0:140:9a9c::1,8443
2600:3c0e::2000:feff:fef7:b915,443
2a01:7e01::f03c:93ff:fe4c:5679,443
2a03:b0c0:2:f0:0:1:5b55:3001,443
2605:e440:48::1:29d,443
2a03:b0c0:2:f0:0:1:5db1:9001,443
2a09:bac1:5540:28::3e5:29,443
2a03:b0c0:0:1051::1ec9:e000,443
2a03:b0c0:3:f0:0:1:f95b:3000,443
2a03:b0c0:0:1051::1ec1:5000,443
2a13:4ac0:20:32:f816:3eff:fe08:8071,443
2603:c022:8001:6c11:bf03:707a:ed83:fcb6,443
2a03:b0c0:2:f0:0:1:5bcb:6001,443
2a03:b0c0:2:f0:0:1:5b55:5001,443
2a03:b0c0:1:e0:0:1:2b8b:6001,443
2001:19f0:c800:297f:5400:4ff:fe9d:905,443
2a13:7c00:11:1:f816:3eff:fecb:3d43,443
2a03:b0c0:0:1051::243f:5000,443
2a03:b0c0:1:e0:0:1:2b8b:8001,443
2a03:b0c0:0:1051::23d1:7000,443
2a01:8640:12:1::5796:e6e0,8443
2605:e440:48::1:350,443
2a0b:4142:c7b::2,443
2a03:b0c0:1:e0:0:1:1685:3001,443
2a03:b0c0:1:e0:0:1:2bc1:7001,443
2401:c080:1c00:2a83:5400:6ff:fe77:6b60,443
2a0c:db40:0:82c2::2,443
2a03:b0c0:2:f0:0:1:5ce5:d001,443
2a14:1b84:1000::fe1,8443
2a03:b0c0:0:1051::29bc:e000,443
2a03:b0c0:3:f0:0:1:fc42:b000,443
2001:67c:2f5c:2::7ef,443
2a0b:b7c4:1:81d5::1,443
2a0f:6284:62:e85f::1,2053
2a03:b0c0:3:f0:0:1:f7ff:a000,443
2a03:b0c0:3:f0:0:1:fc42:f000,443
2a03:b0c0:1:e0:0:1:2bc3:8001,443
2a03:b0c0:2:f0:0:1:5b5e:c001,443
2600:3c17::2000:9dff:fec4:dfe6,443
2a03:b0c0:1:e0::d810:e001,443
2a0b:4142:911::2,443
2a03:b0c0:0:1051::1ec5:2000,443
2a00:c98:400f:118:1c00:6bff:fe00:14c4,2053
2a03:b0c0:3:f0:0:1:fa2c:8000,443
2a03:6f02::fc30,443
2a03:b0c0:2:f0:0:1:5f95:7001,443
2a03:b0c0:2:f0:0:1:605c:9001,443
2a0a:c802:6:1::74,8443
2a03:b0c0:0:1051::23d2:1000,443
2a03:b0c0:3:f0:0:1:f959:b000,443
2a03:b0c0:1:e0:0:1:4c74:7001,443
2a01:7e01::f03c:93ff:fe5a:9f2f,443
2a03:d9c0:2000::1ac,443
2a04:dd00:26:9:216:3cff:fe80:96a3,443
2a03:b0c0:2:f0:0:1:6ebd:b001,443
2a03:b0c0:2:f0:0:1:5f5d:3001,443
2605:e440:9::2f0,8443
2a03:b0c0:2:f0:0:1:5d72:5001,443
2a03:b0c0:0:1051::276c:f000,443
2a03:b0c0:2:f0:0:1:5b7b:9001,443
2a03:b0c0:3:f0:0:1:fc64:3000,443
2a03:b0c0:3:f0:0:1:e1cb:8000,443
2a12:c740:2::791b:fdf9,443
2a03:b0c0:0:1051::25bb:7000,443
2a03:b0c0:0:1051::1df3:e000,443
2a03:b0c0:3:f0:0:1:f959:7000,443
2a03:b0c0:3:f0:0:1:fb58:e000,443
2a03:b0c0:3:f0:0:1:f849:c000,443
2a04:52c0:126:ab5::1,8443
2a03:b0c0:3:f0:0:1:f9cf:b000,443
2a03:b0c0:0:1051::2580:e000,443
2a00:1911:1:651e:ce4b:55a2:da19:a167,8443
2a09:0:9::1:122,443
2a03:b0c0:0:1051::1ebe:1000,443
2a01:7e01::f03c:93ff:fe5a:9f47,443
2001:19f0:6801:3b9:5400:5ff:fe5e:adb0,443
2a03:b0c0:0:1051::33ec:9000,443
2a03:b0c0:0:1051::2aba:0,443
2a09:0:9::1:cd,443
2a13:36c0:1ff:1453::1,8443
2a04:52c0:115:dc2b::1,443
2a01:7e02::2000:fff:fede:10df,2053
2a03:b0c0:0:1051::2e61:e000,443
2a03:b0c0:3:f0:0:1:fa2c:c000,443
2a0d:6c2:17:79c::,443
2a03:b0c0:1:e0:0:1:4eba:1001,443
2a03:b0c0:0:1051::1ebf:4000,443
2a03:b0c0:2:f0:0:1:2705:2001,443
2a03:b0c0:0:1051::1ec8:1000,443
2a03:b0c0:1:e0:0:1:2aa1:2001,443
2a03:b0c0:2:f0:0:1:487:c001,443
2a07:e03:3:da::1,443
2a01:7e01::f03c:93ff:fe5a:9fa3,443
2a03:b0c0:2:f0:0:1:5db1:b001,443
2a03:b0c0:2:f0:0:1:67a5:6001,443
2a03:b0c0:0:1051::2404:8000,443
2a03:b0c0:3:f0:0:1:f959:5000,443
2a0d:6c2:26:21e::,8443
2a03:b0c0:0:1051::2dbe:6000,443
2a03:b0c0:0:1051::2282:7000,443
2a04:dd00:26:9:216:3cff:fe7f:28d3,2053
2a05:d014:8b9:9a00:956:6eac:9250:66e7,443
2a03:b0c0:0:1051::1ebf:7000,443
2a0c:16c2:500:3aa::64ec,8443
2a00:c98:400f:116:1c00:59ff:fe00:12c7,8443
2001:19f0:7400:1cc0:5400:6ff:fe42:5280,2053
2a07:e03:3:131::1,443
2a03:b0c0:0:1051::23d1:2000,443
2a04:92c7:2:1af::d945,443
2a0c:16c2:500:c4c::e38a,443
2a03:b0c0:3:f0:0:1:fa45:1000,443
2a0b:4142:112d::2,8443
2a03:b0c0:2:f0:0:1:5c5b:a001,443
2a03:b0c0:2:f0:0:1:5d70:1,443
2a03:b0c0:3:f0:0:2:474c:7000,443
2001:19f0:6c01:c7f:5400:6ff:fe63:fe49,2096
2001:41d0:801:2000::38cf,443
2a03:b0c0:3:f0:0:1:fa2c:7000,443
2a0b:b7c4:1:15f6::1,443
2a03:b0c0:1:e0::d26d:e001,443
2a03:b0c0:0:1051::243f:f000,443
2a03:b0c0:3:f0:0:1:f9e3:4000,443
2a0b:4142:26f::2,8443
2001:67c:2f5c:2::2f,8443
2a03:b0c0:2:f0:0:1:60a8:f001,443
2a01:6f0:ffff:9bd7::1,443
2a03:b0c0:0:1051::323e:e000,443
2a14:1e00:1:eca::2,443
2a03:b0c0:2:f0:0:1:6042:1001,443
2a01:7e01::f03c:93ff:fe5a:9fe5,443
2a03:b0c0:3:f0:0:1:fc42:d000,443
2a0d:6c2:17:6ba::,8443
2a03:b0c0:0:1051::2f24:9000,443
2a12:bec4:1482:252::2,443
2a03:b0c0:2:f0:0:1:5db1:d001,443
2a03:b0c0:1:e0:0:1:2b8b:1001,443
2a03:6f02::2066,443
2a03:b0c0:3:f0:0:1:faa5:7000,443
2400:8d60:8::6b80:e38c,443
2a03:6f02::1:1938,443
2a03:b0c0:3:f0:0:1:fa1a:f000,443
2a01:7e01::f03c:93ff:fe4c:5636,443
2a03:b0c0:2:f0:0:1:5d72:1001,443
2605:e440:f::1:2c9,8443
2a04:5201:7::836,443
2001:4ba0:cafe:12b::1,443
2a03:b0c0:1:e0:0:1:2b2a:7001,443
2a03:b0c0:0:1051::1ec7:1000,443
2a03:b0c0:1:e0:0:1:38db:c001,443
2a03:b0c0:2:f0:0:1:6aad:d001,443
2a03:b0c0:1:e0::cc32:1,443
2a03:6f02::1:4793,2083
2a03:b0c0:1:e0:0:1:1685:5001,443
2a03:b0c0:2:f0:0:1:5ce5:e001,443
2a03:b0c0:1:e0::cc32:1001,443
2603:c022:c009:9b7e:b3fe:3431:4644:a8ba,443
2a03:b0c0:0:1051::1ec0:f000,443
2a0c:16c2:500:53f::b6d3,443
2a03:b0c0:0:1051::32fb:b000,443
2a0d:6c2:17:9b9::,443
2a03:b0c0:2:f0:0:1:5c5e:3001,443
2a03:b0c0:2:f0:0:1:5b6d:2001,443
2a03:6f02::1:44fc,443
2a03:b0c0:2:f0:0:1:5b7b:a001,443
2a03:b0c0:3:f0:0:1:f525:c000,443
2a00:c98:400f:115:1c00:9fff:fe00:1119,8443
2a03:b0c0:0:1051::2dbc:d000,443
2a03:b0c0:3:f0:0:1:f7ff:8000,443
2a03:6f02::fd59,443
2a03:b0c0:1:e0:0:1:2bc3:7001,443
2a0d:6c2:26:223::,443
2a03:b0c0:0:1051::2412:f000,443
2a03:b0c0:3:f0:0:1:fa2c:f000,443
2001:19f0:c800:2ff0:5400:4ff:fea7:cc3f,8443
2a03:b0c0:2:f0:0:1:5c18:1001,443
2a03:b0c0:1:e0:0:1:4ed2:b001,443
2a03:b0c0:0:1051::2405:1000,443
2a03:b0c0:3:f0:0:1:fa2c:a000,443
2a0c:16c2:500:f5d::397e,443
2a09:0:9::82,443
2a03:b0c0:0:1051::243f:0,443
2a0b:4142:123b::2,8443
2a03:b0c0:1:e0::d26e:1001,443
2a03:b0c0:1:e0:0:1:15b3:b001,443
2a14:1e00:1:2a::2,8443
2605:e440:f::2:80,8443
2a09:0:8000:71::a,443
2a03:b0c0:0:1051::2dbc:f000,443
2a03:b0c0:0:1051::1ec0:e000,443
2605:e440:f::1:3e5,443
2001:19f0:c800:29fa:5400:6ff:fe23:b183,443
2a03:b0c0:0:1051::323f:0,443
2a03:b0c0:3:f0:0:1:fa7f:7000,443
2a14:1b84:1000::139,443
2a03:f80:31:b33::1,443
2a03:b0c0:2:f0:0:1:5b6c:3001,443
2a03:b0c0:3:f0:0:1:fbd3:e000,443
2a03:b0c0:0:1051::2580:c000,443
2a06:f901:a:18b::6,8443
2a03:b0c0:3:f0:0:1:bdb3:e000,443
2a03:b0c0:0:1051::1df3:6000,443
2a13:7c00:11:10:f816:3eff:fe5f:640c,443
2a03:b0c0:3:f0:0:1:fbd3:f000,443
2a03:b0c0:0:1051::2752:9000,443
2a12:bec4:1ac0:16b::,2053
2a03:b0c0:3:f0:0:1:fa45:d000,443
2a03:b0c0:1:e0:0:1:3b6f:1001,443
2a03:b0c0:3:f0:0:1:f958:7000,443
2a03:b0c0:0:1051::278a:f000,443
2a03:b0c0:2:f0:0:1:6f49:5001,443
2a03:b0c0:0:1051::1ec6:a000,443
2a0e:97c0:711:10::321,443
2a03:6f02::c9fa,443
2a07:e03:3:fe::1,443
2a03:b0c0:2:f0:0:1:5b55:9001,443
2a0d:6c2:17:7b4::,443
2001:41d0:801:2000::1b01,8443
2a03:b0c0:3:f0:0:1:a958:c000,443
2a03:6f02::fceb,8443
2001:19f0:6c00:1a55:5400:5ff:fe04:ff7b,8443
2a03:6f02::d5b1,443
2a03:b0c0:3:f0:0:1:f959:8000,443
2a03:b0c0:2:f0:0:1:a5a:5001,443
2a03:b0c0:3:f0:0:1:fc64:0,443
2a03:b0c0:3:d0::1204:3001,443
2a13:4ac0:10:0:f816:3eff:fe5a:acab,2053
240d:c000:f05f:8b00:6e14:91c8:c42a:0,443
2a03:b0c0:1:e0:0:1:1685:1,443
2a04:92c7:2:12b::9bc4,8443
2406:da12:6e8:fe00:e55b:3d58:2054:c2b4,443
2a03:b0c0:2:f0:0:1:5c72:a001,443
2605:e440:2::3:6c,443
2a01:7e01::f03c:93ff:feb2:f6,443
2a03:b0c0:2:f0:0:1:5b6d:3001,443
2a03:b0c0:3:f0:0:2:474c:d000,443
2a0c:b847:ffff:150::a,443
2a03:b0c0:0:1051::2404:d000,443
2a03:b0c0:3:f0:0:2:9dc0:8000,443
2a03:b0c0:3:f0:0:1:f958:a000,443
2a03:b0c0:3:f0:0:1:fa2c:d000,443
2a03:b0c0:2:f0:0:1:6aad:e001,443
2a03:b0c0:2:f0:0:1:5db1:e001,443
2a03:b0c0:3:f0:0:1:f95b:1000,443
2a03:b0c0:3:f0:0:1:e1cc:3000,443
2a07:e03:3:148::1,443
2a03:b0c0:1:e0:0:1:2587:a001,443
2a03:b0c0:0:1051::2376:f000,443
2a0c:16c2:500:739::9864,443
2406:da12:801:2500:56a7:b5a9:839d:270,443
2a03:b0c0:3:f0:0:1:fd65:7000,443
2a03:b0c0:3:f0:0:2:3b31:a000,443
2a03:b0c0:0:1051::23d1:3000,443
2a03:b0c0:3:f0:0:1:f9d0:1000,443
2a03:b0c0:3:f0:0:1:f95b:9000,443
2001:19f0:5001:3b43:5400:6ff:fe75:4aa1,443
2a03:b0c0:3:f0:0:2:7a13:c000,443
2a0f:85c1:b73:4ef::a,443
2a03:b0c0:1:e0:0:1:38db:b001,443
2a03:b0c0:2:f0:0:1:5b7c:1,443
2a12:bec4:1ac0:5d4::,443
2a03:b0c0:3:f0:0:1:faa5:8000,443
2a09:bac5:27bf:2464::3a0:73,443
2a03:b0c0:3:f0:0:1:fa2c:9000,443
2a03:6f02::1:4e70,443
2a03:b0c0:3:f0:0:1:faa4:f000,443
2a01:7e01::f03c:93ff:feb2:99,443
2a01:7e01::f03c:93ff:feb2:64,443
2a03:b0c0:2:f0:0:1:5f5d:4001,2053
2a04:92c7:2:103::3598,443
2a03:b0c0:0:1051::1df3:c000,443
2a03:b0c0:3:f0:0:1:faec:9000,443
2a03:b0c0:2:f0:0:1:5c5d:d001,443
2a03:b0c0:0:1051::2abc:9000,443
2a0d:2787:1b:1380::a,8443
2a01:7e01::f03c:93ff:fe4c:5ed2,443
2a03:b0c0:0:1051::2366:b000,443
2a0b:4142:2f2::2,443
2605:e440:f::1:2b0,443
2a12:bec4:1ac0:e62::,8443
2a03:b0c0:2:f0:0:1:68e1:7001,443
2a03:b0c0:3:f0:0:1:f557:8000,443
2a03:b0c0:0:1051::1ec0:b000,443
2a03:b0c0:3:f0:0:1:f959:4000,443
2a03:b0c0:1:e0:0:1:3ef3:d001,443
2a03:b0c0:3:f0:0:1:f9e3:1000,443
2a03:b0c0:1:e0:0:1:33d0:7001,443
2a03:b0c0:0:1051::25bb:5000,443
2a05:f480:1800:364d:5400:6ff:fe76:30e0,443
2a03:b0c0:2:f0:0:1:5e32:e001,443
2a0c:b847:ffff:59::a,443
2600:3c17::2000:5cff:fe7f:44ef,443
2a03:b0c0:1:e0::d6ef:8001,443
2a00:c98:400f:114:1c00:64ff:fe00:f35,2053
2001:41d0:803:b400::f042:4519,8443
2a03:b0c0:3:f0:0:1:f9d0:3000,443
2a12:bec4:1871:64e::40b,443
2a05:f480:1400:391f:5400:6ff:fe7c:1d19,443
2a03:b0c0:0:1051::3243:1000,443
2a03:b0c0:2:f0:0:1:5d6f:b001,443
2a03:b0c0:2:f0:0:1:504c:2001,443
2a01:7e01::f03c:93ff:fe5a:9fd3,443
2a01:6f0:ffff:1457::1,443
2a03:b0c0:2:f0:0:1:5bcb:3001,2053
2a00:d880:6:f2::c73d,443
2a05:f480:1800:389d:5400:6ff:fe7a:c044,443
2a03:b0c0:0:1051::1ec9:7000,443
2a03:b0c0:3:f0:0:1:e1cb:6000,443
2400:8d60:8::3a37:c17a,443
2a0c:16c2:500:dd9::cd43,443
2a03:b0c0:1:e0:0:1:341b:a001,443
2a03:3f40:2:203:0:17:0:5,443
2a03:6f02::1:2639,443
2a05:f480:1800:35a0:5400:6ff:fe4a:9392,443
2a03:b0c0:0:1051::3307:9000,443
2a0c:16c2:500:c23::8264,443
2a03:b0c0:1:e0::e287:8001,443
2a03:6f02::a45e,443
2a0c:16c2:500:6af::a2ec,8443
2a03:6f02::1:18,2096
2a03:b0c0:2:f0:0:1:5e32:9001,443
2a03:b0c0:3:f0:0:1:fde5:d000,443
2a03:b0c0:0:1051::3062:7000,443
2a03:6f02::1:30b2,443
2a03:b0c0:0:1051::26e4:b000,443
2a03:b0c0:3:f0:0:1:f829:8000,443
2a09:bac1:3f60::22:167,8443
2a06:a880:2:4eca::1,443
2a03:b0c0:3:f0:0:2:ce8:7000,443
2a03:b0c0:3:f0:0:2:721b:a000,443
2a05:d014:fc9:4300:5130:7823:d08b:2353,443
2a14:1e00:1:798::2,8443
2a03:6f02::4f27,443
2a03:b0c0:2:f0:0:1:5db2:1,443
2a03:b0c0:1:e0:0:1:1f69:5001,443
2a03:b0c0:3:f0:0:2:e49:7000,443
2a03:b0c0:1:e0:0:1:15b3:a001,443
2a03:b0c0:0:1051::2574:a000,443
2a03:b0c0:0:1051::29bc:a000,443
2a03:b0c0:0:1051::2440:6000,443
2a0c:16c2:500:377::3285,8443
2a03:b0c0:0:1051::1ec6:b000,443
2a03:b0c0:2:f0:0:1:60a8:a001,443
2a0e:97c0:3f6::332,443
2a01:7e02::2000:d0ff:feb1:c41c,443
2a03:f80:31:2061::1,2087
2a03:b0c0:0:1051::1ec8:c000,443
2a03:6f02::1:3151,8443
2a0c:16c2:500:bb::58dc,2053
2a03:b0c0:2:f0:0:1:9aad:6001,443
2602:fc16:2:4af::24b9,2053
2a03:6f02::1:4157,2053
2a05:f480:1800:23a6:5400:6ff:fe7b:9525,2096
2a03:b0c0:0:1051::1ec4:5000,443
2a03:b0c0:3:f0:0:2:930b:7000,443
2a03:6f02::9f8a,443
2a03:b0c0:2:f0:0:1:5f5d:1001,443
2a03:b0c0:1:e0:0:1:2572:a001,2053
2a03:6f02::1:4def,443
2a03:b0c0:0:1051::1ec4:6000,443
2a11:840:62:1b::ef73:f5a5,443
2a06:f901:a:2f::2,443
2a03:b0c0:0:1051::1ec5:0,443
2a01:7e01::f03c:93ff:feb2:a8,443
2a03:b0c0:0:1051::29e8:a000,443
2a00:c98:400f:114:1c00:3bff:fe00:f02,8443
2a03:6f02::bc83,2053
2a03:b0c0:2:d0::e04:a001,443
2a05:f480:1800:350d:5400:6ff:fe3a:435,443
2a0d:2787:1b:13c0::a,443
2a0b:4142:e90::2,443
2a0a:4cc0:c0:8bed:854:cff:fe3b:3892,443
2a03:6f02::7920,2053
2a03:b0c0:2:f0:0:1:10b9:c001,443
2a13:7c00:11:1:f816:3eff:febf:41cd,8443
2a03:b0c0:0:1051::26c5:c000,443
2a03:b0c0:2:f0:0:1:5d6f:a001,443
2a03:f80:31:6270::1,443
2a03:b0c0:3:f0:0:1:fa45:b000,443
2a03:b0c0:3:f0:0:1:e1cb:4000,443
2a0f:ca80:b00b:122::5,443
2a03:b0c0:3:f0:0:1:fa45:e000,443
2a03:b0c0:3:f0:0:1:fa2c:e000,443
2a03:b0c0:0:1051::1ebe:c000,443
2a13:36c0:0:2d0::1,443
2a03:b0c0:3:f0:0:1:f841:9000,443
2a03:b0c0:0:1051::2dbc:e000,443
2a03:b0c0:2:f0:0:1:5b6c:f001,443
2a03:b0c0:0:1051::1ec3:9000,443
2a03:b0c0:3:f0:0:1:f025:4000,443
2a03:b0c0:2:f0:0:1:6042:1,443
2a04:52c0:110:58ca::1,443
2a03:b0c0:2:f0:0:1:47d4:6001,443
2a03:b0c0:0:1051::22f5:c000,443
2a03:b0c0:1:e0:0:1:4ed2:a001,443
2a13:4ac0:10:0:f816:3eff:fe7c:5781,2053
2a10:1fc0:11::5d0e:e735,443
2a09:6382:4000:5:45:155:169:170,443
2a03:4000:32:23b:e403:e9ff:fee9:b9c6,443
2605:e440:2::c7,443
2a03:b0c0:3:f0:0:1:fe14:7000,443
2a03:b0c0:1:e0::cc32:4001,443
2a03:b0c0:0:1051::2abb:a000,443
2001:19f0:6c01:1886:5400:6ff:fe21:76e6,443
2a13:d201:1:17d::1,443
2a12:bec4:1ac0:9b::,443
2a03:b0c0:0:1051::3243:9000,443
2a03:6f02::c681,443
2a02:27ab:0:2::51d,8443
2a03:b0c0:3:f0:0:2:ce8:9000,443
2a03:6f02::e102,443
2a0c:db40:0:8072::2,443
2a03:b0c0:0:1051::32cd:e000,443
2a03:b0c0:0:1051::1ec8:7000,443
2a0d:2787:1e:69d::a,443
2602:fa59:1:162::1,443
2a05:d014:aa3:f400:c4a9:843e:10ad:7f25,443
2a03:b0c0:1:e0:0:1:24b3:6001,443
2a14:1b84:1000::871,8443
2a02:27ab:8000::b81,443
2a12:bec4:1a80:14c::2,443
2a07:4680:0:5:f816:3eff:fe11:774f,2053
2a03:b0c0:3:f0:0:1:f95b:7000,443
2a03:b0c0:0:1051::276d:0,443
2a03:b0c0:1:e0:0:1:3ef3:b001,443
2a03:b0c0:0:1051::22f5:1000,443
2a03:6f02::1:a1,443
2a03:b0c0:0:1051::2311:2000,443
2a03:b0c0:0:1051::32fb:4000,443
2a0b:4142:9d4::2,443
2a03:b0c0:3:f0:0:1:f9cf:d000,443
2a03:b0c0:2:f0:0:1:9ac:1001,443
2a03:b0c0:3:f0:0:1:fc43:1000,443
2a03:b0c0:1:e0:0:1:1685:4001,443
2a0b:4142:842::2,8443
2a03:b0c0:0:1051::1ec8:8000,443
2a03:b0c0:0:1051::1ebe:a000,443
2a03:3f40:2:203:0:1b:0:8,443
2a12:9080:2:38::a,443
2a02:27ab:8000::14d1,8443
2a03:b0c0:0:1051::2574:9000,443
2a05:b40:0:664:0:10:e776:94c9,443
2a03:b0c0:1:e0:0:1:2b8f:2001,443
2a02:27ab:8000::d99,8443
2a03:b0c0:0:1051::276d:5000,443
2a03:b0c0:0:1051::1ec1:2000,443
2a03:b0c0:0:1051::243e:f000,443
2a03:b0c0:1:e0::e604:d001,443
2a12:9080:7:78::a,443
2a03:b0c0:2:f0:0:1:5c5d:e001,443
2a03:b0c0:1:e0:0:1:2aa1:1,443
2a03:b0c0:2:f0:0:1:a935:1001,443
2a03:b0c0:2:f0:0:1:67e7:6001,443
2a03:6f02::d19d,2053
2a03:b0c0:2:f0:0:1:5b52:6001,443
2a03:b0c0:2:f0:0:1:5c72:1001,443
2a14:1e00:1:57c::1,443
2a03:b0c0:3:f0:0:1:faa5:1000,443
2602:fcc0:5555:24ee::1,443
2a0e:97c0:3e3:72e::1,8443
2a03:b0c0:2:f0:0:1:47d4:a001,443
2605:e440:48::3e3,443
2a03:b0c0:3:f0:0:1:f011:a000,443
2a0e:97c0:3ea:1b4::1,2053
2a03:b0c0:0:1051::2651:e000,443
2a03:b0c0:2:f0:0:1:605c:b001,443
2a03:b0c0:3:f0:0:1:e1cb:c000,443
2001:41d0:801:2000::2cfa,443
2600:3c0e::2000:7ff:fe79:326,443
2a01:7c8:aabb:8f:5054:ff:febd:979a,443
2a03:b0c0:3:f0::1512:e000,443
2a03:b0c0:3:f0:0:1:faec:d000,443
2a03:b0c0:0:1051::3243:4000,443
2a03:b0c0:3:f0:0:1:fc42:e000,443
2a03:b0c0:1:e0::cc31:d001,443
2a03:b0c0:0:1051::29e9:4000,443
2605:e440:9::2:69,2053
2a01:7e01::2000:2aff:fe30:a4ed,443
2a13:7c00:11:1:f816:3eff:fe1d:86fc,443
2a03:b0c0:1:e0:0:1:2b62:c001,443
2001:67c:2f5c:2::5a2,443
2a03:b0c0:1:e0:0:1:3ef3:c001,443
2a03:b0c0:3:f0:0:1:9856:1000,443
2a03:b0c0:0:1051::2752:4000,443
2a03:b0c0:3:f0:0:1:fa1a:c000,443
2a03:b0c0:3:f0:0:2:2f90:3000,443
2a14:1e00:1:d66::,443
2a03:b0c0:3:f0:0:1:faa5:5000,443
2a03:b0c0:2:f0:0:1:5bcb:8001,443
2a13:36c0:0:121::1,443
2a03:b0c0:1:e0:0:1:2f1f:e001,443
2a04:dd00:26:9:216:3cff:fe89:27ce,443
2a03:b0c0:1:e0:0:1:38db:f001,443
2a09:bac5:4e20:26fa::3e2:e,443
2a03:b0c0:0:1051::26e4:8000,443
2a01:7e01::f03c:95ff:fe44:8a30,443
2406:da12:814:8602:103b:8672:1c54:53b2,443
2a03:b0c0:0:1051::2c25:4000,443
2a03:b0c0:0:1051::2f24:a000,443
2a03:b0c0:0:1051::23aa:f000,443
2602:fa59:1:195::1,443
2a03:b0c0:3:f0:0:1:97dd:d000,443
2a03:b0c0:0:1051::304b:f000,443
2603:c022:8011:a2ef:9bb6:951d:353d:7703,443
2a02:2658:1033:1:216:3eff:fee4:7ab1,2053
2a03:b0c0:1:e0:0:1:33d0:4001,443
2406:da12:801:2502:e540:2e6e:f2ee:7a92,443
2a03:6f02::1:6b74,443
2a03:b0c0:0:1051::2652:6000,443
2a03:b0c0:3:f0:0:2:509c:4000,443
2a03:b0c0:3:f0:0:1:f7ff:2000,443
2a03:b0c0:2:f0:0:1:6abe:a001,443
2a0c:16c2:500:f2f::693d,443
2a03:b0c0:3:f0:0:1:faec:a000,443
2a03:b0c0:1:e0:0:1:2bc3:2001,443
2a13:4ac0:10:0:f816:3eff:feef:d0c6,8443
2a02:6b40:2000:1ffd::1,8443
2a03:b0c0:0:1051::2e5e:a000,443
2a0e:97c0:3ea:80c::1,8443
2a03:b0c0:0:1051::22f4:c000,443
2001:19f0:5000:1f70:5400:6ff:fe3e:9256,443
2001:67c:2f5c:2::2cd,8443
2a03:6f02::1:1762,443
2a02:6b40:2000:1e9a::1,443
2a14:1e00:1:781::,2096
2a03:b0c0:1:e0:0:1:2b2a:c001,443
2a03:b0c0:2:f0:0:1:5b7b:e001,443
2a02:6b40:2000:102f::1,443
2a01:7c8:d006:406:5054:ff:fe92:8c40,443
2a03:b0c0:1:e0:0:1:2135:3001,443
2a0e:97c0:3ea:69b::1,2053
2a11:6100:0:1242::,443
2a13:36c0:1ff:1162::1,443
2a01:7e01::f03c:93ff:fe4c:5e86,443
2a0d:7c40:3000:4d9::2,443
2a03:b0c0:0:1051::1ec8:4000,443
2a02:27ab:8000::1261,8443
2a03:b0c0:3:f0:0:1:f9f0:a000,443
2a03:6f02::1:5dd8,8443
2a03:b0c0:3:f0:0:1:9856:5000,443
2a03:b0c0:2:f0:0:1:6aae:1001,443
2a01:7e01::f03c:93ff:feb2:8a,443
2a03:b0c0:0:1051::1ec0:1000,443
2a02:27ab:8000::14e1,8443
2a03:b0c0:0:1051::2580:a000,443
2a03:b0c0:0:1051::25d0:7000,443
2605:6f0a:2000:13::5c46:3350,8443
2a03:b0c0:0:1051::2310:b000,443
2a03:b0c0:0:1051::29e8:b000,443
2a01:7e01::2000:fbff:fe9d:b275,443
2a03:b0c0:3:f0:0:1:f959:3000,443
2a03:b0c0:3:f0:0:1:faa5:6000,443
2a02:27ab:8000::b81,8443
2a02:6b40:2000:26b2::1,8443
2a02:6b40:2000:759::1,443
2a03:b0c0:0:1051::1ec2:a000,443
2a03:6f02::1:6a57,8443
2a03:b0c0:0:1051::1ec0:0,443
2a13:7c00:5:23:f816:3eff:fe18:e3c,443
2a03:b0c0:3:f0:0:1:e1cc:2000,443
2a0a:eec0:2::221,443
2a03:b0c0:3:f0:0:1:f7ff:9000,443
2a0c:b9c0:f:4335::1,443
2a03:b0c0:3:f0:0:2:474c:a000,443
2001:19f0:5001:1168:5400:6ff:fe10:2b0b,443
2a03:b0c0:3:f0:0:1:fe14:8000,443
2a03:b0c0:3:f0:0:1:f849:f000,443
2a0f:b240:18:9b::1,443
2a03:b0c0:2:f0:0:1:5c72:2001,443
2a03:b0c0:3:f0:0:1:fa7f:2000,443
2a03:b0c0:1:e0:0:1:40b5:b001,443
2a03:b0c0:3:f0:0:1:fb58:f000,443
2a03:4000:4d:a94:54a1:28ff:feea:800c,443
2a03:6f02::1:3cfa,443
2406:da12:801:2500:55aa:c3c6:635b:e3f3,443
2a03:b0c0:0:1051::29bc:b000,443
2a02:6b40:2000:1965::1,443
2a01:7e02::f03c:95ff:fea8:4f,443
2a03:b0c0:0:1051::2752:3000,443
2a04:92c7:2:131::b96e,443
2a0c:16c2:500:45a::a9d3,443
2a03:b0c0:0:1051::29e8:d000,443
2a03:b0c0:2:d0::eef:d001,443
2600:3c07::2000:38ff:fe79:762,443
2a03:b0c0:0:1051::2366:3000,443
2a03:b0c0:2:f0:0:1:47d4:b001,443
2a05:f480:1800:3b56:5400:6ff:fe54:c44e,8443
2a13:36c0:1ff:1241::1,443
2a03:b0c0:2:f0:0:1:6aae:2001,443
2a03:b0c0:2:f0:0:1:5c72:8001,2053
2a03:b0c0:3:f0:0:2:ae22:0,2053
2a07:e042:1:1e1::1,443
2a12:bec4:1ac0:725::,8443
2a03:6f02::1:4ded,2053
2a00:b703:fff1:8::1,443
2a12:bec4:1da0:20::a,443
2a03:b0c0:3:f0:0:1:fdb0:f000,443
2a03:b0c0:3:f0:0:2:2f90:0,443
2a0b:4142:7cb::2,8443
2a0d:2787:1e:708::a,443
2600:1900:40c0:7fa::,443
2a02:6b40:2000:1d4c::1,2053
2605:e440:48::1:1f2,443
240d:c000:f05f:7300:24c:39e0:5c8c:0,443
2a0d:2787:1b:e0f::a,443
2001:bc8:1640:7db0:dc00:ff:fe6c:f54f,443
2a03:b0c0:3:f0:0:2:572f:a000,443
2a02:27ab:8000::1471,8443
2a01:8640:11:1::1811:7903,2083
2001:41d0:801:2000::447b,443
2a0f:85c1:b73:604::a,443
2a03:6f02::a5fb,443
2a0f:ca80:b00b:11c::5,443
2a03:b0c0:3:f0:0:1:fe14:e000,443
2a0d:6c2:17:818f::,8443
2a03:b0c0:2:f0:0:1:a5a:1,443
2a12:bec4:1bb0:81f::2,8443
2001:1af8:4e00:a00b:e::2000,443
2a04:5201:10:5c::1,443
2a02:6b40:2000:4c1::1,443
2a14:1e00:1:906:761d:d98a:b11c:76d2,443
2a03:b0c0:0:1051::2752:1000,443
2a05:d014:d9a:2000:9bf:4d5e:a15a:ebba,443
2a03:b0c0:2:f0:0:1:47d4:7001,443
2605:e440:48::55,443
2a09:31c0:cafe::79,2053
2a06:f901:a:18b::9,8443
2a00:1ca8:2e::f3df:804e,443
2a03:b0c0:0:1051::2752:0,443
2a0c:16c2:500:2f2::2bc7,443
2a03:b0c0:2:f0:0:1:5f95:e001,443
2a12:bec4:1bb0:6ef::2,443
2a03:b0c0:2:f0:0:1:6abe:c001,443
2a00:c98:4005:40a:0:3:0:2,443
2a03:b0c0:1:e0::d26e:1,443
2a02:c207:3019:5283::1,8443
2a04:5201:7::6a9,443
2a01:7e01::f03c:93ff:fe5a:9f20,443
2a03:b0c0:2:f0:0:1:47d4:3001,443
2a03:b0c0:2:f0::ecbd:9001,8443
2605:e440:2::2:2e3,443
2a03:b0c0:0:1051::2310:f000,443
2a0b:7140:5:1:5054:ff:fe5d:49d1,8443
2a03:b0c0:0:1051::1ec2:8000,443
2a03:b0c0:0:1051::276c:d000,443
2a03:b0c0:3:f0:0:1:f9d0:2000,443
2a01:7e01::f03c:93ff:fe4c:56da,443
2a03:b0c0:0:1051::1ebe:e000,443
2a03:6f02::1:28b0,8443
2a02:6b40:2000:157f::1,8443
2a05:8280:f:43dd::1,443
2a03:b0c0:3:f0:0:1:9e72:d000,443
2a03:6f02::1:4d80,443
2a02:c207:3019:8137::1,8443
2a0a:4cc0:c0:623e:2835:4ff:fe25:1d3d,443
2a03:b0c0:3:f0:0:1:f84a:1000,443
2a02:6b40:2000:df6::1,443
2a03:b0c0:1:e0:0:1:2b63:3001,443
2a03:b0c0:1:e0:0:1:2b62:e001,443
2a10:1fc0:11::84d0:9703,8443
2a03:6f02::1:1d1d,443
2001:4b98:dc0:43:f816:3eff:fecb:9e3e,443
2a04:52c0:128:22a0::1,443
2a00:c98:4005:40a:0:2:0:2,443
2a03:b0c0:3:f0:0:1:f829:b000,443
2a0a:4cc0:c1:23ce:68f1:b1ff:fef0:ce2e,8443
2a0d:6c2:26:488::,443
2a02:6b40:2000:26ea::1,8443
2a03:b0c0:2:f0:0:1:6041:c001,443
2a03:b0c0:1:e0:0:1:4eb9:a001,443
2a03:b0c0:2:f0:0:1:cac:1001,443
2a0c:8a41:2100::d,443
2a02:6c8:8000:f::fcb4:fe54,443
2a14:1b84:1000::5b9,8443
2a0c:16c2:500:67d::34ea,443
2a12:bec4:1bb0:90a::2,443
2a03:b0c0:3:f0:0:1:faa5:0,443
2a14:1b84:1000::f9,443
2a03:b0c0:3:f0:0:1:fce0:6000,443
2a03:b0c0:1:e0:0:1:4eb9:c001,443
2a01:7e01::f03c:93ff:fe5a:9fcd,443
2a12:bec4:1651:104::c0b,2053
2a03:b0c0:2:f0:0:1:5f95:9001,443
2a03:6f02::1:44e0,443
2a03:b0c0:0:1051::32f3:4000,443
2a02:6b40:2000:2d3c::1,443
2a03:b0c0:0:1051::1ec2:1000,443
2a03:b0c0:2:f0:0:1:5cc8:f001,443
2a03:b0c0:0:1051::1ec9:a000,443
2a04:dd00:26:9:216:3cff:fea6:731d,8443
2a14:1ec7:10a1:da80::1,8443
2a05:93c0:1006:100a:f816:3eff:fe93:585d,443
2a03:b0c0:3:f0:0:1:f9d0:0,443
2a03:afc0:9::23fc,443
2a03:b0c0:0:1051::2f3d:2000,443
2a13:4ac0:10:0:f816:3eff:fe64:3dbe,443
2a03:b0c0:0:1051::276c:c000,443
2a02:6b40:2000:26e2::1,443
2a00:b703:fff1:bb::1,443
2a03:b0c0:3:f0:0:1:f959:6000,443
2401:4520:2016::a,443
2a00:c98:2030:a03d:0:4:0:2,443
2a03:b0c0:3:f0:0:1:e1cb:5000,443
2a0d:6c2:27:210::,443
2a03:b0c0:3:f0:0:1:e1cc:1000,443
2a03:b0c0:0:1051::2751:f000,443
2a03:b0c0:2:f0:0:1:5f95:8001,443
2a02:6b40:2000:16fb::1,443
2a03:b0c0:1:e0:0:1:1f68:d001,443
2a01:7e01::f03c:93ff:feb2:7a,443
2a11:6100:0:5da0::,443
2a03:d9c2:100:111f::a,443
2a03:b0c0:1:e0:0:1:2369:b001,443
2a03:b0c0:3:f0:0:1:f958:e000,443
2a12:4047:2495:7831::1,443
2a05:541:103:17b::1,443
2a03:b0c0:3:f0:0:2:2fa6:8000,443
2a03:b0c0:0:1051::323e:9000,443
2a03:b0c0:3:f0:0:1:f849:8000,443
2a03:6f02::83a0,443
2a0d:1643:2b45::1,443
2a0b:4142:21d::2,443
2a03:6f02::e40a,443
2a03:b0c0:2:f0:0:1:605d:5001,443
2a03:b0c0:0:1051::278a:2000,443
2a04:52c0:130:4e5d::1,443
2a03:b0c0:3:f0:0:1:f841:a000,443
2a02:6b40:2000:2eb::1,443
2a03:b0c0:0:1051::29e8:c000,443
2a03:b0c0:0:1051::1ec6:0,443
2a13:4ac0:20:c:f816:3eff:fe5b:9802,443
2a02:c207:2293:7994::1,8443
2a03:b0c0:1:e0:0:1:2bc1:9001,443
2001:1af8:5301:137:1c00:35ff:fe00:241c,8443
2a03:b0c0:2:f0:0:1:5c5e:1,443
2a03:b0c0:3:f0:0:1:fbd4:3000,443
2a03:b0c0:0:1051::1ec2:7000,443
2a03:6f02::eea2,443
2a03:b0c0:0:1051::2e61:a000,443
2001:470:1f15:262::3,8443
2001:67c:2f5c:2::326,443
2a13:4ac0:20:10:f816:3eff:fec7:f888,443
2a02:6b40:2000:149a::1,443
2a12:bec4:1bb0:167a::2,443
2a02:6b40:2000:10bd::1,443
2a03:b0c0:3:f0:0:1:f958:f000,443
2a03:b0c0:3:f0:0:1:f9cf:a000,443
2a03:b0c0:3:f0:0:1:f829:a000,443
2a10:c944:321::4f0,443
2a03:b0c0:3:f0:0:2:e49:3000,443
2a03:6f02::1:6d79,443
2a02:c207:2338:7511::1,2087
2a03:b0c0:3:f0:0:1:f011:5000,443
2a03:b0c0:0:1051::26c5:5000,443
2a03:b0c0:3:f0:0:1:fa45:7000,443
2a03:b0c0:2:f0:0:1:6abe:b001,443
2a03:b0c0:3:f0:0:2:e49:6000,443
2a10:c944:321::43e,443
2a02:6b40:2000:193f::1,443
2a03:b0c0:3:f0:0:1:f959:0,443
2a03:6f02::c183,443
2001:1af8:5301:135:1c00:41ff:fe00:227f,443
2a12:bec4:1bb0:a6c::2,443
2a03:b0c0:1:e0:0:1:2ef4:3001,443
2a04:52c0:101:4c6::,443
2a03:6f02::cce6,443
2a03:b0c0:1:e0:0:1:2169:f001,443
2a03:6f02::1:4201,443
2a03:b0c0:3:f0:0:1:fa46:6000,443
2a14:1e00:1:531::,443
2001:19f0:c800:2699:5400:4ff:fe7c:3c05,8443
2a02:6b40:2000:2c04::1,2096
2605:e440:2::3:178,8443
2a03:b0c0:0:1051::2404:b000,443
2a03:b0c0:0:1051::1ec5:1000,443
2a05:d014:aa3:f400:74c7:e7fb:6fc:7cf0,443
2a02:6b40:2000:1f54::1,443
2a10:c944:321::207,443
2a0f:b240:18:b8::1,443
2a13:d201:1:148::1,443
2a12:bec4:1bb0:1c8e::2,443
2a0d:6c2:26:476::,8443
2406:da12:801:2500:dcf9:a786:58d0:e4d3,443
2a02:6b40:2000:1acc::1,443
2407:cdc0:f008:101::,443
2a03:b0c0:0:1051::2376:a000,443
2a03:b0c0:1:e0:0:1:8e90:d001,443
2a12:bec4:1bb0:1839::2,2083
2a02:6b40:2000:e76::1,8443
2a11:6100:0:19ea::,443
2a03:b0c0:0:1051::29bc:9000,443
2a03:b0c0:3:f0:0:1:f958:8000,443
2a03:b0c0:0:1051::2366:7000,443
2a03:b0c0:0:1051::323e:a000,443
2a03:b0c0:3:f0:0:1:f9f0:e000,443
2a01:7e01::f03c:93ff:fe5a:9f48,443
2a03:b0c0:3:f0:0:1:a582:3000,443
2a03:b0c0:0:1051::25bb:3000,443
2a03:6f02::b490,443
2a03:b0c0:0:1051::2f3d:4000,443
2a03:b0c0:1:e0:0:1:4eb9:b001,443
2a02:6b40:2000:23e6::1,443
2a03:b0c0:0:1051::2abc:7000,443
2a09:0:8000:110::a,8443
2a03:b0c0:3:f0:0:1:e1cc:5000,443
2a12:bec4:1460:55d::2,2053
2a03:b0c0:0:1051::1ebe:d000,443
2a03:b0c0:0:1051::3243:5000,443
2a03:b0c0:3:f0:0:2:29a0:5000,443
2406:da12:14e:7700:ba41:3518:a641:a07a,443
2a0e:97c0:3ea:3c8::1,8443
2a05:f480:1400:3deb:5400:6ff:fe45:212f,443
2400:8d60:11::2b08:c194,8443
2a10:c944:321::40,443
2a00:c98:400f:111:1c00:52ff:fe00:b4f,443
2a03:b0c0:0:1051::1df3:7000,443
2605:e440:48::297,443
2a03:b0c0:2:f0:0:1:60a8:b001,443
2a13:7dc0:2000:d3::1,443
2a0f:f01:206:185::,443
2a03:b0c0:0:1051::3302:0,443
2a10:c944:321::201,443
2a03:b0c0:3:d0::13de:4001,443
2a02:6b40:2000:2cd1::1,443
2a03:6f02::7744,443
2a03:b0c0:2:f0:0:1:60a9:1001,443
2a03:b0c0:2:f0:0:1:6501:4001,443
2a03:b0c0:3:f0:0:2:ebc:5000,443
2a0c:480:a7::1,443
2a02:c207:2317:8128::1,443
2605:e440:e::183,8443
2407:cdc0:f004:7512:b52e:323b:84a6:7e5a,443
2a03:b0c0:0:1051::2abb:1000,443
2a00:c98:400f:115:1c00:22ff:fe00:10b6,443
2a0c:db40:0:836c:aa49:d061:c9af:1366,443
2a10:ab80:3e3::2,8443
2a02:6b40:2000:1c26::1,443
2a12:bec4:1a80:231::2,8443
2a02:6b40:2000:a72::1,443
2a02:6b40:2000:28b9::1,443
2602:fa59:5:475::1,443
2a03:b0c0:0:1051::1ebf:2000,443
2a13:4ac0:20:2d:f816:3eff:fe24:df0e,8443
2a01:7e01::f03c:92ff:fef7:627b,443
2605:e440:48::36,443
2a03:b0c0:1:e0:0:1:2bc3:9001,443
2a0f:6284:67:770::1,443
2a12:bec4:1871:d9c::116,443
2a0d:6c2:17:1a4::,443
2a01:8640:2:11::13b5:4583,443
2a03:6f02::c91a,443
2a12:bec4:1ac0:8d4::,443
2a12:bec4:1df0:8f::a,443
2a03:b0c0:1:e0:0:1:2aa0:d001,443
2a03:b0c0:0:1051::25bb:2000,443
2a03:b0c0:0:1051::1ec7:8000,443
2a03:b0c0:3:f0:0:1:f84a:0,443
2a03:b0c0:3:f0:0:1:fa7f:0,443
2603:c025:0:e1ee:0:ccf6:fbf9:aeb2,443
2a12:9080:0:2c::a,443
2a0f:f01:200:c1::,443
2a0d:2787:1b:137e::a,2053
2a12:bec4:1ac0:40c::,443
2a12:bec4:1bb0:269b::2,2053
2a12:bec4:1bb0:187b::2,443
2a00:c98:2050:a04d:1::7200,443
2a03:b0c0:0:1051::22f4:e000,443
2a03:b0c0:0:1051::1ebe:0,443
2a0f:6284:67:d119::1,443
2406:da12:801:2501:e8f2:2fa6:acc8:3ba8,443
2a0b:4142:906::2,443
2a03:6f02::95cb,443
2a03:b0c0:3:f0:0:1:f95b:6000,443
2401:3bc0:100f:221:5054:ff:fe61:3bcd,8443
2a12:bec4:1bb0:1edd::2,443
2a03:b0c0:0:1051::32fb:5000,443
2a12:bec4:1480:a9::2,8443
2a12:8d02:2100:136:26a3:f0ff:fe45:14a7,443
2a12:bec4:1482:34c::2,443
2a0b:b7c4:1:4fc7::1,443
2a02:c207:2303:4762::1,443
2a13:4ac0:28:0:f816:3eff:fe36:8679,443
2a12:bec4:1482:2f8::2,443
2404:a3c0:6:5a:5868:93ff:fe00:592,443
2a10:ab80:3e3:6b::2,443
2001:1af8:5301:132:1c00:5fff:fe00:1ff6,443
2a12:bec4:1ac0:714::,8443
2a12:bec4:1bb0:1590::2,443
2600:3c17::2000:65ff:fe07:e99b,443
2a03:b0c0:0:1051::278a:6000,443
2a06:f901:1:100::c5,443
2a03:b0c0:3:f0:0:2:cbc:3000,443
2a03:b0c0:0:1051::1ec1:8000,443
2a03:b0c0:1:e0:0:1:2b8f:5001,443
2a12:bec4:1bb0:53d::2,443
2a03:b0c0:3:f0:0:2:cbc:a000,443
2a03:b0c0:3:f0:0:2:2f90:2000,443
2a03:b0c0:3:f0:0:2:9dc1:1000,443
2406:da12:801:2501:d238:1506:abaa:2f20,443
2a12:bec4:1ac0:8db::,443
2a03:b0c0:3:f0:0:2:208:5000,443
2a02:c207:2346:6605::1,443
2602:fa59:5:88b::1,443
2a0c:b641:ce0::90cd:7a3c,443
2a02:6b40:2000:a36::1,8443
2a03:b0c0:3:f0:0:1:95b1:1000,443
2a03:b0c0:1:e0:0:1:2369:d001,443
2a01:7e01::f03c:93ff:feb2:d7,443
2a01:7e01::f03c:93ff:fe4c:5ecc,443
2a13:7dc0:2000:323::1,443
2001:19f0:7402:bad:5400:6ff:fe79:1a66,8443
2a02:6b40:2000:7a1::1,443
2a03:b0c0:0:1051::1ebf:e000,443
2a03:b0c0:2:f0:0:1:5b7c:1001,443
2a13:9500:126:0:f8d7:4fa3:6cb3:1,443
2a03:b0c0:2:f0:0:1:6042:4001,443
2a03:b0c0:0:1051::25ee:9000,443
2a0f:f01:205:1cd::,8443
2a03:b0c0:0:1051::2366:6000,443
2a13:36c0:0:33::1,443
2a03:b0c0:0:1051::1ec7:e000,443
2a03:b0c0:0:1051::2e5e:b000,443
2a12:bec4:1be0:b42a::1,443
2a03:b0c0:0:1051::1ec1:7000,443
2a00:c98:400f:114:1c00:68ff:fe00:f01,8443
2a03:b0c0:3:f0:0:1:fc63:e000,443
2a0f:f01:210:85::,443
2a03:b0c0:3:f0:0:2:572f:7000,443
2a0d:6c2:17:1175::,443
2a02:6b40:2000:27d1::1,443
2602:fa59:5:181::1,2053
2a06:1301:4050:45:148:31:204:0,443
2a13:7c00:11:1:f816:3eff:fe39:690c,443
2a02:6b40:2000:26fb::1,443
2a13:4ac0:20:2d:f816:3eff:fe86:6a3a,443
2a03:b0c0:3:f0:0:2:3b31:9000,443
2a03:b0c0:3:f0:0:1:9279:8000,443
2a03:b0c0:2:f0:0:1:6aae:1,443
2a09:bac5:4e51:1478::20a:f4,443
2a03:b0c0:2:f0:0:1:5b5e:d001,443
2a03:b0c0:0:1051::26e4:f000,443
2a0f:f01:210:9e::,443
2a03:6f02::1:59e6,8443
2a03:b0c0:2:f0:0:1:47d4:9001,443
2a03:b0c0:0:1051::29e9:0,443
2a0d:6c2:17:565::,443
2001:41d0:800:2b97::,2053
2a03:b0c0:0:1051::2abc:a000,443
2a03:b0c0:0:1051::3307:6000,443
2a03:b0c0:0:1051::1ec6:1000,443
2a03:b0c0:3:f0:0:1:95b0:a000,443
2a01:7e01::f03c:93ff:fe4c:56bd,443
2a03:b0c0:2:f0:0:1:47d4:5001,443
2a12:bec4:1bb0:1e01::2,8443
2603:c022:c007:3188::7290,443
2a00:c98:2010:a00f:0:2:0:2,443
2001:67c:2f5c:2::392,443
2a03:6f02::b523,443
2a03:b0c0:0:1051::1ec7:9000,443
2a12:bec4:1bb0:5bc::2,443
2a03:b0c0:3:f0:0:1:fa46:8000,443
2a03:b0c0:0:1051::2abb:7000,443
2407:cdc0:f008:f9::,443
2a03:b0c0:0:1051::1ec7:5000,443
2a12:bec4:1bb0:2846::2,443
2a03:b0c0:3:f0:0:1:fa46:b000,443
2a03:b0c0:2:f0:0:1:5f95:a001,443
2a03:b0c0:2:f0:0:1:487:b001,443
2a03:b0c0:3:f0:0:1:fce0:0,443
2a13:7c00:5:25:f816:3eff:fe0d:4865,443
2a03:b0c0:1:e0:0:1:2b8f:1001,443
2a03:b0c0:3:f0:0:1:fb58:d000,443
2a03:6f02::1:1cf1,443
2a0b:4142:25e::2,443
2a03:b0c0:0:1051::323e:d000,443
2a05:f480:1800:3b91:5400:6ff:fe78:1770,2053
2a03:b0c0:3:f0:0:2:29a0:e000,443
2a02:6b40:2000:1c7b::1,443
2a03:b0c0:0:1051::1ec5:8000,443
2a02:6b40:2000:2e7c::1,443
2a0d:6c2:17:71b::,443
2a13:36c0:0:1b5::1,8443
2a03:b0c0:0:1051::2dbe:c000,443
2a0f:f01:205:1d4::,2053
2a03:b0c0:0:1051::26e4:9000,443
2a02:c207:3005:1965::1,443
2a0b:4142:265::2,443
2a03:b0c0:0:1051::26e4:e000,443
2a03:b0c0:0:1051::22f4:a000,443
2a0f:b240:18:9f::1,443
2a03:b0c0:0:1051::2574:5000,443
2a03:6f02::1:325d,8443
2a0b:4142:161::2,443
2a03:e340:0:2::28a,8443
2a03:b0c0:1:e0:0:1:1684:e001,443
2a03:b0c0:0:1051::1eca:0,443
2a02:6b40:2000:1b7b::1,8443
2a03:b0c0:3:f0:0:2:7d6f:e000,443
2a03:b0c0:2:f0:0:1:c0a:8001,443
2a03:b0c0:3:f0:0:1:fbd4:4000,443
2603:c022:800e:3eaa:0:17de:ef10:c2f1,443
2a02:c207:2335:1204::1,8443
2a03:b0c0:3:f0:0:1:fd65:2000,443
2a13:36c0:1ff:1210::1,8443
2a03:b0c0:3:f0:0:2:855:1000,443
2a10:c944:321::586,8443
2a03:b0c0:0:1051::1ec4:8000,443
2a03:b0c0:2:f0:0:1:9ab:e001,443
2a03:b0c0:0:1051::3243:0,443
2a03:b0c0:1:e0::d26d:d001,443
2a12:bec4:1bb0:267b::2,2053
2a03:b0c0:0:1051::2e5e:8000,443
2a03:b0c0:1:e0:0:1:2ef4:4001,443
2a03:b0c0:2:f0:0:1:698e:a001,443
2a03:b0c0:3:f0:0:1:fa7f:4000,443
2a03:b0c0:3:f0:0:1:f841:8000,443
2a12:bec4:1460:1df::2,2087
2401:c080:1c02:6b:5400:6ff:fe24:43a2,443
2a00:c98:2d00:a004:0:1:0:4,443
2a02:6b40:2000:13b6::1,443
2a03:b0c0:3:f0:0:1:fa1a:e000,443
2a0e:97c0:3ea:3f7::1,443
2a02:6b40:2000:277c::1,443
2406:da12:876:3a00:c85e:ebc8:29a9:2806,443
2a0d:6c2:26:3df::,443
2a05:d014:61f:fe00:5df2:d9f5:b99d:825a,443
2a13:7dc0:2000:1f4::1,8443
2a03:b0c0:3:f0:0:1:f7ff:3000,443
2a03:b0c0:0:1051::1df3:d000,443
2a03:b0c0:0:1051::2f24:7000,443
2a09:bac5:27bc:2c8::47:5be,443
2a03:b0c0:0:1051::25bb:4000,443
2a01:7e01::f03c:93ff:feb2:3,443
2a0b:4142:7e::2,443
2a03:b0c0:0:1051::1ec3:3000,443
2a03:b0c0:0:1051::2dbd:0,443
2a03:b0c0:3:f0:0:1:fc64:4000,443
2a03:b0c0:3:f0:0:1:942d:2000,443
2a03:b0c0:0:1051::25ee:7000,443
2a03:6f02::1:29bb,443
2a10:c944:321::58e,443
2a03:b0c0:3:f0:0:1:f525:a000,443
2a03:b0c0:0:1051::1ec1:e000,443
2a03:b0c0:0:1051::1ec4:e000,443
2a03:b0c0:3:f0:0:2:8453:d000,443
2a02:6b40:2000:204e::1,443
2605:e440:2::218,443
2a02:c207:2332:8593::1,443
2605:e440:2::2:20d,443
2a03:b0c0:3:f0:0:1:fa7f:5000,443
2a12:bec4:1ac0:1030::,443
2a01:7e01::f03c:93ff:fe4c:5e8d,443
2a03:b0c0:3:f0:0:1:f9f0:d000,443
2602:fa59:5:d3::1,443
2a03:b0c0:0:1051::29bc:c000,443
2602:fa59:5:5c1::1,443
2407:cdc0:f008:11a::,443
2a03:b0c0:3:f0:0:2:ebc:c000,443
2a13:4ac0:10:0:f816:3eff:fe34:f351,443
2a03:b0c0:0:1051::1ebe:2000,443
2605:e440:2::3:319,443
2a03:b0c0:3:f0:0:1:f849:9000,443
2407:cdc0:f004:97f0:78a2:5c66:50e9:ec5d,443
2a0d:2787:1b:13b3::a,443
2a03:b0c0:3:f0:0:1:fd75:5000,443
2a02:c207:2304:2981::1,443
2a03:b0c0:2:f0:0:1:605c:d001,443
2406:da12:71f:c200:5271:d4f2:7fdb:7e9d,443
2a03:b0c0:0:1051::2e62:3000,443
2a03:b0c0:3:f0:0:1:fb59:2000,443
2a03:b0c0:2:f0:0:1:60a9:4001,443
2a03:b0c0:1:e0:0:1:2bc3:1,443
2a03:b0c0:0:1051::2652:2000,443
2a02:c207:2330:100::1,8443
2602:fc16:2:4dc::28ac,443
2a09:bac5:4734:155::22:141,443
2a0c:b641:ce0::2f22:7113,443
2a03:b0c0:0:1051::2652:f000,443
2a02:6b40:2000:2a12::1,443
2001:ac8:20:ff41:0:20:cc33:c93d,443
2a02:6b40:2000:c55::1,443
2a0c:dd80:2001::7a1,8443
2a03:b0c0:0:1051::2440:e000,443
2a0d:6c2:26:340::,8443
2a03:b0c0:3:f0:0:1:fbd4:5000,443
2a03:b0c0:2:f0:0:1:c0a:d001,443
2a0c:480:152::1,443
2001:bc8:1640:6edd:dc00:ff:fe68:cd6b,443
2a00:12d8:700e:0:1ae:34a6:f381:e14,443
2a05:b40:0:664:0:10:656e:610e,8443
2a12:bec4:1bb0:158c::2,443
2a03:b0c0:0:1051::1ec9:4000,443
2a03:b0c0:1:e0:0:1:4eba:2001,443
2a12:bec4:1bb0:1581::2,8443
2a04:5201:4::1c7,443
2a13:36c0:1ff:1878::1,443
2a03:b0c0:3:f0:0:1:f959:9000,443
2a03:b0c0:0:1051::22f4:9000,443
2a03:b0c0:2:f0:0:1:487:9001,443
2a00:bd80:a176:10:606::1,443
2a03:b0c0:0:1051::25bb:a000,443
2602:fa59:5:800::1,443
2a03:b0c0:3:f0:0:1:fa7f:1000,443
2a12:bec4:1ac0:f85::,443
2a03:b0c0:1:e0:0:1:4eba:1,443
2a02:6b40:2000:112b::1,8443
2602:fa59:5:602::1,443
2a03:b0c0:0:1051::1ec7:3000,443
2a03:b0c0:3:f0:0:1:f841:4000,443
2a03:b0c0:3:f0:0:1:f95b:2000,443
2a03:b0c0:1:e0:0:1:4ed3:2001,443
2603:c020:8026:8ede::ae,2053
2a0d:6c2:26:1063::,443
2a0d:6c2:17:817::,443
2a01:7e01::f03c:93ff:feb2:12,443
2a03:b0c0:2:f0::d1da:1,443
2a03:b0c0:3:f0:0:2:29a0:8000,443
2a03:b0c0:3:f0:0:1:fde5:b000,443
2a03:6f02::9fa0,443
2a03:b0c0:3:f0:0:2:df0:c000,443
2a03:b0c0:0:1051::1ec4:9000,443
2a02:6b40:2000:b94::1,443
2a10:c944:321::45f,443
2605:e440:48::1:228,8443
2602:f988:84::5a8d:ce50,8443
2a03:b0c0:0:1051::23ab:2000,443
2602:fa59:5:189::1,443
2a12:bec4:1bb0:2079::2,443
2a12:bec4:1ac0:ab9::,2087
2a02:6b40:2000:304d::1,443
2406:da12:801:2501:4af4:5149:aa86:6754,443
2a00:bd80:a176:10:51b::1,443
2a05:d014:fc9:4300:1226:2d9c:7db1:88c6,443
2605:e440:2::2:3d9,443
2a0b:4142:e59::2,443
2602:fa59:5:b29::1,8443
2602:fa59:5:4de::1,8443
2a03:b0c0:0:1051::26cc:8000,443
2400:70e0:b000:0:be24:11ff:fed6:a123,443
2a03:b0c0:0:1051::323f:1000,443
2a05:d014:3a0:8700:f4c6:3e93:4dd8:bffb,443
2a0c:5d00:3003::302f:9a5d,2053
2a12:bec4:1a80:134::2,443
2a03:b0c0:0:1051::2f3d:1000,443
2602:fa59:5:3aa::1,443
2a00:bd80:a176:10:413::1,443
2a0b:4142:5f1::2,443
2a03:b0c0:0:1051::26cc:a000,443
2603:c024:15:ef00:0:7a69:2f33:68a1,8443
2602:fc16:2:543::37e8,443
2a03:b0c0:2:f0:0:1:605d:1,443
2a12:bec4:1bb0:1d7::2,443
2a0a:d687:f008::121,443
2a13:7dc0:1000:1a::1,443
2a07:d884:100::268,2053
2a03:b0c0:3:f0:0:1:e1cc:8000,443
2a04:dd00:26:9:216:3cff:fec3:a25b,443
2a00:bd80:a176:10:613::1,443
2a03:6f02::1:fbc,443
2a03:b0c0:1:e0:0:1:216a:1001,443
2001:67c:2f5c:2::200,443
2a02:6b40:2000:213e::1,443
2a03:b0c0:0:1051::3243:7000,443
2a03:b0c0:3:f0:0:1:fa45:3000,443
2a12:9080:3:90::a,8443
2a02:6b40:2000:5df::1,443
2a03:b0c0:0:1051::26c5:b000,443
2a06:1301:4050:45:148:28:108:0,8443
2a00:c98:400f:115:1c00:faff:fe00:104a,443
2a14:1e00:1:21a::,443
2a13:7dc0:2000:192::1,443
2a03:b0c0:2:f0:0:1:b90e:2001,443
2a12:bec4:1ac0:f46::,443
2a01:7e01::f03c:93ff:fe4c:5e58,443
2a12:bec4:1ac0:cbc::,443
2a0c:db40:0:8006::2,443
2a0e:d604:1:1b9::2,443
2a03:b0c0:0:1051::297a:6000,443
2a12:9080:1:b7::a,443
2a02:2479:ba:2b00::1,443
2a00:12d8:700e:0:59b1:5197:3420:b2d5,2083
2a13:7c00:11:11:f816:3eff:fe6b:e3fe,443
2406:da12:814:8600:68b5:1436:fc91:6985,443
2a03:b0c0:3:f0:0:2:855:2000,443
2a03:4000:1a:3e1:a45b:59ff:fe3c:d890,8443
2a03:b0c0:2:d0::142b:9001,443
2a0b:4142:df::2,443
2a12:bec4:1482:3b4::2,8443
2a03:4000:23:cd2:485:bff:fe72:212c,443
2a03:b0c0:3:f0:0:2:572f:b000,443
2a03:f80:49:37be::1,8443
2a03:b0c0:2:f0:0:1:a5a:1001,443
2602:fa59:5:65a::1,443
2a0b:4142:7c2::2,443
2602:fa59:5:906::1,443
2a03:b0c0:3:f0:0:1:fa46:2000,443
2a03:b0c0:0:1051::2282:6000,443
2a03:b0c0:0:1051::1ec1:c000,443
2a12:bec4:1bb0:cfa::2,443
2a03:b0c0:0:1051::1ec3:a000,443
2a0a:4cc0:c0:bfac:44cb:21ff:fed6:12f5,443
2a02:c207:2338:6766::1,443
2a03:b0c0:0:1051::2f3d:e000,443
2a03:6f02::1:32a1,443
2a03:b0c0:3:f0:0:2:ebc:8000,443
2a03:b0c0:3:f0:0:1:97dd:6000,443
2406:da12:801:2502:f589:ee7a:19ff:dd1e,443
2407:cdc0:f004:bcb6:992b:dc57:1db9:543c,443
2a03:b0c0:0:1051::2282:b000,443
2406:da12:801:2501:d98d:ff53:4022:db6b,443
2a03:b0c0:3:f0:0:1:f523:0,443
2001:41d0:a:22b9::1,443
2a03:b0c0:0:1051::23ab:0,443
2a13:7dc0:2000:cb::1,8443
2a03:b0c0:0:1051::1ec0:8000,443
2602:fa59:5:9e3::1,8443
2a0c:16c2:500:603::3d7b,8443
2a00:bd80:a176:10:681::1,443
2a12:bec4:1ac0:a6f::,2083
2a03:b0c0:3:f0:0:2:df0:e000,443
2a02:6b40:2000:2019::1,443
2a03:6f02::b60e,8443
2a03:6f02::1:270b,8443
2a03:b0c0:2:f0:0:1:6aad:a001,443
2a03:b0c0:2:f0:0:1:798a:9001,443
2a03:b0c0:3:f0:0:1:f9e3:5000,443
2a02:c207:2320:511::1,443
2602:fa59:5:1df::1,2053
2a03:b0c0:3:f0:0:1:f9e3:a000,443
2a13:36c0:0:148::1,443
2a03:b0c0:3:d0::17c1:6001,443
2a02:6b40:2000:d2::1,443
2a03:b0c0:3:f0:0:1:f829:c000,443
2a03:b0c0:0:1051::1ebe:8000,443
2a03:4000:3f:3c9:e810:b7ff:fe02:f402,443
2a05:541:103:12::1,443
2a03:b0c0:3:f0:0:1:e1cb:f000,443
2a03:afc0:9::b84,443
2a09:0:9::234,2053
2a0c:b641:ce0::3ee5:6efe,443
2a04:5201:7::5eb,443
2603:c020:8017:1500:df10:8f8a:d484:d994,443
2a03:b0c0:0:1051::2282:8000,443
2a03:b0c0:2:f0:0:1:6041:f001,443
2a03:b0c0:3:f0:0:1:f849:b000,443
2a0a:4cc0:c0:31df:64aa:e7ff:fe2e:fb74,8443
2605:e440:1::1:8c,8443
2a03:b0c0:3:f0:0:1:f557:9000,443
2a03:b0c0:1:e0:0:1:2ef3:e001,443
2a03:b0c0:3:f0:0:1:faa5:4000,443
2a06:de00:401:9016::1,443
2a03:b0c0:3:f0:0:1:e1cc:0,443
2a12:bec0:162:7b7::,443
2a12:bec4:16fb:51f3::1,2053
2a03:f80:32:91cc::1,2053
2a12:4047:68f2:823c::1,443
2a03:b0c0:3:f0:0:1:f9e3:3000,443
2a09:bac5:4731:155::22:14e,443
2a03:b0c0:2:f0:0:1:9ab:a001,443
2a03:b0c0:0:1051::25bb:6000,443
2a03:b0c0:3:f0:0:1:fb59:0,443
2a03:b0c0:0:1051::2aba:9000,443
2a13:4ac0:20:8:f816:3eff:fe4b:60d3,443
2a14:1e00:1:c65::,443
2001:bc8:6005:4:aa1e:84ff:fe73:a019,8443
2a03:b0c0:0:1051::22f4:f000,443
2a02:6b40:2000:319a::1,2053
2a03:b0c0:3:f0:0:2:208:1000,443
2a03:b0c0:0:1051::1eca:6000,443
2602:fa59:5:2c4::1,443
2a03:b0c0:3:f0:0:2:572f:e000,443
2a03:b0c0:3:f0:0:1:fa1b:1000,443
2a06:f901:a:18b::7,8443
2a0c:2500:571:ffb:f935:ed9c:6751:df51,443
2a03:b0c0:0:1051::29e8:f000,443
2a12:bec4:1bb0:329::2,443
2407:cdc0:f004:e333:293f:bdf8:8945:32b,443
2606:6680:15:1::806e:8a39,2053
2a03:b0c0:3:f0:0:2:fc7:d000,443
2a03:b0c0:0:1051::1ec3:2000,443
2a03:b0c0:0:1051::3243:6000,443
2a0c:16c2:500:61c::da68,443
2a03:b0c0:3:f0:0:1:fa1a:d000,443
2406:da12:19b:b600:be71:692c:a3dd:1be,443
2a03:b0c0:3:f0:0:2:aba9:8000,443
2a03:b0c0:1:e0:0:1:2b2a:8001,443
2a12:bec4:1ac0:187::,443
2604:86c0:f001:1f:1c::1,443
2a03:b0c0:0:1051::1df3:8000,443
2a02:27ab:8000::ad9,8443
2a0a:4cc0:c2:28ae:54b6:3dff:fefc:afe1,8443
2001:41d0:305:2100::5e96,443
2a0c:db40:0:83d8::2,443
2a13:7dc0:1000:88::1,443
2406:da12:814:8600:8b09:7fe5:3d45:9afd,443
2a05:541:103:4a::1,443
2a01:4f8:1c1b:d2b::1,443
2a13:d201:1:128::1,8443
2a02:6b40:2000:2299::1,443
2a01:4f8:1c18:7cca::1,443
2a01:4f8:1c1b:9e52::1,2053
2a01:4f8:1c1b:cb78::1,8443
2a03:4000:2b:f73:d48e:8eff:fe8b:11f0,443
2a00:bd80:a176:10:34b::1,443
2a0b:4142:113a::2,443
2a0b:4142:11c8::2,8443
2406:da12:801:2503:629d:f4b2:57b8:8db4,443
2a03:b0c0:3:f0:0:2:572f:6000,443
2a0e:4007:fffe:703::1e,443
2a0d:6c2:26:1059::,8443
2a03:b0c0:3:f0:0:2:7a13:6000,443
2a12:bec4:1bb0:1c79::2,443
2a03:b0c0:0:1051::2e5e:c000,443
2a03:6f02::1:5cd1,443
2a03:b0c0:0:1051::1df3:f000,443
2a03:4000:39:852:380f:9bff:fe0e:b4ca,443
2a03:6f02::1:a8c,443
2a03:6f02::1:4ce,443
2a09:bac5:280c:18fa::27d:b5,2083
2a01:4f8:c2c:442a::1,443
2a03:b0c0:2:f0:0:1:60a9:3001,443
2a03:6f02::8987,443
2a03:b0c0:2:f0:0:1:a935:6001,443
2a03:b0c0:3:f0:0:2:fc7:f000,443
2a0d:6c2:17:8110::,443
2a0a:79c0:1001::56,443
2a05:d014:1ce4:3d00:c724:56a4:fd10:1264,443
2a01:4f8:1c19:a344::1,443
2a03:b0c0:3:f0:0:1:fdde:3000,443
2a03:b0c0:0:1051::32cd:d000,443
2a0a:4cc0:c2:6801:2898:28ff:fe07:dd1e,8443
2a12:bec4:1bb0:20f5::2,8443
2a03:6f02::1:438e,443
2a03:b0c0:0:1051::25ee:b000,443
2a0b:4142:379::2,443
2a02:6b40:2000:3191::1,443
2a12:bec4:1bb0:2188::2,443
2a03:6f02::1:2517,8443
2a01:4f8:1c18:1643::1,443
2a03:b0c0:3:f0:0:1:f7ff:7000,443
2406:da12:801:2501:512f:b146:6fd5:8052,443
2a03:b0c0:0:1051::26c5:3000,443
2406:da12:14e:7700:3bb:b532:c017:95f3,443
2a03:6f02::fc98,8443
2605:e440:1::2:166,8443
2a03:b0c0:1:e0::d810:f001,443
2a0d:2787:1b:12d4::a,443
2a03:b0c0:3:f0:0:2:ce8:b000,443
2a03:4000:35:961:889:baff:fe34:5373,443
2a03:b0c0:3:f0:0:2:29a0:d000,443
2a01:4f8:1c19:49bd::1,443
2600:3c17::2000:a2ff:fe31:84d8,443
2a03:b0c0:0:1051::3243:3000,443
2a01:4f8:1c19:c0c3::1,443
2a12:bec4:1bb0:13b8::2,443
2a03:b0c0:3:f0:0:1:f800:2000,443
2a01:4f8:1c18:cf67::1,2053
2a14:1e00:1:b3a::,443
2a0a:4cc0:c2:539c:54ec:6eff:fe8c:2b63,443
2001:bc8:1640:76e7:dc00:ff:fe6a:dc55,8443
2a03:b0c0:1:e0::d811:1001,443
2a0e:97c0:711:155::1,443
2a03:b0c0:0:1051::2f24:8000,443
2a03:b0c0:3:f0:0:1:f959:a000,443
2a0a:eec0:2::49,8443
2a03:b0c0:2:f0:0:1:cab:b001,443
2a03:b0c0:3:f0:0:1:faec:b000,443
2a03:b0c0:2:f0:0:1:605c:c001,443
2a03:b0c0:3:f0:0:1:faa5:2000,443
2a03:b0c0:2:f0:0:1:6042:2001,443
2a03:b0c0:3:f0:0:1:fa1a:b000,443
2a0b:4142:557::2,443
2a03:b0c0:0:1051::2dbe:9000,443
2605:e440:1::1:d0,8443
2a09:31c0:cafe::19,443
2a12:bec4:1482:30e::2,443
2a03:6f02::d247,443
2a02:6b40:2000:e38::1,443
2a13:7dc0:1000:73::1,8443
2a06:f901:1:100::427,443
2a03:b0c0:3:f0:0:1:e32a:e000,443
2407:cdc0:f008:141::,443
2a0b:4142:680::2,443
2a01:4f8:1c18:bfce::1,443
2a0b:3c40:11:36a4::,443
2a01:7e01::2000:49ff:fea6:82c8,443
2001:41d0:ab01::4:0:217,2053
2a03:b0c0:2:f0:0:1:6501:6001,443
2a02:27ab:8000::14b9,443
2a00:17d8:100::4131,443
2a01:4f8:1c18:cc2e::1,2053
2a0a:4cc0:c1:d77a:c4ef:5cff:fe5b:2fc4,443
2a00:bd80:a176:10:59b::1,443
2a03:b0c0:2:f0:0:1:6f49:7001,443
2a0c:16c2:500:e40::8ed3,443
2a14:1e00:1:56b::2,443
2a01:4f8:1c1b:853::1,443
2a03:4000:24:e36:64a0:f7ff:fedb:1900,443
2a10:c944:321::433,443
2a03:b0c0:2:f0:0:1:2704:e001,443
2a02:c207:2314:7149::1,443
2a01:8640:11:1::7afc:ae79,8443
2401:3bc0:100f:239:5054:ff:fe61:3939,8443
2a03:b0c0:0:1051::1ec2:4000,443
2a13:36c0:1ff:1489::1,443
2a03:b0c0:0:1051::29e9:1000,443
2602:fc16:2:66d::8357,443
2406:da12:643:9d00:acaa:a8b8:e3b4:e644,443
2a03:b0c0:3:f0:0:1:6258:e000,8443
2001:41d0:367:4c1::1,2053
2001:19f0:5001:1fb:ec2a:6c2c:c813:bffc,443
2a01:4f8:1c19:e11c::1,8443
2a00:d880:5:234::a358,443
2a00:bd80:a176:10:4b0::1,443
2a13:4ac0:20:20:f816:3eff:fe42:6f6a,443
2a02:6b40:2000:13b3::1,443
2a03:b0c0:3:f0:0:1:fd65:8000,443
2a0e:97c0:3f6::12e,443
2a03:4000:49:f5e:d8a3:36ff:fe41:5a4d,443
2a0b:4142:689::2,8443
2a13:7dc0:2000:1a6::1,8443
2a03:b0c0:0:1051::2e5e:9000,443
2a03:e340:0:2::387,443
2a13:36c0:0:321::1,443
2a0f:f01:205:f8::,443
2a0e:d604:1:2fa::2,443
2a0c:db40:0:806e::2,8443
2a01:7e01::f03c:93ff:fe4c:56b3,443
2a12:bec4:1bb0:237d::2,443
2001:67c:2f5c:2::123,443
2a01:7e01::2000:33ff:fe27:30ba,443
2a12:bec4:16f3:3d33::1,8443
2a03:b0c0:0:1051::2e61:f000,443
2605:e440:1::1:3b5,8443
2a0a:4cc0:c2:6d9c:642f:8aff:fec2:515,443
2602:fa59:5:ccb::1,8443
2a14:1e00:3:35f::,2053
2a03:b0c0:3:f0:0:2:7a13:d000,443
2a12:bec4:1482:33d::2,443
2a03:6f02::1:632a,443
2a12:bec4:1ac0:5d2::,443
2a02:6b40:2000:d0c::1,8443
2a03:b0c0:2:f0:0:1:698f:1,443
2a0c:8a41:2100::11f,443
2a02:6b40:2000:1d5e::1,8443
2a03:b0c0:0:1051::1ebe:7000,443
2a10:c944:321::37c,443
2a01:4f8:c2c:a05d::1,8443
2a03:b0c0:3:f0:0:2:2f90:7000,443
2a0f:85c1:b73:7a::a,443
2a13:4ac0:28:9:f816:3eff:fec5:16e5,8443
2406:da12:cf4:9900:7ff2:e4e7:eb9a:af2b,443
2a03:b0c0:3:f0:0:2:9dc0:d000,443
2a01:cb00:af7:be00:6e1f:f7ff:fedf:aee,443
2a02:c206:2081:8326::1,443
2001:bc8:610:9:250:56ff:fe02:29ae,443
2a02:c207:2332:2648::1,2096
2a03:b0c0:0:1051::1ec0:a000,443
2a03:b0c0:0:1051::25d0:4000,443
2603:c022:8011:3499:7b8c:e6c5:6c2b:709f,8443
2a01:7e01::f03c:93ff:feb2:a0,443
2a01:4f8:1c1b:d9f::1,8443
2a03:b0c0:3:f0:0:2:b34:c000,443
2a03:b0c0:3:f0:0:1:95b0:8000,443
2a0d:6c2:17:bcb::,443
2a03:b0c0:2:f0:0:1:6ebd:5001,443
2a10:1fc0:11::f754:8a93,443
2a01:4f8:1c18:a62d::1,2053
2a03:b0c0:2:f0:0:1:67a5:7001,443
2602:fa59:5:79::1,443
2a03:b0c0:0:1051::1ec6:4000,443
2a0c:16c2:500:f19::6cb5,8443
2a0a:4cc0:c2:7efb:b4af:b7ff:fe32:b050,443
2a03:b0c0:0:1051::1ec5:e000,443
2a02:c207:2313:7890::1,443
2a03:b0c0:0:1051::276c:e000,443
2a03:4000:1e:f0c:886:77ff:feec:ef32,443
2a02:6b40:2000:1937::1,8443
2a03:b0c0:3:f0:0:2:13f0:4000,443
2a09:bac1:5500::3e3:28,443
2a12:bec0:162:123::,443
2a12:bec4:1ac0:4bd::,443
2a04:2181:c011:1::361b:1f62,443
2a02:6b40:2000:278d::1,443
2a03:b0c0:0:1051::2a68:f000,443
2a06:a880:4:ad1::1,8443
2a01:4f8:1c18:feff::1,8443
2a01:4f8:1c18:2e03::1,443
2a01:4f8:1c1b:1527::1,443
2a02:6b40:2000:2063::1,8443
2a01:4f8:201:30a5:7::a,443
2001:41d0:305:2100::1:3c76,443
2a03:b0c0:2:f0:0:1:9ac:1,443
2a03:b0c0:0:1051::1ec9:8000,443
2a02:c207:3019:3058::1,2053
2a03:b0c0:0:1051::25d0:2000,443
2a00:bd80:a176:10:334::1,443
2a0d:6c2:17:10f1::,443
2a01:4f8:1c18:df6c::1,443
2a01:4f8:1c19:11f5::1,443
2603:c027:c002:74cf:0:482a:6f79:b076,443
2a03:b0c0:2:f0::ecbd:8001,8443
2602:fa59:5:143::1,2053
2a01:4f8:172:3c8a::2,8443
2a03:b0c0:3:f0:0:2:13ef:d000,443
2a01:4f8:1c1a:926f::1,443
2a0d:6c2:26:6e3::,8443
2a03:b0c0:3:f0:0:2:a6ac:d000,443
2a01:4f8:231:4c65::2,443
2a03:b0c0:3:f0:0:2:7a13:b000,443
2a09:0:8000:1ef::a,443
2a03:b0c0:0:1051::22f5:4000,443
2a02:c207:2320:8057::1,443
2a03:b0c0:2:f0:0:1:6041:d001,443
2a03:b0c0:0:1051::2dbe:8000,443
2a01:4f8:1c18:64c9::1,443
2001:49f0:d13d:0:6dc::,2096
2407:cdc0:f006:ad80:c8e0:2304:8f61:b2a3,443
2a01:4f8:1c19:a4f2::1,2053
2a01:4f8:1c1b:437::1,443
2406:da12:801:2500:b517:176d:afa3:d7e3,443
2a03:b0c0:0:1051::1ec8:e000,443
2a03:b0c0:0:1051::26c5:8000,443
2605:e440:a::3ce,443
2a12:bec4:1ac0:37d::,443
2a03:4000:45:506:433:30ff:feb0:8726,443
2a01:4f8:1c1e:6d89::1,443
2a0e:97c0:3e3:b02::1,443
2a12:bec4:1ac0:50a::,443
2a03:b0c0:3:f0:0:1:fa7e:f000,443
2a03:b0c0:0:1051::2752:2000,443
2a0f:b240:18:145::1,8443
2a00:da00:f475:a000::1,443
2a02:c207:2342:6874::1,8443
2a00:bd80:a176:10:280::1,443
2a03:3f40:2:203:0:16:0:4,443
2a01:7e01::f03c:94ff:fe5c:42bc,443
2a03:b0c0:2:f0:0:1:6ebd:3001,443
2a0b:4142:c66::2,443
2a0a:4cc0:c0:169:444a:d6ff:fe84:5db4,443
2a03:b0c0:3:f0:0:1:f9cf:c000,443
2a02:c207:2339:6554::1,8443
2a10:1fc0:11::d0da:87ce,443
2a12:bec4:1873:4a4::f2d,443
2a03:b0c0:0:1051::1eca:1000,443
2a02:c207:2281:1495::1,443
2a03:b0c0:0:1051::2abb:f000,443
2a01:4f8:1c19:cedb::1,443
2a02:27ab:8000::1fc9,443
2a12:bec4:1bb0:13a2::2,443
2a03:b0c0:0:1051::1e99:6000,443
2a02:c207:2306:633::1,443
2a12:bec4:1bb0:3c::2,443
2a01:4f8:1c1a:b89e::1,2053
2a0d:6c2:17:7a5::,443
2a0a:4cc0:c1:2009:44e3:10ff:fe0d:5063,443
2a02:c207:2325:4388::1,443
2a12:bec4:1bb0:1577::2,443
2a01:4f8:1c1b:1a10::1,443
2a01:4f8:1c17:d81d::1,443
2605:e440:1::3:3f4,8443
2a02:c207:2289:6054::1,443
2a03:b0c0:0:1051::1eca:2000,443
2a03:b0c0:0:1051::278a:0,443
2406:da12:801:2503:a6a7:c945:9505:e6d6,443
2a01:4f8:1c1a:555c::1,443
2a02:6b40:2000:1a67::1,443
2602:fc16:2:1da::2634,443
2a0d:6c2:26:1010::,443
2a03:b0c0:3:f0:0:2:9913:4000,443
2a03:4000:43:38b:140a:bcff:fe8e:f058,443
2401:c080:1c00:2834:5400:6ff:fe72:5538,8443
2a0c:16c2:500:76a::e8d5,443
2a03:b0c0:3:f0:0:1:fde6:1000,443
2a03:b0c0:3:f0:0:1:95b1:0,443
2a03:4000:38:ba4:743b:c3ff:fef1:656d,443
2a03:b0c0:0:1051::1ec7:c000,443
2a01:4f8:1c19:8f7e::1,8443
2a03:b0c0:0:1051::2574:3000,443
2a12:bec4:1bb0:dbd::2,443
2a01:4f8:1c19:cf39::1,2053
2a0a:4cc0:c2:3fbc:38ca:a8ff:feec:d5af,443
2400:8d60:11::e1c0:8a44,443
2602:fc16:2:552::5be6,443
2a06:f901:1:100::25d,443
2a0d:2787:1b:12d6::a,443
2a03:b0c0:1:e0:0:1:3b6e:b001,443
2a01:4f8:1c1b:e10d::1,8443
2001:19f0:c800:2fe7:5400:6ff:fe7c:1d33,443
2a02:c207:2340:3315::1,443
2a03:b0c0:0:1051::1e99:d000,443
2a03:b0c0:2:f0:0:1:6501:1001,443
2a03:b0c0:3:f0:0:1:f841:6000,443
2a13:36c0:0:144::1,443
2a03:b0c0:1:e0:0:1:4c74:b001,443
2407:cdc0:f008:423::,443
2a02:c206:2213:8475::1,443
2a03:b0c0:3:f0:0:1:fdb1:8000,443
2a0d:6c2:17:c22::,443
2a01:4f8:c015:8e4e::1,2053
2a01:4f8:1c19:45b2::1,443
2a03:b0c0:0:1051::1e99:5000,443
2a03:b0c0:3:f0:0:2:df0:a000,443
2a01:4f8:1c1c:6bb8::1,443
2a03:b0c0:3:f0:0:1:fce0:5000,443
2a03:b0c0:2:f0:0:1:6501:1,443
2001:67c:2f5c:2::489,443
2a02:6b40:2000:1ba8::1,2096
2a03:b0c0:3:f0:0:2:aca9:6000,443
2a02:27ab:8000::469,443
2a0d:6c2:17:8143::,443
2a12:bec4:1bb0:1af1::2,443
2605:e440:2::2:2df,443
2a0c:480:18d::1,443
2a01:4f8:1c1b:2199::1,443
2a03:b0c0:3:f0:0:2:2fa5:5000,443
2a13:4ac0:28:16:f816:3eff:fe0d:fea9,8443
2a03:b0c0:3:f0:0:2:ce8:e000,443
2001:19f0:5000:127f:5400:5ff:fe30:caed,443
2a0b:4142:edf::2,443
2a12:bec4:1bb0:8ed::2,443
2001:41d0:305:2100::5988,443
2406:da12:6f0:7100:92b9:92e4:365a:ae93,443
2a05:8280:f:4448::1,443
2a00:bd80:a176:10:367::1,443
2a03:b0c0:2:f0:0:1:cab:c001,443
2a03:b0c0:2:f0:0:1:698f:1001,443
2001:8e0:40:2:250:56ff:feb1:1d5e,443
2a0b:4142:3de::2,443
2a02:c207:2343:7086::1,8443
2a02:6b40:2000:3610::1,443
2a02:c207:2309:793::1,443
2a13:7dc0:2000:6c::1,443
2a03:b0c0:3:f0:0:1:9855:f000,443
2a03:b0c0:3:f0:0:1:f9e3:7000,443
2401:c080:1c02:878:5400:5ff:fee9:ed95,443
2603:c020:801c:2cd1:0:9dee:33a2:f687,443
2a0a:4cc0:c0:153:6442:3cff:fe0a:3e9a,443
2a12:bec4:1bb0:d5::2,443
2a12:bec4:1bb0:c8d::2,8443
2605:e440:1::3:87,8443
2a0f:6284:67:5b3b::1,443
2a0a:4cc0:c0:e4af:747e:46ff:fe8c:e8b6,443
2a12:bec4:1bb0:43b::2,443
2a03:b0c0:2:f0:0:1:9ab:d001,443
2a03:b0c0:0:1051::2574:7000,443
2a03:b0c0:3:f0:0:2:cbc:6000,443
2a13:36c0:1ff:1292::1,443
2a03:b0c0:3:f0:0:2:9dc1:6000,443
2001:49f0:d13d:0:1fa4::,443
2a01:4f8:1c1b:c669::1,443
2a03:b0c0:3:f0:0:1:9279:d000,443
2a03:b0c0:0:1051::26e4:a000,443
2a12:bec4:1bb0:28b6::2,2053
2a02:6b40:2000:19cb::1,443
2a12:bec4:1482:34b::2,443
2605:e440:1::2:c3,443
2a0d:6c2:17:feb::,443
2a01:7e01::f03c:93ff:fe4c:5ee8,443
2a00:bd80:a176:10:543::1,443
2a03:b0c0:3:f0:0:1:e1cb:a000,443
2a03:b0c0:0:1051::1ebf:3000,443
2a0c:16c2:500:47f::ba23,443
2a03:4000:6c:8fe:d4ea:46ff:fec2:8a23,443
2a0f:b240:18:42::1,443
2a03:b0c0:3:f0:0:2:4c1c:9000,443
2a14:7580:c067::1,443
2a03:b0c0:3:f0:0:2:9dc1:5000,443
2a01:4f8:1c1a:1eff::1,443
2407:cdc0:f004:d218:b240:f150:7ec3:adef,443
2a01:4f8:c17:a0d0::1,8443
2a01:4f8:c010:6690::1,443
2a0a:4cc0:c1:9b20:c42d:a8ff:fef2:1786,443
2605:e440:48::1:11b,443
2a0c:b9c0:f:432f::1,443
2a10:c944:321::997,443
2a01:4f8:1c19:7c2a::1,443
2a13:36c0:0:3::1,443
2a03:b0c0:0:1051::1ec8:3000,443
2a09:bac5:4e24:2e3c::49b:23,8443
2a01:4f8:c012:d5cb::1,8443
2a12:bec4:1bb0:721::2,8443
2a0c:480:112::1,443
2a00:da00:f22c:100::1,443
2402:1f00:8100:400::22c3,443
2a01:4f8:c014:72c7::2,8443
2a12:bec4:1bb0:1c4a::2,443
2a05:b40:0:770::a,443
2a0b:4142:3fc::2,443
2a03:b0c0:0:1051::32ce:1000,443
2a03:b0c0:2:f0:0:1:2705:1,443
2a0a:4cc0:c2:f4a:8828:4cff:fe23:32fa,443
2a02:2479:c2:b100::1,443
2a01:4f8:1c1b:89b::1,443
2a14:1ec7:10fa:3db4::1,2053
2a0a:4cc0:c2:7341:244a:feff:fee9:58a6,443
2a12:bec4:1ac0:863::,8443
2a01:7e01::f03c:93ff:feb2:15,443
2a0f:f01:206:6f0::,443
2605:e440:1::1:1a9,443
2a0f:f01:206:258::,443
2a03:b0c0:2:f0:0:1:698e:d001,443
2a13:36c0:1ff:1624::1,8443
2a03:b0c0:0:1051::2282:9000,443
2a0c:16c2:500:74b::d63a,443
2a03:b0c0:0:1051::2e61:c000,443
2a02:6b40:2000:8cb::1,443
2a0c:db40:0:838b::2,443
2a14:1e00:1:52f::227,443
2a03:b0c0:2:f0:0:1:9ab:c001,443
2001:b011:a40a:77da:20c:29ff:feb5:a128,443
2605:e440:f::3:1fa,443
2a03:b0c0:2:f0:0:1:a5a:3001,443
2605:e440:2::9e,443
2a13:d200:5:132::1,443
2a00:17d8:100::1ee1,443
2a03:4000:40:bd0:2877:78ff:fe2b:8420,443
2a03:b0c0:0:1051::1eca:3000,443
2a03:b0c0:3:f0:0:2:cbc:9000,443
2a02:c207:2336:4512::1,443
2605:e440:2::3:50,443
2a0b:4142:aff::2,443
2a00:11c0:47:33ac::,8443
2a02:6b40:2000:3732::1,8443
2a03:b0c0:0:1051::1ebe:5000,443
2001:67c:2f5c:2::7fa,8443
2a03:6f02::1:13e6,443
2a02:6b40:2000:2022::1,443
2a06:a880:4:189::1,443
2a13:7c00:5:35:f816:3eff:fe08:cbe1,443
2a12:bec4:1bb0:1eb9::2,8443
2a01:4f8:1c18:a3dd::1,443
2a0c:4ac1:15:7::a,443
2a05:541:125:17::1,443
2a03:b0c0:3:f0:0:2:ce8:f000,443
2a05:541:157:4::1,8443
2a01:4f8:c0c:20a5::1,443
2a01:4f8:150:7465::2,8443
2a03:b0c0:2:f0:0:1:6aad:c001,443
2a03:4000:38:4f9:18c4:2dff:fe4c:6149,443
2a04:2181:c011:1::7baf:59a2,443
2a01:4f8:c015:891b::1,443
2a01:4f8:171:d1d::2,8443
2a12:bec4:1bb0:5d::2,2053
2a01:4f8:c015:c844::1,443
2406:da12:801:2500:e22d:1eb4:99e2:3bd0,443
2a12:bec4:1bb0:438::2,443
2a12:bec4:1ac0:b93::,8443
2001:19f0:5801:933:5400:6ff:fe52:5524,443
2401:c080:1800:1b27:5400:6ff:fe52:4d37,443
2a02:c207:2337:4169::1,8443
2a03:b0c0:3:f0:0:1:fa46:7000,443
2a03:b0c0:3:f0:0:1:97dd:7000,443
2a01:4f8:1c18:3f47::1,443
2a12:bec4:1ac0:1042::,2083
2a03:6f02::56a3,8443
2a01:7e01::f03c:93ff:fecf:32dd,443
2a0a:4cc0:c1:51e9:b498:33ff:fe55:8769,443
2a05:f480:1800:3d27:5400:6ff:fe54:d17d,443
2a03:6f02::7a47,8443
2a03:b0c0:3:f0:0:1:f849:e000,443
2a03:b0c0:3:f0:0:2:aeba:8000,443
2a01:4f8:c014:7c1a::1,443
2a03:afc0:9::f7b,443
2a03:b0c0:3:f0:0:2:208:6000,443
2a00:bd80:a176:10:5d4::1,443
2a03:6f02::3545,443
2a0f:6284:67:a95f::1,8443
2a13:7dc0:2000:7::1,443
2a01:4f8:1c1a:3b4e::1,443
2a0c:b641:ce0::497e:5324,443
2a01:4f8:c013:2d71::1,443
2a02:6b40:2000:25b9::1,443
2a03:4000:43:4ed:2408:8aff:fea3:887,8443
2001:19f0:5800:1d56:5400:6ff:fe23:aeaf,443
2a11:3b80:1::1e49,443
2a00:da00:f477:6100::1,8443
2a0a:4cc0:c1:9e9a:68d9:86ff:feed:a910,443
2a09:bac1:5520::3e2:1d,8443
2600:3c0b::2000:9aff:fe62:b2f9,443
2a03:b0c0:2:f0:0:1:2704:f001,443
2a03:b0c0:3:f0:0:2:572f:8000,443
2a03:e340:0:2::23b,443
2a01:4f8:1c1b:1b82::1,443
2a0e:d604:1:1c9::2,443
2a03:6f02::1:74c2,443
2a03:4000:1e:b0f:e89a:c7ff:fe46:7517,2053
2a01:4f8:c013:d166::1,443
2a02:c207:2322:3529::1,2053
2a12:bec4:1bb0:415::2,8443
2a12:bec4:1ac0:a5e::,8443
2a12:bec4:1de0:29c::2,443
2a03:b0c0:2:f0:0:1:6500:f001,443
2a02:6b40:2000:1747::1,443
2a06:a880:4:e4d::1,443
2400:6180:10:200::b31e:8000,443
2a05:dfc1:4000:900::a,443
2a0a:4cc0:c1:2d72:788e:e3ff:fe5b:98e9,8443
2a0a:4cc0:c1:d623:6820:e2ff:fe6f:b42e,8443
2a03:b0c0:3:f0:0:1:fdde:0,443
2a03:6f02::54c0,443
2a03:b0c0:3:f0:0:1:fa46:a000,443
2a01:4f8:1c19:e2fd::1,443
2a03:b0c0:3:f0:0:1:fe14:6000,443
2a0f:b240:18:1cc::1,443
2a02:6b40:2000:1a7d::1,443
2a03:b0c0:0:1051::1ec3:5000,443
2a03:b0c0:0:1051::1ebf:a000,443
2a02:6b40:2000:3224::1,443
2a14:c380:c70:138::a,443
2a01:4f8:1c1c:f080::1,443
2400:6180:10:200::8151:1000,443
2406:da12:814:8600:de3b:7b9f:dab4:e9e8,443
2a01:4f8:c17:662c::1,443
2a02:c207:3019:3352::1,443
2a03:b0c0:3:f0:0:1:e97d:4000,443
2a01:4f8:c013:2bbe::1,443
2401:3bc0:100f:236:46a1:7715:453c:dfe0,8443
2a10:ab80:400:20::2,443
2a03:b0c0:0:1051::32cd:b000,443
2a03:b0c0:0:1051::1e99:c000,443
2a03:b0c0:0:1051::2e62:0,443
2a0a:4cc0:c0:a84f:48f1:a7ff:fe7c:943f,443
2a0b:4142:65::2,8443
2a02:6b40:2000:6ae::1,443
2a03:b0c0:0:1051::1ec5:7000,443
2a12:bec4:1bb0:142a::2,443
2a01:4f8:222:288f::2,8443
2a03:b0c0:0:1051::1ec7:2000,443
2a02:6b40:2000:834::1,2087
2a02:c207:2317:643::1,443
2a04:5201:4::225,443
2a01:4f8:1c16:3091::1,443
2a03:6f02::3fa7,443
2a03:b0c0:2:f0:0:1:8ab7:5001,443
2a0d:6c2:17:b4b::,443
2a03:b0c0:2:f0:0:1:60a9:2001,443
2a10:c944:321::37b,443
2a00:c98:4005:100:0:3:0:5,443
2001:ac8:28:51:0:1:f446:7605,443
2602:fa59:5:a9::1,443
2a03:b0c0:3:f0:0:2:855:7000,443
2a0a:8c44::e7,443
2a03:b0c0:2:f0:0:1:d09c:1001,443
2a03:b0c0:3:f0:0:1:fa2c:b000,443
2a01:4f8:1c19:604b::1,443
2400:8907::f03c:93ff:fe33:1286,443
2a02:c207:3020:1103::1,443
2a02:6b40:2000:305b::1,8443
2a02:c207:2279:6173::1,2053
2a01:4f8:1c17:5e95::1,443
2a03:b0c0:3:f0:0:2:fc7:c000,443
2a03:b0c0:2:f0:0:1:698e:c001,443
2a0b:4142:e7f::2,443
2a01:4f8:c0c:dcc0::1,8443
2a01:7e01::2000:eeff:fe15:fc81,8443
2a03:b0c0:0:1051::3243:2000,443
2a01:4f8:1c1f:aaad::1,443
2a05:cfc0:3::1:2301:fb75,443
2001:41d0:800:2e54::41a6:acf8,443
2a00:c98:4005:111:0:e:0:7,443
2a05:d014:410:5500:8cb7:2a19:1445:bb83,443
2a03:b0c0:0:1051::2dbe:7000,443
2a01:4f8:c0c:2cf7::1,443
2a05:9406::7f1,443
2a02:c206:2176:7562::1,2053
2602:fa59:11:1b::1,8443
2a01:4f8:1c1b:89be::1,443
2a12:bec4:1bb0:657::2,443
2a0f:f01:200:b7::,443
2a02:c207:2252:8027::1,443
2a03:b0c0:2:f0:0:1:6042:3001,443
2a01:4f8:1c1c:ae01::1,443
2402:1f00:8100:400::2214,443
2602:fa59:11:89::1,8443
2a12:bec4:1bb0:83b::2,443
2605:e440:e::1:1ba,443
2a03:b0c0:0:1051::276d:2000,443
2a03:b0c0:0:1051::1e99:7000,443
2a03:b0c0:3:f0:0:2:474c:5000,443
2a03:b0c0:2:f0:0:1:487:d001,443
2a03:b0c0:3:f0:0:1:f849:d000,443
2a03:b0c0:0:1051::2581:1000,443
2a06:fcc0:a::1b7,443
2a00:bd80:a176:10:200::1,443
2a03:b0c0:3:f0:0:2:ab3a:d000,443
2a03:b0c0:3:f0:0:1:faa5:3000,443
2a03:b0c0:0:1051::2dbe:a000,443
2a0a:4cc0:c2:46fc:285e:d1ff:fe2a:865,443
2605:6400:30:fd12:aac2:5917:a3d2:a083,8443
2a0c:db40:0:840c::2,443
2605:e440:2::2:36d,443
2602:fc16:2:54a::9572,443
2a03:b0c0:2:f0:0:1:a5a:6001,443
2a03:b0c0:2:f0:0:1:a712:1,443
2a03:b0c0:3:f0:0:1:a582:4000,443
2a12:bec4:1bb0:200b::2,443
2a0b:4142:b28::2,8443
2a02:6b40:2000:305e::1,443
2a11:4881:1:b099::1,8443
2a03:b0c0:1:e0:0:1:4eb9:4001,443
2602:fa59:11:3d::1,443
2a05:541:131:6::1,443
2a03:b0c0:2:f0:0:1:6042:5001,443
2a10:c944:321::8cc,443
2a0d:8480:1:9c::,8443
2a01:4f8:1c19:3841::1,443
2a01:7e01::f03c:93ff:fe4c:5e7c,443
2a03:b0c0:3:f0:0:2:7a13:4000,443
2a02:6b40:2000:543::1,8443
2a0a:4cc0:c1:fc02:b84d:89ff:fe20:433,443
2a01:4f8:c2c:c577::1,443
2607:8700:9300:a22::2,443
2a0a:4cc0:c2:6ab7:280b:e2ff:fe96:2271,443
2a02:c207:2310:5207::1,443
2a03:b0c0:0:1051::1ec4:a000,443
2a02:c207:2311:297::1,8443
2a03:b0c0:3:f0:0:2:29a0:c000,443
2a03:b0c0:0:1051::32ce:3000,443
2a13:36c0:0:232::1,443
2a01:4f8:c014:4f93::1,443
2a03:b0c0:3:f0:0:2:29a1:1000,443
2a01:4f8:1c18:5d28::1,443
2a0c:480:113::1,443
2a11:3b80:1:0:39::1,443
2a0d:f302:145:8d20::1,443
2a03:b0c0:3:f0:0:2:208:3000,443
2a12:9cc0:0:1::1b2,443
2a06:fcc0:a::b5,8443
2a11:3b80:1::41b1,443
2602:fa59:5:448::1,443
2a13:7dc0:1000:69::1,443
2a0b:4142:87b::2,443
2605:e440:1::2:384,443
2a0d:8480:1:210a::,443
2a0d:6c2:26:66a::,443
2a03:b0c0:3:f0:0:1:9695:a000,443
2a01:4f8:c012:60f0::1,8443
2a12:bec4:1ac0:1f1::,443
2a01:4f8:c2c:f79e::1,8443
2001:41d0:305:2100::4135,8443
2a03:b0c0:0:1051::2574:8000,443
2a12:9080:3:a3::a,443
2a03:b0c0:3:f0:0:2:adfc:6000,443
2603:c024:1:336e:c6e8:abcb:7fbc:eb6e,443
2a01:4f8:1c19:b1ef::1,443
2a03:b0c0:3:f0:0:1:fdb1:5000,443
2a03:90c0:107::91,443
2a03:b0c0:1:e0:0:1:4eba:3001,443
2a03:b0c0:3:f0:0:2:9dc0:c000,443
2a03:b0c0:3:f0:0:1:faec:c000,443
2a03:f80:32:8fc1::1,443
2a0c:4ac1:15:bc::a,443
2a01:4f8:c014:ad7a::1,2053
2a03:b0c0:0:1051::2366:a000,443
2a03:6f02::1:6c88,443
2a0a:4cc0:c2:3d03:343e:26ff:fef8:4ea5,8443
2a03:4000:1e:336:8412:52ff:fefb:6158,443
2605:e440:1::1:bd,443
2a0d:6c2:26:64c::,443
2a0b:4142:12d7::2,443
2a03:b0c0:0:1051::1ebd:f000,443
2602:fb54:1e00::1de,2087
2a03:b0c0:2:f0:0:1:5f95:6001,443
2a01:8640:1d::98b6:d945,443
2a02:c207:3019:3501::1,443
2a03:b0c0:3:f0:0:1:f557:d000,443
2a0d:6c2:26:545::,443
2a03:b0c0:2:f0:0:1:60a8:c001,443
2a01:4f8:1c16:bc3::1,443
2a0e:97c0:3e3:239::1,443
2a03:b0c0:3:f0:0:1:fb59:3000,443
2a12:bec4:1bb0:1a4b::2,8443
2a03:b0c0:3:f0:0:2:aea8:a000,443
2a03:b0c0:2:f0:0:1:605c:f001,443
2a03:b0c0:0:1051::25bb:0,443
2a01:4f8:c014:9223::1,443
2a05:d014:1cd7:bc00:5200:62f6:5cef:3c6f,443
2a01:4f8:c0c:4e31::1,443
2a01:4f8:c014:e14::1,443
2a02:27ab:8000::1e9,443
2a02:c206:2123:7709::1,443
2a03:b0c0:3:f0:0:2:b5b3:e000,443
2602:faad:5::1fb,443
2406:da12:801:2500:2b67:cdb0:f953:f1af,443
2a13:36c0:1ff:1295::1,443
2a00:c98:2010:a011:0:4:0:2,443
2a03:b0c0:0:1051::278a:4000,443
2a01:4f8:1c1c:c03a::1,443
2a09:cd41:f:439c::1,443
2a01:4f8:c2c:91c4::1,443
2a01:4f8:c014:c0fb::1,8443
2a03:b0c0:0:1051::1ec7:b000,443
2a02:6b40:2000:247f::1,443
2a01:4f8:1c17:c311::1,443
2001:19f0:6c01:1c9b:5400:6ff:fe49:25bb,443
2a0b:4142:3da::2,8443
2a03:b0c0:0:1051::23aa:c000,443
2a03:b0c0:0:1051::1ec4:b000,443
2a01:4f8:1c18:e78c::1,443
2a03:b0c0:3:f0:0:1:f9e3:9000,443
2a0d:6c2:26:376::,2053
2a03:b0c0:2:f0:0:1:a935:2001,443
2a03:b0c0:0:1051::32fb:7000,443
2001:19f0:5001:3801:5400:6ff:fe31:7b91,443
2a03:b0c0:3:f0:0:1:f829:9000,443
2a02:6b40:2000:3422::1,443
2a0c:16c2:500:401::526b,443
2a06:fcc0:a::4f,443
2a02:c207:2331:113::1,443
2a0a:4cc0:c2:412b:84bb:a3ff:fe9f:bc36,443
2a03:b0c0:0:1051::26cc:f000,443
2a0c:b641:ce0::d866:3a7e,443
2a03:b0c0:0:1051::1de0:9000,443
2602:f988:84:afb::f17,443
2001:41d0:305:2100::da2f,443
2406:da12:801:2501:732:efff:dfaf:fe75,443
2a0b:4140:f488::2,443
2a01:4f8:c014:5d57::1,443
2a03:b0c0:0:1051::1ec3:c000,443
2406:da12:801:2502:b73f:2cee:abcb:b6b1,443
2a01:4f8:1c16:e303::1,443
2a03:b0c0:2:f0:0:1:10bd:d001,443
2a03:b0c0:3:f0:0:1:fd65:6000,443
2401:3bc0:100f:237:5054:ff:fe46:7edb,443
2a11:3b80:1::5129,2083
2a03:b0c0:2:f0:0:1:a043:8001,443
2a13:4ac0:28:c:f816:3eff:fe11:81f5,443
2a03:b0c0:3:f0:0:2:b34:d000,443
2a03:b0c0:0:1051::29e9:2000,443
2a03:b0c0:2:f0:0:1:698e:f001,443
2a0b:4142:99c::2,8443
2a01:4f8:c012:cde1::1,8443
2a01:ecc0:40:378::2,443
2a03:b0c0:3:f0:0:2:8e83:7000,443
2a01:4f8:1c1a:b306::1,443
2a12:bec4:1460:5de::2,2053
2a03:b0c0:2:f0:0:1:6ebd:9001,443
2a03:b0c0:2:f0:0:1:6f49:b001,443
2a01:4f8:c010:42f7::1,2087
2a03:b0c0:0:1051::32fb:e000,443
2a0d:7c40:3000:703::2,443
2a03:b0c0:3:f0:0:2:572f:5000,443
2a03:6f02::1:26c6,443
2a03:b0c0:3:f0:0:1:fce0:4000,443
2a01:4f8:c17:7c93::1,443
2a01:4f8:c0c:db6f::1,443
2602:fa59:5:da8::1,443
2001:41d0:304:400::434a,443
2a01:4f8:1c1c:8b65::1,2096
2602:fa59:5:9b7::1,443
2a12:bec4:1de0:1d1::2,2083
2a03:6f02::7748,443
2a03:b0c0:0:1051::2376:c000,443
2a03:6f00:8::1590,443
2a03:b0c0:2:f0:0:1:c0a:a001,443
2a03:b0c0:0:1051::1ec2:f000,443
2603:c024:17:6019:0:9370:f210:939f,8443
2a0a:20c0:f001:81:6ab1:5fff:fe04:686f,443
2a03:b0c0:0:1051::1ec2:6000,443
2a01:4f8:1c18:4e3::1,8443
2a00:c98:2010:a00f:0:3:0:2,443
2a10:c944:321::803,2053
2a03:b0c0:3:f0:0:2:3b31:f000,443
2602:fa59:5:677::1,443
2a03:b0c0:3:f0:0:1:fe14:f000,443
2a01:7e01::f03c:93ff:fe4c:5606,443
2a13:4ac0:20:2b:f816:3eff:fe28:2b16,443
2603:c024:a:21aa:1:1:1:1,8443
2401:e9e0:2000::83,443
2a01:4f8:c17:7ef7:de6e::2,443
2a02:c207:2319:9385::1,443
2a02:c207:2308:3233::1,443
2a13:9500:126:0:b4a3:6092:8915:1,2083
2a12:bec4:1bb0:13e1::2,443
2a0b:4142:c71::2,443
2a01:4f8:2240:2586::2,443
2a09:bac1:5560::20a:9b,2053
2602:fb54:1801:1ec::a,443
2a03:b0c0:0:1051::2f24:f000,443
2a12:bec4:1bb0:1f47::2,443
2a01:4f8:c014:1559::1,2053
2a0a:4cc0:c0:a734:870:8fff:fece:a54d,443
2a0b:4140:b939::2,443
2a11:3b80:1::6b91,443
2a01:4f8:1c1a:a86c::1,8443
2001:bc8:711:70b7:dc00:1ff:fe28:649,443
2a01:4f8:c014:527d::1,443
2a13:36c0:1ff:1687::1,2053
2a0b:4140:4067::2,443
2a01:4f8:1c1f:b7b3::1,443
2a02:c207:2288:5142::1,443
2a01:4f8:1c1f:b950::1,443
2a03:4000:47:f7:58fb:c3ff:fe91:fbb7,8443
2a0c:b847:ffff:133::a,8443
2a0c:5d00:3004::197e:89bb,443
2a03:6f02::dbc1,443
2a03:afc0:9::1192,443
2a01:4f8:c2c:2691::1,2053
2001:ac8:20:3900:216:3eff:fe09:7018,2087
2a0a:4cc0:c2:153b:467:e7ff:fe7b:3997,8443
2a04:ecc0:8:a8:0:3db::,443
2001:41d0:701:1100::a1ed,2053
2a0d:6c2:17:178::,443
2a03:b0c0:2:f0:0:1:a5a:8001,443
2a04:dd00:26:9:216:3cff:fecd:827e,2053
2a01:4f8:c015:b894::1,443
2a03:b0c0:0:1051::1ec2:9000,443
2a03:b0c0:3:f0:0:2:572f:9000,443
2a03:b0c0:2:f0:0:1:c9b8:f001,443
2a02:6b40:2000:d30::1,443
2a01:4f8:c0c:e72c::1,443
2001:41d0:701:1100::9c9b,8443
2a0f:6284:62:d16f::1,8443
2a03:b0c0:3:f0:0:1:f522:e000,443
2600:3c0b::2000:3dff:fec4:c488,2053
2a03:b0c0:3:f0:0:2:13ef:f000,443
2a01:4f8:c2c:41dd::1,443
2a01:4f8:1c1e:659e::1,443
2a01:4f8:c015:ce22::1,443
2a01:4f8:c013:67fd::1,443
2a03:b0c0:0:1051::2282:d000,443
2a12:bec4:1bb0:1f05::2,443
2a03:b0c0:0:1051::1ec6:c000,443
2a03:b0c0:2:f0:0:1:a59:f001,443
2a12:4045:724f:a43e::1,443
2a03:b0c0:3:f0:0:2:ce8:8000,443
2a0d:6c2:17:330::,8443
2a0d:6c2:26:2a2::,443
2a12:bec4:1bb0:777::2,8443
2602:fa59:8:937::1,443
2a03:b0c0:3:f0:0:1:e1cc:d000,443
2a01:4f8:1c18:5515::1,443
2406:da12:814:8601:2581:f848:a549:24b7,443
2a0f:cdc6:500:3ae::2,443
2a0a:4cc0:c2:a2cd:68f9:1fff:fe7c:e05e,443
2a01:ecc0:200:18d8::2,443
2a0d:6c2:26:25b::,8443
2a01:4f8:1c18:1b94::1,443
2a02:c207:2300:2440::1,443
2a01:8640:1b::21ac:2f83,443
2a02:6b40:2000:b7f::1,2087
2a03:b0c0:2:f0:0:1:d0e1:d001,8443
2a00:1169:11a:49f0::,8443
2001:41d0:305:2100::c9f5,443
2a03:b0c0:0:1051::32ce:4000,443
2a01:4f8:c014:e3b::1,443
2a01:4f8:c014:ccd1::1,443
2a0c:b641:ce0::2de1:b85f,443
2406:da12:801:2502:d91e:eca4:d691:c3ba,443
2a0a:4cc0:c0:ad1e:d8f6:c0ff:fe58:9667,8443
2a01:7e01::f03c:93ff:fe61:5dfb,443
2a01:4f8:c0c:34a::1,443
2406:da12:ded:2a00:c17c:ad4e:cbd9:b0f1,443
2a02:6b40:2000:46d::1,443
2a01:4f8:1c18:ca72::1,443
2a14:7c0:1002:117d::,443
2001:41d0:700:4263::,8443
2a01:e5c0:51ca::2,2087
2a01:4f8:c015:f133::1,443
2a03:b0c0:3:f0:0:1:8690:8000,443
2a01:7e01::f03c:93ff:feb2:e8,443
2a01:4f8:1c1b:14d7::1,443
2a03:b0c0:2:f0:0:1:7ffb:4001,443
2a0b:4142:548::2,443
2a03:b0c0:0:1051::25ee:8000,443
2607:8700:9300:4a91::2,2053
2a01:4f8:c015:55cb::1,2053
2a12:bec4:1bb0:308::2,443
2a02:6b40:2000:25e9::1,443
2a03:b0c0:0:1051::1e99:8000,443
2a03:b0c0:3:f0:0:2:e49:1000,443
2a03:b0c0:3:f0:0:1:f726:d000,443
2a12:bec4:1bb0:b24::2,443
2a13:d200:5:1e9::1,2096
2a02:6b40:2000:374::1,8443
2a03:6f02::1:657a,443
2a03:4000:15:1e8:1843:25ff:fe22:a82d,443
2602:fc16:2:4fa::6489,2053
2a0b:4142:687::2,443
2400:6180:10:200::b31e:5000,443
2400:8d60:4::5ef1:28a,8443
2a03:b0c0:2:f0:0:1:cab:8001,443
2a0d:6c2:17:935::,443
2a02:c207:3020:117::1,8443
2a02:6b40:2000:2d06::1,443
2407:cdc0:f004:281b:a28f:6af0:3563:b190,443
2602:fb54:1801:225::a,8443
2a03:b0c0:3:f0:0:1:f011:3000,443
2a03:b0c0:3:f0:0:1:fd65:d000,443
2a12:bec4:1bb0:171c::2,443
2602:fa59:11:d7::1,443
2a01:4f8:c2c:4853::1,443
2a01:4f8:1c1c:f4f::1,443
2a13:7dc0:2000:73::1,443
2a05:8280:f:4436::1,443
2a01:ecc0:bc0:8::2,443
2602:f988:85:81d::2c4,8443
2400:6180:10:200::b31e:3000,443
2a0b:4140:bb51::2,443
2a02:c207:2304:6533::1,2053
2a03:6f02::e816,443
2a03:b0c0:0:1051::26e4:d000,443
2001:41d0:701:1100::7b50,443
2a03:b0c0:3:f0:0:2:b34:e000,443
2a02:6b40:2000:220b::1,8443
2a03:b0c0:0:1051::3320:b000,443
2a03:b0c0:2:f0:0:1:8ce2:d001,443
2a0c:480:102::1,443
2a01:4f8:c17:a951::1,8443
2001:1600:18:205::79,443
2a02:6b40:2000:27dd::1,8443
2a05:f480:2000:20c6:5400:6ff:fe77:3e6d,443
2a10:c944:321::258,443
2a01:4f8:1c1b:19cb::1,2083
2a03:b0c0:3:f0:0:1:f011:7000,443
2a03:b0c0:2:f0:0:1:487:e001,443
2a02:c207:2342:2124::1,443
2a12:bec4:1de0:210::2,443
2a12:bec4:1bd2::75,8443
2a05:f480:2000:1614:5400:5ff:fee4:e2df,8443
2a03:b0c0:2:f0:0:1:a935:f001,443
2602:fa59:8:1c5::1,443
2a01:7e01::f03c:93ff:feb2:16,443
2001:41d0:701:1100::ce71,443
2602:fc16:2:278::39a2,443
2a01:4f8:c013:74b::1,443
2a01:4f8:1c18:8763::1,8443
2a12:bec4:1bb0:33e::2,8443
2a0b:4141:820:16a::2,8443
2a03:4000:6:8edd:c44d:e7ff:fe72:a674,443
2a03:b0c0:3:f0:0:1:f9e3:8000,443
2602:fa59:5:4a9::1,443
2a03:b0c0:2:f0:0:1:6041:e001,443
2a06:f902:1:100::89,443
2001:41d0:ab02::4:0:46,2053
2a01:7a7:2:31f7:225:90ff:feea:f7b0,2053
2a0f:cdc6:500:48d::2,443
2a03:b0c0:2:f0:0:1:9ab:b001,443
2605:e440:e::11,443
2001:41d0:701:1100::7ea,8443
2a14:1e00:1:5ba::,443
2a01:ecc0:200:1a3d::2,2053
2a02:c207:2328:7369::1,8443
2a03:b0c0:0:1051::25ee:6000,443
2a03:b0c0:3:f0:0:1:fd66:1000,443
2a03:b0c0:2:f0:0:1:68e1:4001,443
2a0b:b7c4:1:d92c::1,8443
2a03:4000:24:9c1:48c9:4aff:fe7b:517,8443
2a01:4f8:fff0:124:2::5f,443
2a03:6f02::5e9d,2053
2a01:4f8:1c1b:410e::1,443
2a0a:4cc0:c1:6ef:580b:3ff:fe26:daf0,443
2605:e440:3b::2ac,443
2a12:bec4:1de0:499::2,8443
2a01:7e0:0:164::259,443
2a02:c207:2318:9645::1,443
2a00:c98:400f:114:1c00:92ff:fe00:e56,8443
2a02:6b40:2000:ce2::1,443
2a05:541:103:25c::1,8443
2a0b:4140:433e::2,8443
2a05:9403::12f1,443
2a01:4f8:c013:aa68::1,8443
2a03:b0c0:3:f0:0:1:f726:b000,443
2a02:6b40:2000:dad::1,443
2a12:bec4:1bb0:1f70::2,8443
2a01:4f8:1c16:ddbf::1,443
2a02:6b40:2000:269d::1,8443
2603:c020:8012:af01:aed5:a52d:5a69:c5ce,443
2406:da12:801:2503:b263:af94:fda5:7ddf,443
2a12:bec4:1ac0:9eb::,443
2a01:4f8:c2c:f1ec::1,443
2a01:4f8:c17:8aa0::1,8443
2a01:4f8:c010:544c::1,443
2a01:4f8:1c16:8d8b::1,443
2a09:bac5:27be:18fa::27d:54,8443
2a00:bd80:a176:10:2ba::1,443
2a03:b0c0:3:f0:0:1:942d:4000,443
2a02:2479:75:f00::1,443
2a02:c207:2283:3909::1,443
2a0f:cdc6:500:827::2,8443
2a03:6f02::1:6872,443
2602:fa59:8:938::1,8443
2602:fa59:8:9c3::1,8443
2a0d:6c2:17:a75::,8443
2a11:3b80:1::519,443
2a0b:4140:489b::2,2053
2a03:b0c0:3:f0:0:2:fc7:e000,443
2a01:e5c0:5ce3::2,2053
2a03:b0c0:3:f0:0:1:faec:8000,443
2a03:b0c0:3:f0:0:1:9855:e000,443
2a0a:4cc0:c0:79c8:1469:75ff:fe7f:8d9c,8443
2a12:bec4:1bd0::60,443
2605:e440:1::1:b0,443
2a02:6b40:2000:3612::1,443
2a03:b0c0:3:f0:0:1:f025:8000,443
2a01:4f8:1c18:e566::1,443
2400:6180:10:200::b31e:7000,443
2603:c020:8010:7600:0:34:bc1f:b47f,443
2a01:4f8:1c1c:f9ee::1,443
2a02:1210:8808:2000:f55d:b70:5d03:143,443
2a02:4780:79:f5d::1,443
2a0a:4cc0:c0:72:e8d0:c8ff:feb2:20ce,443
2a0b:4141:820:c34::2,443
2a0b:4140:b60c::2,2087
2a01:4f8:1c18:6a20::1,2087
2a02:6b40:2000:2a2d::1,443
2a0b:4140:b3bc::2,443
2a01:4f8:1c1a:51be::1,443
2a03:6f02::1:1a59,443
2a03:b0c0:3:f0:0:2:3b31:d000,443
2a03:b0c0:3:f0:0:1:f025:b000,443
2a0b:4142:305::2,443
2a03:b0c0:3:f0:0:2:299f:e000,443
2a01:4f8:1c1b:3b1::1,443
2a02:6b40:2000:10a1::1,443
2a0b:4140:49e2::2,8443
2605:e440:4::3:376,8443
2a0b:4140:f191::2,2053
2a01:4f8:c015:376c::1,443
2602:fa59:5:22d::1,443
2a12:bec4:1bb0:60c::2,8443
2a01:4f8:c014:a525::1,443
2a01:4f8:1c1f:83ab::1,2053
2602:fa59:8:2a1::1,443
2a03:b0c0:0:1051::1ec9:6000,443
2a12:bec4:1460:3a4::2,443
2a00:ccc1:102:d5::,8443
2001:41d0:304:300::a0b6,2053
2a01:4f8:1c18:3a6b::1,8443
2a03:94e0:ffff:193:200:238:0:239,8443
2a03:4000:4a:a9:5869:fff:fe05:3685,443
2a02:6b40:2000:279::1,8443
2a01:4f8:1c1b:f14::1,443
2a03:b0c0:2:f0:0:1:68e1:3001,443
2605:e440:47::73,443
2602:fa59:8:ee::1,443
2a01:4f8:1c18:3732::1,443
2a14:7981:467:228::,2053
2a03:b0c0:3:f0:0:1:faec:5000,443
2a12:bec4:1568:1279::1,443
2a03:b0c0:3:f0:0:2:29a0:6000,443
2001:41d0:f00:5600::ae84:f83b,8443
2a03:f80:420:cf23::1,443
2a0b:7140:5:1:5054:ff:fe05:419f,443
2a00:bd80:a176:10:61d::1,443
2a07:4680:0:5:f816:3eff:fe09:bb04,443
2a01:e5c0:5896::2,443
2a0d:6c2:17:76b::,8443
2a02:6b40:2000:3353::1,443
2a03:b0c0:3:f0:0:1:97dd:a000,443
2a01:4f8:1c1c:cf8d::1,443
2a04:52c0:114:9146::1,443
2a03:b0c0:0:1051::2abc:e000,443
2a0d:6c2:26:7f1::,8443
2a01:4f8:1c1c:e734::1,443
2a03:b0c0:0:1051::2652:1000,443
2a0f:85c1:b73:641::a,443
2a10:c944:321::532,443
2a0a:8c41::a2,443
2a13:7dc0:4000:3d::1,8443
2a0d:d940:13:59::2,443
2a03:b0c0:3:f0:0:1:9279:9000,443
2a0b:4141:820:1e5::2,8443
2406:da12:801:2501:69ba:85f4:4939:ec7c,443
2a02:6b40:2000:2c05::1,443
2a0f:cdc6:500:1c64::2,443
2a01:4f8:1c1b:e80e::1,443
2a09:bac5:27bd:2478::3a2:39,2096
2001:1600:18:202::bb,443
2a03:b0c0:0:1051::25ee:4000,443
2a01:ecc0:40:110d::2,2083
2a01:4f8:1c1b:bb7d::1,443
2a01:e5c0:5fcc::2,443
2a03:b0c0:3:f0:0:1:fce0:9000,443
2a03:b0c0:0:1051::1df3:9000,443
2a01:4f8:c015:5a35::1,2083
2a02:c207:2340:8150::1,443
2a01:4f8:c17:aaf8::1,8443
2a02:6b40:2000:28bc::1,2053
2a0b:4142:b2b::2,443
2a0e:97c0:3e3:5b8::1,443
2a02:6b40:2000:1237::1,443
2a03:b0c0:2:f0:0:1:68e1:6001,443
2602:fa59:8:109::1,443
2a01:4f8:1c16:c859::1,8443
2a14:7981:467:7e2::,443
2602:fa59:8:684::1,443
2a03:b0c0:3:f0:0:2:e49:4000,443
2a05:f480:1800:22d6:5400:6ff:fe51:87f7,443
2a0b:4140:bfae::2,8443
2a03:b0c0:3:f0:0:2:299f:f000,443
2a01:e5c0:599d::2,2053
2a0a:4cc0:c0:12e0:b45b:4bff:fe43:d9fa,443
2a12:bec4:1bb0:2912::2,443
2a03:b0c0:1:e0::d26d:a001,443
2404:a3c0:6:5a:5868:93ff:fe00:b88,443
2a02:6b40:2000:203a::1,8443
2a02:c207:2326:5877::1,443
2a03:b0c0:0:1051::2752:d000,443
2a02:6b40:2000:1d86::1,443
2a03:b0c0:0:1051::32cd:f000,443
2a01:4f8:c013:1583::1,443
2001:41d0:404:200::111e,8443
2a01:4f8:1c1b:4993::1,443
2a01:e5c0:55bd::2,8443
2a0b:4141:820:114e::2,443
2a03:4000:21:d3b:445a:17ff:fe33:7d25,443
2a0c:16c2:500:fa1::6c54,443
2a12:bec4:1460:1c0::2,2053
2a12:bec4:1bb0:1065::2,443
2a04:52c0:106:784::1,443
2603:c022:6:c700:0:762b:597a:360b,443
2a01:4f8:c013:b6b0::1,443
2a03:b0c0:3:f0:0:1:f727:0,443
2a03:b0c0:0:1051::1ec4:7000,443
2a03:b0c0:0:1051::2abc:1000,443
2a11:3b80:1::2d71,443
2a02:6b40:2000:1459::1,443
2a01:4f8:1c1b:104a::1,443
2a0b:4140:bc0b::2,443
2a01:4f8:1c19:718b::1,2087
2a12:bec4:1bb0:1bf::2,8443
2a0f:f01:210:ed::,8443
2a01:4f8:c2c:8a72::1,443
2a01:4f8:1c1a:87f0::1,443
2a03:b0c0:0:1051::323e:8000,443
2602:fa59:8:63::1,443
2a01:4f8:c015:d22b::1,443
2a02:6b40:2000:2b03::1,8443
2a01:4f8:c013:c2e5::1,443
2a0b:4140:f32b::2,443
2a01:4f8:1c17:4d07::1,8443
2a03:b0c0:0:1051::23aa:d000,443
2a03:b0c0:0:1051::2580:b000,443
2a0b:4140:b611::2,2087
2a01:e5c0:5f87::2,8443
2a03:b0c0:2:f0:0:1:a098:1,443
2a05:9403::1319,443
2a02:6b40:2000:347a::1,8443
2a09:bac1:1e00:8::2b8:d7,8443
2a01:e5c0:54c3::2,443
2a03:b0c0:3:f0:0:1:942c:e000,443
2a0c:2502:0:5da:604c:c78:15ea:d8b0,443
2a04:dd00:26:9:216:3cff:fe6f:dae3,443
2a09:bac1:1e60:60::3a0:42,8443
2a02:2350:a:103:f816:3eff:feba:8c39,443
2a03:b0c0:3:f0:0:1:9856:0,443
2a02:c207:2327:3752::1,443
2a00:bd80:a176:10:6bb::1,443
2a11:3b80:1::5c01,2053
2a12:bec4:1bb0:c9a::2,443
2a01:4f8:c014:c0be::1,443
2a03:b0c0:3:f0:0:1:e1cb:9000,443
2a02:6b40:2000:3202::1,443
2a03:b0c0:2:f0:0:1:b3c:c001,443
2a03:b0c0:0:1051::2752:b000,443
2a02:6b40:2000:d09::1,443
2a05:f480:2000:1f01:5400:6ff:fe6f:93ee,443
2a02:6b40:2000:3699::1,2053
2a01:4f8:1c19:231c::1,443
2a0b:4140:45c3::2,443
2605:e440:2::2:2f3,443
2a03:b0c0:2:f0:0:1:47d4:8001,443
2a02:c206:2210:1580::1,443
2a0b:4141:820:70b::2,8443
2605:e440:30::1:213,443
2a11:3b80:1::8371,443
2a01:ecc0:3c0:115::2,443
2a0c:b847:ffff:219::a,8443
2001:1c00:4c1d:bd00:8aa2:9eff:fe58:4726,443
2a01:4f8:c015:6699::1,443
2a01:4f8:c0c:9cc1::1,8443
2a03:b0c0:3:f0:0:1:f558:0,443
2a0a:8c41::170,443
2406:da12:801:2501:7f8b:5a09:7495:76b,443
2600:3c09::2000:74ff:fe69:1dee,443
2a0b:4142:109::2,8443
2a03:b0c0:3:f0:0:1:95b1:2000,443
2a13:4ac0:28:13:f816:3eff:fe5e:6b29,8443
2a11:3b80:1::82f9,443
2a0b:4140:476a::2,443
2a02:6b40:2000:2d11::1,443
2a0a:4cc0:c2:3544:a49f:e1ff:febd:6604,443
2a0a:4cc0:c2:2140:9470:3fff:fe28:84cf,443
2a03:3a61:a1::23:a,443
2a0f:f01:206:6bb::,8443
2a03:b0c0:3:f0:0:1:e1cb:7000,443
2a05:f480:2000:1ce1:5400:6ff:fe41:4a1f,443
2605:e440:1::2:310,443
2a01:4f8:c014:1271::1,443
2a03:b0c0:3:f0:0:2:fc7:9000,443
2a05:f480:2000:1aad:5400:4ff:fed5:9c4,8443
2a0d:f302:114:1c4e::1,2053
2a01:f500:aaaa:3700::a,443
2605:e440:47::304,8443
2a0f:cdc6:500:1e61::2,443
2a03:b0c0:3:f0:0:2:7d87:2000,443
2a0a:51c0:0:147::2b,443
2a01:4f8:1c19:e24c::1,443
2a0a:4cc0:c1:d623:6820:e2ff:fe6f:b42e,443
2a03:b0c0:3:d0::1944:6001,443
2a0b:4140:ba8e::2,443
2a02:c207:2294:2894::1,8443
2a12:bec4:1bb0:af6::2,443
2a01:ecc0:40:18e5::2,443
2a03:b0c0:0:1051::2581:0,443
2001:41d0:701:1100::cfdc,443
2a01:4f8:1c1c:4ba6::1,443
2a01:4f8:c015:e5dc::1,443
2a14:a084:f134::2,443
2a02:6b40:2000:1f04::1,2053
2a0a:3840:1337:126:0:b9c1:7ef8:1337,443
2a14:7981:467:bf::,443
2a12:bec4:1bb0:e2e::2,443
2a03:4000:4c:1f6:28f2:c5ff:fe99:1f87,8443
2a12:bec4:1bb0:1bbb::2,443
2a02:750:23:5::5,443
2a02:6b40:2000:24b::1,443
2a02:6b40:2000:1f06::1,443
2a00:bd80:a176:10:268::1,443
2603:c024:7:10aa:470:2762:3e86:9de0,2053
2a0f:6282:21a::1,443
2a03:6f00:8::1a04,443
2a0b:4140:bd45::2,443
2602:fa59:8:9a4::1,443
2a03:b0c0:0:1051::276d:4000,443
2a02:6b40:2000:287b::1,443
2a03:b0c0:2:f0:0:1:5f95:5001,443
2a01:4f8:c014:4bf4::1,443
2406:da12:814:8600:9b47:6346:e43a:e2b1,443
2001:49f0:d13d:0:268::,2096
2a01:e5c0:5784::2,443
2a03:b0c0:0:1051::1ec8:a000,443
2a03:f80:32:92eb::1,443
2a03:b0c0:2:f0:0:1:209e:a001,443
2a01:e5c0:5bf7::2,443
2a12:bec4:1de0:1ac::2,443
2602:fa59:5:9a2::1,443
2a03:b0c0:3:f0:0:2:b34:f000,443
2a01:4f8:1c1e:8346::1,443
2a01:4f8:1c1b:cd95::1,443
2605:e440:1::5:83,8443
2a14:7981:470:df::,8443
2a0b:4141:820:ab8::2,443
2a0f:f01:201:39::,443
2a12:bec4:1bb0:147b::2,8443
2a02:c207:2291:2149::1,443
2a03:b0c0:3:f0:0:1:fe14:a000,443
2a02:c207:2339:2138::1,8443
2a02:c207:2272:1661::1,8443
2a01:4f8:1c18:faa8::1,443
2a12:bec4:1bb0:dde::2,8443
2a0b:4140:b846::2,443
2a0f:cdc6:500:5b2::2,8443
2406:da12:801:2503:74c8:3431:6acb:38,443
2a0d:6c2:17:76f::,443
2a03:b0c0:3:f0:0:1:f025:6000,443
2a03:4000:3b:ded:94b3:c0ff:fee4:9cd2,443
2a0b:4140:4780::2,8443
2a03:b0c0:0:1051::1e99:9000,443
2a03:b0c0:3:f0:0:2:9dc0:9000,443
2602:fc16:2:213::375d,443
2003:d1:3721:a900:c3a0:8b87:7108:da80,443
2607:ff68:12:2e::7,443
2001:1c00:d708:8100:c973:1b19:ee31:c8af,443
2a03:b0c0:0:1051::32cd:c000,443
2a12:9080:3:57::a,443
2a0d:6c2:17:9cc::,443
2a11:3b80:1::811,443
2a12:bec4:1bb0:e65::2,443
2a01:ecc0:200:1d0b::2,443
2a0c:5d00:3004::f39c:3a38,443
2a03:b0c0:0:1051::2580:d000,443
2a14:7c0:1002:1190::,443
2a12:bec4:1bb0:c20::2,443
2a01:ecc0:40:6d1::2,2053
2a01:ecc0:200:537::2,443
2a12:8d02:2100:146:26a3:f0ff:fe46:22,443
2a12:bec4:1bb0:22f4::2,443
2a14:ae00:b:26::a,443
2a0b:4140:4736::2,443
2001:41d0:ab05::4:0:724,2053
2a11:3b80:1::15c9,443
2a13:7c81:24a::2,443
2a03:b0c0:3:f0:0:2:ebc:4000,443
2a0f:cdc6:500:1d53::2,443
2a02:8071:5352:fe40:87b7:1507:b6ad:a573,8443
2a12:bec4:1ac1:8d0::,443
2a01:4f8:c015:5b59::1,443
2a12:bec4:1485:1e5::2,443
2a01:4f8:1c19:49f7::1,443
2a01:e5c0:5af0::2,443
2a0f:cdc6:500:1c03::2,443
2a0e:dc0:5:84dd::1,443
2a03:b0c0:2:f0:0:1:47d4:4001,443
2607:ff68:12:5::d0ec:6273,443
2a01:7a7:2:3d47:216:3cff:fec0:bd45,443
2a01:4f8:1c1b:ed9::1,2083
2a12:bec4:1de0:5e::2,443
2001:41d0:700:6532::c9fe:485c,443
2a01:4f8:c014:a718::1,443
2a0b:4140:b30a::2,443
2a0f:85c1:b73:46b::a,8443
2a0f:f01:207:27e::,8443
2a0f:b240:18:2c::1,443
2a13:4ac0:8:0:f816:3eff:fe98:7e77,443
2a01:4f8:1c1b:7aee::1,443
2a03:4000:49:f1e:9817:27ff:fed0:2bc4,443
2a0b:4140:bd32::2,443
2a14:7981:470:3c6::,443
2a03:b0c0:3:f0:0:1:f025:3000,443
2001:41d0:ab05::4:0:554,443
2a01:4a0:4b:0:103:0:3997:79c8,443
2a01:e5c0:5cb3::2,8443
2a02:6b40:2000:1960::1,443
2406:da1c:971:1900:1be5:3675:dde1:275d,443
2a05:f480:2400:1913:5400:5ff:fe0d:5e83,2053
2a02:27ab:8000::699,8443
2602:fc16:2:149::8b72,2053
2602:fa59:8:5bb::1,443
2a10:fa80:5000:7c::1,443
2a11:840:1:1b:216:3eff:fee4:2acc,8443
2a0f:f01:207:329::,443
2a0d:f302:141:b363::1,8443
2a14:a084:f120::2,443
2a02:c207:2251:2039::1,2053
2400:6180:10:200::b31e:2000,443
2a01:ecc0:40:251::2,443
2a03:b0c0:3:f0:0:1:6258:f000,8443
2602:fa59:5:7f9::1,443
2a13:d200:5:283::1,443
2a11:3b80:1::3661,2053
2a12:bec4:1bb0:1a9d::2,443
2a03:b0c0:0:1051::1eca:4000,443
2406:da12:801:2502:18f7:618b:9663:e978,443
2a0a:8c41::297,443
2a02:6b40:2000:1a4e::1,443
2a05:cfc0:3::1:f586:8af5,443
2602:fc16:2:2bd::23b5,443
2a01:4f8:1c18:9573::1,443
2a11:3b80:1:0:2ca::1,443
2a12:bec4:1be0:d9b2::1,443
2a01:ecc0:40:11::2,443
2a12:bec4:1bb0:13ae::2,443
2a01:4f8:1c1a:cc::1,2087
2a03:b0c0:3:f0:0:2:ce8:d000,443
2a0d:f302:152:5038::1,8443
2a12:bec4:1bb0:11d7::2,2083
2a01:367:c204::17:f9,443
2a02:6b40:2000:83d::1,2053
2a03:b0c0:0:1051::25ee:c000,443
2602:fb54:1800::193,8443
2a01:4f8:c012:290d::1,443
2a03:4000:35:e6:d8be:80ff:fee2:b6b,8443
2a0b:4140:bbc1::2,2053
2602:fa59:11:1d1::1,443
2a03:b0c0:3:f0:0:2:93f:f000,443
2a05:9403::a59,8443
2a00:11c0:5f:450c:64d8:33ff:fe57:d063,2083
2a12:bec4:1bb0:2123::2,443
2603:c024:15:4966:0:f165:9637:c2e9,8443
2a0d:6c2:17:831b::,443
2a0f:f01:208:536::,443
2a13:36c0:1ff:1361::1,8443
2a0e:dc0:6:12b7::1,443
2a03:b0c0:3:f0:0:1:fd75:e000,443
2a12:bec4:1d60:48::2,443
2a12:bec4:1485:3e4::2,443
2a0d:f302:119:4027::1,443
2a03:b0c0:3:f0:0:1:e97d:3000,443
2a12:bec4:1480:47d::2,443
2600:3c09::2000:bbff:fec4:7246,443
2a01:4f8:1c1b:827::1,443
2a12:bec4:1de0:3f::2,443
2a12:bec4:1ac1:1ae::,2087
2a12:bec4:1460:1ee::2,443
2a11:3b80:1::209,8443
2001:67c:2f5c:2::4b1,8443
2a03:b0c0:0:1051::23ab:3000,443
2a12:bec4:1ac1:84::,443
2a14:7981:467:610::1,8443
2a0b:7140:5:1:5054:ff:fe89:6af5,443
2a12:bec4:1bb0:10d9::2,443
2a0a:4cc0:c1:1509:d896:a7ff:feb2:cbd8,443
2a02:c207:2323:5701::1,2096
2a0f:cdc6:500:c8c::2,8443
2602:fa59:8:1f1::1,443
2a01:4f8:1c1a:7ad6::1,443
2a01:7a7:2:3c16::1eaf:a57d,8443
2001:1af8:4020:a010::500,2053
2a12:bec4:1ac0:990::,8443
2a0a:4cc0:c2:45f1:1805:ebff:feed:9166,443
2a01:4f8:1c19:7abf::1,443
2a03:b0c0:3:f0:0:1:fce0:1000,443
2a03:b0c0:3:f0:0:1:e1cc:e000,443
2a0b:4141:820:6f8::2,443
2a09:bac5:27ba:1282::1d8:89,8443
2a03:b0c0:3:f0:0:1:f557:b000,443
2a0f:cdc6:500:2ce2::2,443
2a03:b0c0:3:f0:0:2:572f:d000,443
2a03:b0c0:3:f0:0:2:5ad1:2000,443
2a12:bec4:1485:432::2,2053
2a0f:cdc6:500:1fad::2,443
2a0b:4141:820:c96::2,443
2a03:b0c0:3:f0:0:2:e49:2000,443
2001:41d0:ab05::4:0:75d,2053
2001:41d0:ab05::4:0:513,443
2602:fb54:1800::83,8443
2a03:b0c0:3:f0:0:1:fde5:e000,443
2a03:b0c0:3:f0:0:1:fd65:3000,443
2a03:4000:2b:1e48:78dd:33ff:fee8:50d6,443
2602:fa59:8:758::1,443
2a01:7a7:2:3343:216:3cff:fe71:b858,8443
2a0b:4141:820:e92::2,443
2a02:c207:2327:4783::1,8443
2a0f:cdc6:500:1920::2,443
2a03:b0c0:3:f0:0:2:9dc1:0,443
2a03:4000:4f:76::,443
2a0f:f01:208:1e9::,8443
2a01:4f8:1c19:ccb5::1,443
2a00:bd80:a176:10:1c1::1,443
2a02:6b40:2000:1ecf::1,2053
2a03:b0c0:3:f0:0:2:208:8000,443
2a03:b0c0:3:f0:0:1:f726:e000,443
2a02:8429:8115:bf01:20c:29ff:fe61:739,8443
2a03:b0c0:3:f0:0:2:855:4000,443
2a13:d200:5:192::1,8443
2001:41d0:ab05::4:0:4e4,443
2a01:4f8:c2c:36b8::1,8443
2a01:ecc0:40:19d8::2,443
2a0d:f302:154:8857::1,443
2a0f:f01:207:51f::,443
2a0f:cdc6:500:1826::2,8443
2a03:b0c0:3:f0:0:2:13f0:6000,443
2a05:f480:1800:3707:5400:6ff:fe6f:1641,443
2a01:4f8:c012:2546::1,8443
2a00:11c0:5f:42f3:e4fd:24ff:feb5:e784,443
2a0d:8480:3:55c::,443
2a11:3b80:1::28f9,8443
2a0b:4140:b2da::2,443
2a09:bac5:27bc:18fa::27d:bd,2083
2a03:b0c0:3:f0:0:2:df1:5000,443
2a03:b0c0:2:f0:0:1:c0a:f001,443
2a01:4f8:c014:6c1a::1,8443
2a01:ecc0:400:8e9::2,443
2001:41d0:734:444::1,8443
2605:e440:41::34b,443
2a0f:cdc6:500:16d0::2,443
2a0f:cdc6:500:1a52::2,8443
2a03:b0c0:3:f0:0:1:9e66:e000,443
2a0b:4141:820:c45::2,443
2a0b:4140:b474::2,8443
2a12:bec4:1480:1d3::2,8443
2a12:bec4:1bb0:27b1::2,443
2a03:b0c0:3:f0:0:2:df1:4000,443
2a0b:4141:820:958::2,2053
2a11:3b80:1::7de9,443
2a03:b0c0:3:f0:0:1:a958:d000,443
2a01:4f8:1c1a:af3a::1,2083
2a0f:f01:207:39c::,443
2a0b:4142:9e::2,443
2a0c:16c3:500:178::de35,443
2a0d:6c2:17:8c2::,443
2a01:4f8:1c1c:15a5::1,443
2a09:0:9::1:3a,443
2a01:7e01::f03c:93ff:feb2:1b,443
2a0e:d604:1:58::2,443
2a0b:4141:820:1737::2,443
2a01:4f8:1c1b:14a2::1,2087
2a12:bec4:1460:56e::2,8443
2a01:6f0:ffff:f7d8::1,443
2a0f:cdc6:500:27::2,8443
2001:41d0:701:1100::a62d,2053
2a0f:cdc6:500:24fe::2,443
2a01:4f8:c0c:943e::1,443
2a07:e01:3:2cb::1,443
2a0b:4141:820:1588::2,443
2a01:4f8:1c18:1ec8::1,443
2a0d:d940:1a:fbf::2,443
2a03:b0c0:2:f0:0:1:68e1:2001,443
2a01:ecc0:40:1997::2,2053
2602:fc16:2:19c::8e2d,443
2a11:3b80:1::5bd1,443
2a0b:4141:820:eff::2,443
2a0d:d940:1a:63b::2,443
2a02:6b40:2000:2839::1,8443
2a0c:16c3:500:604::4ab5,8443
2a0c:dd80:2001::869,443
2a01:4f8:c010:3cb7::1,443
2a01:ecc0:40:2f0::2,2096
2a03:b0c0:3:f0:0:2:ce8:c000,443
2a0c:16c3:500:6d6::e5c4,443
2a00:7b80:452:5000::121,2053
2a01:ecc0:40:24f3::2,443
2a0f:cdc6:500:1d10::2,443
2a05:d016:27d:3f00:f7b9:4ac3:6157:45aa,443
2a11:3b80:1::1d71,443
2a0b:4140:4b7b::2,443
2001:41d0:701:1100::6b97,443
2602:fa4f:b00:cdf6:3b82:ef1c:c1b9:65cb,443
2a03:b0c0:3:f0:0:1:fddd:f000,443
2a0b:4142:8dc::2,443
2a01:4f8:1c1b:1781::1,443
2a03:6f02::9b6d,443
2602:fa59:8:2e7::1,443
2a01:ecc0:200:905::2,443
2a14:7981:467:e4::,443
2605:e440:50::e5,2053
2a12:bec4:1bb0:494::2,2087
2605:e440:1::1:33a,2053
2a14:7981:467:70a::,443
2a01:4f8:1c18:c8df::1,443
2a05:f480:2000:2943:5400:6ff:fe06:2754,8443
2a05:f480:2000:21ba:5400:5ff:feba:69e5,443
2a12:bec4:16fc:a84f::1,2083
2001:41d0:701:1100::c61d,443
2a01:ecc0:480:a5::2,443
2a01:4f8:a0:72a5::2,443
2a0e:d604:1:255::2,443
2a03:b0c0:2:f0:0:1:6f49:a001,443
2a00:4b40:1000:5:37:9:171:189,443
2a0f:f01:206:547::,443
2a13:adc0::5680:28ff:fe4e:1c32,443
2a03:b0c0:0:1051::1ec8:d000,443
2a03:6f02::1:4f0,443
2a01:4f8:c015:7e2b::1,443
2a03:b0c0:0:1051::2652:4000,443
2a0a:8c41::36,443
2a01:4f8:c014:d328::1,443
2a01:ecc0:200:c5e::2,443
2a05:f480:2400:1df3:5400:5ff:fef2:5066,443
2a12:bec4:1ac1:10::,443
2a01:4f8:1c16:c999::1,443
2a01:ecc0:40:2211::2,8443
2603:c024:19:ce24:0:6ca2:bbca:5e79,443
2a01:239:3a6:8d00::1,443
2a01:ecc0:200:142::2,443
2a14:7981:467:1da::,443
2a03:b0c0:3:f0:0:2:cbc:5000,443
2a11:3b80:1::45a1,443
2402:1f00:8100:400::2240,443
2a01:4f8:c015:939f::1,443
2a05:541:113:98::1,443
2a0f:cdc6:500:2ea6::2,8443
2001:15e8:110:7d01::82,443
2a03:b0c0:3:f0:0:2:ce8:6000,443
2a03:b0c0:3:f0:0:1:f523:7000,443
2a03:b0c0:1:e0:0:1:19ab:d001,443
2a01:4f8:1c18:1039::1,8443
2a01:4f8:c2c:9383::1,8443
2a02:6b40:2000:134::1,8443
2a02:c207:2305:1834::1,8443
2a12:bec4:1ac1:493::,8443
2a01:239:2a5:4500::1,8443
2a01:4f8:1c19:6a1c::1,8443
2a0b:4140:4804::2,443
2a01:4f8:1c1e:c510::1,443
2a03:b0c0:3:f0:0:1:fce0:8000,443
2a10:ab80:3e3:2a::2,443
2a0f:f01:208:452::,443
2a12:bec4:1bb0:1f3a::2,443
2a01:ecc0:40:11cf::2,2087
2a01:4f8:c015:d57d::1,2053
2a01:ecc0:200:1241::2,443
2a0c:480:4a::1,443
2a07:e01:3:202::1,443
2a05:f480:2400:141d:5400:5ff:febd:5876,443
2a03:b0c0:3:f0:0:1:e1cc:7000,443
2a0b:4141:820:13a8::2,443
2a12:bec4:1ac1:88::,443
2a06:a880:4:9fe1::1,443
2a0a:4cc0:40:121:a41d:23ff:fe5f:e868,443
2a0f:cdc6:500:1ebf::2,443
2a0c:16c4:500:5a::8c2a,443
2a12:bec4:1bb0:2774::2,443
2a03:b0c0:2:f0:0:1:5f95:d001,443
2001:41d0:701:1100::127b,2053
2a13:d201:3:58::1,443
2a01:ecc0:200:126d::2,443
2a01:4f8:c014:f8a3::1,8443
2400:6180:10:200::b31e:9000,443
2a01:e5c0:55a1::2,443
2a0f:f01:208:705::,8443
2a01:239:46a:fa00::1,443
2001:41d0:304:200::9cb0,8443
2a05:541:113:24::1,443
2a01:4f8:1c19:f7be::1,443
2a0f:cdc6:500:1819::2,443
2a0a:4cc0:c0:15bd:e40a:beff:fecb:1460,8443
2a01:ecc0:40:604::2,443
2a0f:f01:207:746::,443
2a02:6b40:2000:13b8::1,8443
2a01:4f8:1c18:c29a::1,8443
2a10:1fc0:11::e89b:5f3,443
2a14:a087:3:115::2,8443
2a01:4f8:1c1f:ba71::1,443
2a0f:cdc6:500:29f7::2,443
2a01:4f8:1c19:4211::1,8443
2a0e:6a80:3:bf::,443
2003:fb:e73c:c425:d85a:7142:de06:b679,443
2a03:4000:38:ba5::,8443
2a01:ecc0:40:1e5e::2,8443
2a0a:8c44::96,443
2a01:4f8:1c1e:44fb::1,443
2a03:b0c0:3:f0:0:2:aba9:9000,443
2a01:ecc0:d40:95::2,8443
2a01:f500:f0:c00::b,2053
2a13:7dc0:4000:69::1,443
2400:6180:10:200::b31e:4000,443
2a0c:16c3:500:57a::6e7a,8443
2a01:ecc0:4c0:74f::2,443
2a0b:4140:b91d::2,443
2a13:4ac0:8:0:f816:3eff:fe92:c778,2053
2a0d:d940:1a:f38::2,8443
2a05:9406::b49,443
2a01:4f8:c015:e3f4::1,443
2a13:d201:3:4b::1,443
2a01:4f8:1c18:59d::1,8443
2001:41d0:404:200::5a8,443
2a02:c207:2320:1608::1,443
2a02:c207:2316:2241::1,443
2a01:ecc0:b00:a9::2,443
2a01:e5c0:40cb::2,443
2a0f:cdc6:500:27eb::2,443
2a01:ecc0:40:1b2f::2,443
2a01:4f8:c013:bbee::1,443
2a0b:4140:b352::2,443
2a12:5940:5491::2,2053
2a03:b0c0:0:1051::323e:c000,443
2a11:3b80:1::2a59,443
2605:e440:4::3:12d,8443
2a12:5940:5b55::2,443
2a0b:4140:bc8c::2,2053
2a0f:cdc6:500:741::2,8443
2602:fa59:8:8fa::1,443
2a0f:5f45:555::9f,443
2a01:4f8:c2c:ce8c::1,443
2a0b:4140:b57c::2,443
2a01:ecc0:200:6e4::2,443
2a12:bec4:1bb0:10b1::2,8443
2a0f:f01:208:41a::,443
2001:1c00:e996:f900:5292:46d1:ee9d:6734,443
2a01:4f8:1c19:8a4f::1,2053
2a00:6d40:72:100::385,443
2a0d:d940:1a:6a7::2,443
2a09:31c0:beef::91,8443
2a03:b0c0:3:f0:0:2:b34:7000,443
2a01:4f8:1c18:f965::1,443
2a13:d200:5:1ab::1,8443
2a12:bec4:1ac1:814::,443
2a0d:d940:1a:2ec::2,443
2a13:d200:5:7::1,443
2a12:5940:a96c::2,443
2605:e440:1::3:211,443
2a01:4f8:1c1a:3015::1,443
2a05:9406::1049,443
2a05:f480:1800:2d26:5400:6ff:fe23:f58e,443
2a01:ecc0:200:190e::2,443
2a11:3b80:1::57d9,443
2a01:4f8:1c1a:3644::1,443
2a01:ecc0:40:244::2,443
2a01:ecc0:200:1bcf::2,2053
2a12:bec4:1bb0:1c99::2,443
2a09:bac1:1e40:8::3a1:35,8443
2a01:4f8:c17:1e71::1,443
2a01:4f8:1c18:6638::1,443
2a12:bec4:1480:12d::2,8443
2a03:4000:43:e51:b41c:6aff:fe41:15c3,8443
2a01:ecc0:200:1584::2,8443
2602:fa59:5:4bb::1,443
2a03:b0c0:3:f0:0:2:c1d4:f000,443
2a12:bec4:1de0:5fc::2,2053
2a03:b0c0:0:1051::2574:4000,443
2a01:4f8:1c18:d417::1,2053
2a01:4f8:c17:2f7a::1,443
2a0f:cdc6:500:252::2,443
2400:8d60:4::1:e17b:9132,443
2a03:b0c0:3:f0:0:2:7a13:a000,443
2001:41d0:ab01::4:0:24d,2053
2a11:3b80:1::3811,443
2a03:b0c0:2:f0:0:1:6501:2001,443
2a01:ecc0:200:962::2,8443
2a01:4f8:c015:dac4::1,443
2a01:4f8:1c1e:51a9::1,443
2a0c:16c3:500:2f6::7395,8443
2a01:ecc0:200:c04::2,2053
2a07:e043:1:fe::1,8443
2a01:ecc0:200:10f3::2,8443
2a0f:cdc6:500:2a84::2,443
2a01:4f8:1c19:5720::1,8443
2003:d0:5724:c70f:462b:b52:73ab:ab98,443
2a05:541:141:16::1,8443
2a01:e5c0:4b56::2,2053
2a12:bec4:1bb0:1681::2,2053
2a00:5c20:200:16:8647:9ff:fe2f:6143,8443
2a03:f80:41:61f5::1,443
2a01:ecc0:4c0:3f9::2,443
2a12:5940:5ab2::2,443
2a0b:4140:f320::2,443
2a0f:cdc6:500:be7::2,8443
2a03:b0c0:0:1051::1e99:b000,443
2a06:fcc0:a::3e,443
2a12:bec4:1480:4b9::2,443
2a03:b0c0:0:1051::2f24:4000,443
2a01:4f8:c015:8c85::1,2096
2a06:fcc0:a::1ee,443
2a0d:d940:1a:70e::2,8443
2a0e:dc0:6:8ba1::1,443
2a01:4f8:1c1b:1c08::1,443
2a13:d200:5:22a::1,443
2a12:bec4:1480:4c0::2,443
2a01:ecc0:200:1126::2,443
2001:1600:13:101::6d7,443
2602:fa59:8:77c::1,443
2a11:3b80:1::8011,443
2a03:b0c0:3:f0:0:2:2fa5:6000,443
2a01:ecc0:200:10af::2,443
2a03:b0c0:3:f0:0:2:df0:5000,443
2a09:bac1:23c0:30::28:15f,443
2a01:4f8:10b:3757::2,443
2a01:ecc0:40:407::2,443
2a03:b0c0:3:f0:0:2:9dc0:e000,443
2a0f:cdc6:500:2339::2,443
2a13:7c00:5:35:f816:3eff:fea3:6966,443
2a01:4f8:c2c:b512::1,2053
2a11:3b80:1::42d1,443
2a11:3b80:1::2959,443
2a01:ecc0:40:1083::2,443
2a0c:4ac1:4:db::a,443
2a03:b0c0:3:f0:0:1:942c:f000,443
2a03:b0c0:3:f0:0:2:7a13:8000,443
2a12:bec4:1ac1:90a::,443
2a13:d200:5:67::1,443
2a0d:8480:3:236c::,443
2a12:bec4:1480:62::2,443
2a0c:16c3:500:684::3ebc,443
2a0b:4141:820:6e4::2,2083
2a01:ecc0:40:1410::2,443
2001:41d0:ab05::4:0:c,443
2a0b:4140:b541::2,443
2a0f:cdc6:500:2617::2,443
2a11:4881:1:7185::1,8443
2a03:4000:6:5d3b:74d5:80ff:fe9b:1053,2053
2a0b:4141:820:1b23::2,443
2602:fa59:8:6f1::1,8443
2a0b:4140:b5bf::2,443
2a0d:6c2:26:1055::,443
2001:1600:18:203::16,443
2a01:ecc0:400:7a4::2,443
2a01:ecc0:40:f1::2,443
2a01:ecc0:40:13a3::2,443
2a0f:cdc6:500:88a::2,8443
2a01:e5c0:53b4::2,443
2a02:c207:2319:9954::1,2053
2a01:e5c0:54ae::2,443
2a11:3b80:1::26c9,443
2a0b:4141:820:8a9::2,443
2a10:ab80:3fd:b1::2,443
2001:ac8:29:96:0:1:c552:aa8b,443
2a01:e5c0:446b::2,8443
2605:e440:a::38b,443
2a03:b0c0:2:f0:0:1:17f:8001,443
2a01:4f8:1c17:5408::1,443
2a0f:cdc6:500:4dc::2,443
2a01:ecc0:4c0:2d4::2,2053
2a0b:4140:b07e::2,443
2a05:f480:2000:27ca:5400:5ff:fe32:d7f,8443
2a01:ecc0:d00:107::2,8443
2a01:ecc0:40:1d::2,443
2a0b:4140:5775::2,443
2a12:bec4:1de0:102::2,443
2a01:ecc0:40:219::2,443
2a02:c207:2322:294::1,443
2a14:7c0:1002:11e9::,8443
2a0b:4141:820:118f::2,443
2a0b:4140:bff0::2,443
2a14:7981:467:662::,8443
2a0d:c740:2c:2e06::1,443
2a0b:4140:40d0::2,443
2a01:ecc0:bc0:b1::2,443
2602:fa59:11:21::1,443
2a01:ecc0:40:2377::2,443
2a0f:cdc6:500:aec::2,443
2a11:3b80:1::70a1,443
2a01:ecc0:40:4e3::2,443
2a03:b0c0:3:f0:0:2:432a:c000,443
2a03:b0c0:3:f0:0:2:2fa5:a000,443
2a11:3b80:1::5709,443
2a01:ecc0:200:9a7::2,443
2a0b:4141:820:7ec::2,8443
2a01:8640:a::d0c2:382a,443
2a03:b0c0:3:f0:0:1:f526:0,443
2a0f:cdc6:500:54::33:218,443
2a0e:97c0:180:15::,443
2a0a:4cc0:c0:8d54:986c:94ff:fe59:b533,443
2a12:5940:134f::2,2053
2a0a:4cc0:c1:9d80:e8c1:44ff:febe:fb50,443
2a03:b0c0:3:f0:0:1:9855:c000,443
2a11:3b80:1:0:1b6::1,8443
2a05:901:6:1231::,2087
2a12:bec4:1de0:471::2,443
2a01:ecc0:40:a::2,443
2a01:ecc0:200:656::2,443
2a0f:cdc6:500:1173::2,2053
2a0f:cdc6:500:1154::2,443
2a12:bec4:1480:3ad::2,443
2a03:b0c0:3:f0:0:1:fd66:3000,443
2a02:c207:2254:6218::1,8443
2a03:b0c0:3:f0:0:1:9695:8000,443
2a0f:85c1:b36:7b::1,443
2a01:ecc0:40:736::2,443
2a03:b0c0:3:f0:0:1:fd65:e000,443
2a00:6d40:72:101::4a6,443
2a01:367:c204::17:619,443
2a0b:4140:4a78::2,443
2a14:7981:467:294::,8443
2a01:ecc0:40:235d::2,443
2a0b:4140:b317::2,443
2a05:d011:b51:2502:709a:b9fc:f91d:49f,443
2a01:4f8:1c19:dd1d::2,443
2a14:7c0:1002:1385::,8443
2a0f:cdc6:500:30e::2,443
2a01:ecc0:40:1f3b::2,443
2a0b:4140:5137::2,8443
2a0c:16c3:500:349::b94e,443
2a0a:4cc0:80:2124:7466:6fff:fed5:b309,443
2a03:b0c0:3:f0:0:2:572f:c000,443
2406:da12:801:2502:ef8e:7a1c:27f9:7ffe,443
2a01:ecc0:40:a61::2,2053
2a13:d200:5:3ad::1,443
2a03:b0c0:3:f0:0:2:df1:7000,443
2a0b:4141:820:49c::2,443
2a0f:cdc6:500:67b::2,443
2a03:4000:32:8ff:34a7:aff:fe34:87c9,443
2a0d:c740:2c:87de::1,443
2a0a:4cc0:80:3100:84dd:67ff:fed7:aa92,443
2a01:ecc0:40:f5::2,443
2a03:b0c0:2:f0:0:1:68e0:f001,443
2a0b:4140:d408::2,8443
2a0b:4140:b461::2,443
2a0d:8480:3:2003::,8443
2a0f:cdc6:500:2c74::2,443
2605:e440:50::28f,443
2a13:d200:5:1b::1,443
2a12:bec4:1de0:199::2,2087
2a0f:cdc6:500:274a::2,443
2a01:ecc0:200:4e9::2,443
2406:da1c:17c9:5800:5e4e:3eda:e13a:792f,443
2a0a:4cc0:0:5e:d4d1:b8ff:fe26:6415,443
2a0d:5940:112:e3::a,443
2a05:fc1:40:213::2,443
2a01:239:3b7:3500::1,8443
2a01:239:448:e300::1,443
2a03:4000:21:9fb:1829:35ff:fe1a:47ad,8443
2a0b:4141:820:1aa5::2,443
2a02:6b40:2000:235a::1,443
2a0a:20c0:f001:81:4a33:7eff:fe37:ca4f,443
2a01:4f8:1c1b:2abb::1,443
2a0c:16c3:500:264::2d76,443
2a01:4f8:c2c:edb1::1,443
2a0b:4140:d513::2,8443
2001:880:0:24::430,8443
2a0d:d940:1a:1752::2,443
2a0a:8c44::2e8,443
2a03:4000:5a:782:682e:6dff:fed1:95ab,443
2a0b:4140:db00::2,443
2a03:b0c0:3:f0:0:2:e49:8000,443
2001:1600:18:201::72,443
2a01:ecc0:40:17da::2,2087
2a0f:cdc6:500:1104::2,8443
2a01:e5c0:2bcf::2,443
2a01:ecc0:40:a24::2,443
2a01:ecc0:200:9a5::2,443
2a03:b0c0:3:f0:0:1:e58b:2000,443
2a03:f80:45:e513::1,8443
2a0a:4cc0:80:231d:d48a:c5ff:fed6:3902,443
2a01:4f8:c2c:3dd3::1,2053
2a01:4f8:1c19:8f6::1,443
2a01:e5c0:4ef8::2,2053
2a03:b0c0:3:f0:0:1:8690:7000,443
2a11:3b80:1:0:211::1,8443
2a11:3b80:1::4ca9,443
2a01:e5c0:5e03::2,443
2a12:5940:1743::2,443
2a13:4ac0:8:0:f816:3eff:fe99:233b,2053
2a12:5940:2d02::2,443
2a0b:4140:db2c::2,443
2a12:5940:285d::2,443
2a12:5940:99d4::2,443
2a03:b0c0:3:f0:0:1:9279:b000,443
2a01:ecc0:4c0:231::2,443
2a03:b0c0:3:f0:0:1:9279:f000,443
2a14:7c0:1002:10cc::,443
2602:fa59:11:600::1,443
2a01:4f8:c014:d0e6::1,8443
2a01:e5c0:2869::2,443
2a0a:4cc0:80:2319:142c:f9ff:fecd:e57a,443
2a0b:4140:db9c::2,443
2a05:9406::42,8443
2a0f:cdc6:500:63b::2,443
2a03:b0c0:3:f0:0:1:f525:7000,443
2a01:4f8:c013:824a::1,443
2a03:b0c0:0:1051::26c5:9000,443
2a03:b0c0:3:f0:0:2:2f90:8000,443
2602:fa59:11:45b::1,443
2a0b:4140:d9c1::2,443
2a0b:4140:d11c::2,443
2a0b:4140:43d4::2,8443
2a0b:4140:48a2::2,443
2a01:ecc0:40:159f::2,8443
2a12:bec4:1480:262::2,2053
2a0f:cdc6:500:1c0c::2,443
2a01:e5c0:55e4::2,443
2a07:e01:3:258::1,443
2a03:b0c0:3:f0:0:1:f525:f000,443
2a03:b0c0:3:f0:0:2:fc7:a000,443
2a0e:97c0:3ea:18d::1,443
2a0f:cdc6:500:15ea::2,443
2a0b:4140:d93f::2,443
2a01:ecc0:40:e47::2,443
2a03:6f00:8::bd5,8443
2a02:c207:2297:7946::1,2053
2001:41d0:404:200::45ec,443
2a02:c207:3019:9087::1,8443
2a03:b0c0:3:f0:0:1:fbd3:d000,443
2a01:e5c0:4004::2,2053
2a12:5940:6626::2,443
2a14:7580:b04a::a,8443
2a03:b0c0:3:f0:0:1:fd76:0,443
2a13:d201:0:28::1,443
2a03:f480:1:15::9b,443
2a03:4000:4a:de5:d459:d6ff:fe0a:12be,8443
2a01:4f8:1c1a:fbf::1,8443
2a0d:d940:1a:10c::2,2083
2a03:b0c0:3:f0:0:2:fc7:b000,443
2a03:b0c0:3:f0::809b:1000,8443
2001:41d0:404:200::2552,2053
2a01:e5c0:4012::2,443
2a10:c944:321::64,443
2a01:239:223:6600::1,2053
2a0b:4140:f13d::2,443
2a12:5940:1a56::2,8443
2602:fa59:11:582::1,443
2a0a:4cc0:80:3d1:a436:d6ff:fe27:978e,443
2001:15e8:110:7d00::82e,2053
2a14:7981:467:2c9::,443
2602:fa59:11:120::1,443
2400:8907::2000:a2ff:fe66:33fe,443
2a0b:4141:820:1299::2,443
2a14:7981:467:2f0::,443
2a01:ecc0:40:28a::2,443
2a03:f480:2:3::90,443
2a01:4f8:1c17:69c9::1,443
2001:15e8:110:7d00::805,443
2a0f:cdc6:500:23d0::2,443
2a01:4f8:1c0c:7b65::1,8443
2a0b:4142:208::2,443
2a01:4f8:c015:5a82::1,443
2a12:5940:5c63::2,443
2605:e440:47::234,443
2a0f:cdc6:500:ada::2,8443
2a03:4000:5f:1e2:a4da:b9ff:fe63:9fc8,8443
2a0b:4141:820:a40::2,8443
2001:41d0:701:1100::b416,2053
2a0f:cdc6:500:2407::2,443
2a01:ecc0:40:a14::2,443
2a12:bec4:1480:77::2,8443
2a14:a084:f3de::2,2053
2a02:c207:2319:8644::1,443
2a03:b0c0:2:f0:0:1:5f95:b001,443
2a0d:8480:3:208c::,443
2a12:bec4:19a4:55f::,8443
2a03:f480:1:3::bd,443
2a03:b0c0:3:f0:0:1:fd75:b000,443
2a0b:4143:0:17::2,443
2400:6180:10:200::b31e:6000,443
2a0a:4cc0:c1:c6f::2,443
2a05:541:157:1c::1,8443
2a03:b0c0:3:f0:0:1:f011:2000,443
2a0f:cdc6:500:1ca0::2,8443
2a0b:4140:f09c::2,8443
2a03:b0c0:0:1051::2dbe:d000,443
2a0b:4140:d231::2,443
2a13:4ac0:8:2:f816:3eff:feb5:9bf1,443
2a0f:cdc6:500:1e60::2,443
2a01:ecc0:40:2a9::2,443
2a01:ecc0:200:137f::2,443
2a03:b0c0:3:f0:0:2:ebc:6000,443
2a01:4f8:c015:412::1,443
2a0f:5f45:555::1f4,8443
2001:14ba:a0fe:1300:6303:5eff:1e3b:159f,443
2a01:ecc0:a:3e::2,443
2a0b:4143:0:13d::2,443
2a01:e5c0:445b::2,8443
2a10:e780:10:22::11,443
2400:8d60:6::ce24:f79e,443
2a01:ecc0:40:299::2,443
2a0f:cdc6:500:123e::2,443
2a01:ecc0:40:1f0d::2,443
2a01:ecc0:400:1f5::2,443
2001:1600:18:205::15d,2053
2a0b:4141:820:ca5::2,443
2a03:b0c0:3:f0:0:2:cbc:4000,443
2a12:5940:5e65::2,443
2a0b:4141:820:105b::2,443
2a01:ecc0:40:277::2,8443
2a12:5940:53b6::2,8443
2001:41d0:ab00::4:0:d4,443
2a03:b0c0:3:f0:0:1:fd65:c000,443
2a01:4f8:c0c:b339::1,443
2001:41d0:701:1000::58ed,8443
2a01:e5c0:4ebd::2,443
2a0b:4140:4180::2,2053
2a0f:f01:207:318::,443
2404:8c80:ff00::40,443
2a05:9406::929,443
2a01:4f8:c2c:e32b::1,443
2a01:e5c0:49a7::2,8443
2a0f:cdc6:500:ed9::2,443
2a12:5940:aa70::2,443
2403:18c0:5:95d:be24:11ff:fea0:311e,2053
2a12:bec4:1bb0:b5b::2,443
2a01:4f8:1c19:c4db::1,8443
2a0b:4140:538c::2,443
2a12:5940:5408::2,443
2a0a:4cc0:80:8d:e4ca:b4ff:fefa:b3a9,443
2a0b:4141:1820:2ff::2,443
2001:15e8:110:7d00::3bb,443
2a0c:5d00:2002::cfb8:f455,443
2a03:b0c0:3:f0:0:1:fd65:b000,443
2a14:a084:f3e6::2,443
2a14:67c4:11::253,443
2a11:3b80:1::39a1,8443
2406:da12:801:2502:9b92:aad6:7c4c:d95c,443
2a04:3540:1000:310:108c:55ff:fee4:b24,443
2a01:4f8:c015:cbd1::1,8443
2a01:e5c0:46fc::2,443
2602:fa59:8:67f::1,8443
2a03:b0c0:3:f0:0:2:474c:9000,443
2a0f:cdc6:500:7ee::2,8443
2a12:5940:319b::2,443
2a01:ecc0:400:527::2,443
2a01:4f8:c013:de16::1,443
2a0f:cdc6:500:241f::2,443
2a01:e5c0:4da9::2,443
2a01:ecc0:400:6ad::2,8443
2a12:bec4:1bb0:2663::2,8443
2a0f:cdc6:500:11f5::2,443
2001:a61:513:ae01:4119:901:f4ce:8dcf,443
2a03:b0c0:3:f0:0:2:2f90:4000,443
2001:19f0:6c01:1bed:5400:6ff:fe1f:58e3,443
2a0a:4cc0:80:32dc:64b6:a3ff:fe33:7f83,443
2a01:4f8:1c19:16a9::1,8443
2a03:b0c0:3:f0:0:1:f523:5000,443
2a01:ecc0:40:aaf::2,443
2a0b:4141:820:663::2,443
2a0f:5f45:555::202,443
2a12:bec4:1b50:22f::2,443
2a01:e5c0:2e3b::2,443
2a0b:4143:0:483::2,443
2a0f:cdc6:500:278b::2,443
2a01:4f8:1c1f:abd6::1,443
2a0b:4141:1820:55c::2,443
2a00:1169:110:2e60::,443
2400:8d60:6::eeb0:e77f,443
2401:b60:5:c9df:62c1:435b:babd:5058,443
2a0c:5d00:2002::60d3:bc5c,8443
2a0b:4140:b112::2,443
2602:f3f2:7b:5e61:e943:bcb0:fdf:6620,443
2a03:b0c0:3:f0:0:1:e32a:d000,443
2a0b:4140:46df::2,2083
2a0f:7802:e2bd:1f::4b,8443
2a01:ecc0:40:1895::2,443
2a03:b0c0:3:f0:0:1:97dd:3000,443
2a14:7981:467:347::,2053
2a07:4680:0:5:f816:3eff:fe89:d00a,443
2a01:4f8:261:4d02::2,443
2a0b:4141:820:602::2,443
2a11:3b80:1:0:3b7::1,443
2001:41d0:701:1100::b175,443
2a03:b0c0:2:f0:0:1:6f49:6001,443
2a01:270:9a71::1,443
2407:cdc0:b010::237,8443
2a05:f480:2000:16c0:5400:6ff:fe23:b730,443
2a01:4f8:272:4cec:14::a,443
2a02:c207:2297:3521::1,443
2400:8d60:6::4d14:e49a,443
2001:1600:13:101::1878,443
2a0b:4141:820:180b::2,443
2a01:e5c0:45fd::2,443
2a0b:4140:d1b9::2,443
2a02:c207:2308:6832::1,8443
2a01:ecc0:40:1b2a::2,443
2a0e:97c0:3f0:1::1bbf,443
2a01:e5c0:557a::2,443
2a03:b0c0:3:d0::10a3:8001,8443
2403:18c0:5:9e8:be24:11ff:fe9c:4539,443
2a03:4000:21:b59:3416:6dff:fee7:9bad,8443
2a14:7981:467:2ac::,8443
2401:b60:5:0:4d6a:67ed:12f7:ed90,443
2a01:e5c0:57f1::2,443
2a11:3b80:1::6219,443
2a0b:64c0:18:0:e8c0:2ff:fe3e:4a11,443
2a12:5940:5a94::2,443
2a12:5940:9468::2,443
2a12:5940:1061::2,443
2a12:5940:11dc::2,443
2a04:3545:1000:720:a0f3:65ff:fe2d:5014,8443
2a11:3b80:1::50f9,8443
2a0d:d940:1a:13d::2,8443
2a0b:4140:daa0::2,443
2a01:ecc0:200:144f::2,443
2a0b:4141:820:cf9::2,443
2a01:ecc0:40:f88::2,443
2400:8d60:6::5b5b:834b,443
2a03:b0c0:3:f0:0:1:9279:a000,443
2a13:d200:5:18c::1,8443
2a05:5504:1::ed01:1,443
2a01:ecc0:40:20ef::2,443
2a01:ecc0:200:19f::2,443
2a03:b0c0:3:f0:0:2:9dc0:b000,443
2a0b:4141:1820:f3::2,443
2a11:3b80:1::6761,443
2a0b:4141:820:18fa::2,443
2a02:6b40:2000:295::1,2087
2a13:7c81:1ea::2,443
2a01:ecc0:40:a26::2,443
2a0e:97c0:7d7:4b8a:3ead:be85:f1e8:aab,443
2a0a:4cc0:c1:79ba:c8e7:f9ff:febf:475f,8443
2400:8d60:6::1cac:de23,443
2a0f:f01:208:876::,2053
2602:f864:219:b::a,443
2a03:b0c0:3:f0:0:2:93f:e000,443
2403:18c0:5:bc:58fb:1eff:feba:d39,443
2a01:4f8:c17:21fc::1,443
2a0a:4cc0:40:21dd:3441:d3ff:fe00:10e7,443
2a0d:d940:20:5::2,443
2602:fa4f:100:d38b:9f7d:e831:5392:6ff5,443
2a01:ecc0:400:38f::2,443
2a0b:4140:43c7::2,443
2a01:4f8:c015:3623::1,8443
2a0d:2683:f300:97d8:1fef:8453:9040:51ed,443
2401:b60:7:89a8:c9a8:f9dd:775e:7890,443
2a01:4f8:221:35d7::2,443
2a13:d200:5:6a::1,443
2a0f:cdc6:500:2949::2,443
2a0e:97c0:7da:c453:7161:f5ca:8792:5e81,443
2a01:e5c0:40a0::2,2053
2a14:7981:467:3d7::,443
2a0f:cdc6:500:23cc::2,443
2401:b60:5:14ac:9392:7d14:3d74:ee71,443
2a01:ecc0:d80:22::2,8443
2a01:ecc0:200:1334::2,443
2a0e:97c0:3f0:1::2292,443
2400:8d60:6::7658:2070,443
2a0b:4140:45c6::2,8443
2a0c:5d00:2002::85eb:5aab,443
2a13:d200:5:cd::1,8443
2a01:ecc0:40:1af2::2,8443
2407:cdc0:b010::238,8443
2a12:5940:af82::2,443
2a0b:4140:4980::2,2087
2a12:5940:abc6::2,443
2602:fa59:8:2cc::1,443
2a01:ecc0:200:141c::2,443
2a01:e5c0:4a14::2,2053
2a03:b0c0:3:f0:0:1:fce0:2000,443
2a0f:f01:207:41a::,443
2400:8d60:6::529d:30e1,443
2a0e:97c0:180:180::,443
2a01:e5c0:2111::2,443
2a01:e5c0:2b3b::2,2053
2a07:e01:3:18c::1,443
2001:df1:7880:100::fe3,443
2a03:b0c0:3:f0:0:2:29a0:a000,443
2407:cdc0:b010::234,8443
2a0e:97c0:3f0:1::c26,443
2a12:5940:59c9::2,8443
2a01:ecc0:200:13d2::2,8443
2a0b:4140:f434::2,443
2a11:3b80:1:0:385::1,2053
2a12:5940:5bfe::2,443
2a0a:4cc0:80:221e:78ba:bcff:fe27:13e7,443
2a0b:4140:be88::2,443
2a0b:4140:d97c::2,8443
2a14:67c0:308:d9::a,8443
2a01:4f8:1c1c:5c3::1,8443
2a03:f480:2:5::57,8443
2a0e:97c0:7d7:e93:8925:f34b:801a:dddf,443
2a02:c207:2272:2574::1,443
2a01:ecc0:400:a12::2,8443
2a0f:f01:208:296::,443
2a01:e5c0:223a::2,443
2603:c024:0:13ee:0:9835:45d0:9cc1,443
2a11:3b80:1::4a01,443
2a0a:4cc0:c1:7fa:e87b:97ff:fe04:c23a,8443
2a01:ecc0:40:1ea5::2,8443
2a0b:4140:d0b3::2,443
2a01:ecc0:cc0:c::2,443
2a01:4f8:c015:32c2::1,443
2a12:bec4:1bb0:411::2,443
2403:18c0:5:627:be24:11ff:fe1d:7631,443
2a0f:cdc6:500:db2::2,8443
2a0a:4cc0:80:3121:8837:ebff:feb3:94d7,443
2a0b:4140:de18::2,443
2403:18c0:5:a8a:be24:11ff:feea:6a9b,443
2a0b:4140:47fc::2,8443
2a01:e5c0:4567::2,8443
2a01:e5c0:29dc::2,443
2a0b:7140:9:1:5054:ff:fe40:49e7,8443
2a0f:cdc6:500:dd3::2,443
2a01:ecc0:40:1ae8::2,8443
2401:b60:e0fd:3c::2,8443
2a0b:4141:1820:3d5::2,443
2a03:b0c0:3:f0:0:1:e1cb:b000,443
2a13:7c00:5:14:f816:3eff:fe94:68be,443
2a13:d200:5:261::1,2053
2a12:bec4:1ac1:582::,443
2a03:b0c0:3:f0:0:1:f025:1000,443
2a03:b0c0:3:f0:0:1:f025:f000,443
2a12:bec4:1bb0:1e8f::2,443
2403:18c0:5:1c:be24:11ff:fe7a:c400,443
2403:18c0:5:1d4:be24:11ff:fed5:a7e6,443
2a07:e01:3:28c::1,443
2a01:7a7:2:3c16:216:3cff:feb8:7edc,443
2a03:b0c0:3:f0:0:2:2fa6:2000,443
2a05:f480:2000:2fc3:5400:6ff:fe7e:bb1b,8443
2a01:4f8:c010:66ce::1,443
2a12:5940:23d7::2,443
2a0f:1cc5:700::8b32:ee3e,443
2400:8d60:6::7899:e5f0,443
2a0f:cdc6:500:28aa::2,443
2403:18c0:5:175:be24:11ff:fe9f:38d,443
2a03:b0c0:3:f0:0:1:f025:e000,443
2a0f:cdc6:500:240::2,443
2400:8d60:6::c334:d5f,443
2a03:4000:5f:e5e:88cf:1eff:fe6f:cc70,443
2a01:8640:a::8cdc:8128,443
2a12:5940:209d::2,443
2a01:ecc0:40:4a::2,443
2602:f3f2:76:9349:3ced:8463:cfa7:a8d3,443
2a12:5940:119c::2,443
2a01:e5c0:5cae::2,443
2a0b:4141:1820:3b5::2,443
2a12:bec4:1b50:2de::2,443
2a0f:cdc6:500:245b::2,443
2407:cdc0:b010::236,8443
2a03:b0c0:3:f0:0:2:29a0:2000,443
2a0c:16c0:510:7e1::7a5b,8443
2a03:b0c0:3:f0:0:2:3789:5000,8443
2a12:5940:51ec::2,443
2a12:5940:5e6b::2,443
2a0a:4cc0:0:1cbe:d844:80ff:feb5:caa3,2096
2403:18c0:5:3dc:be24:11ff:fe6a:e566,443
2401:b60:26:72::2,443
2a0c:16c0:510:78d::59b2,443
2a01:ecc0:b00:c8::2,2053
2a0b:4140:d5ec::2,8443
2a0a:9300:1:bed::1,443
2602:f8c0:6:1000:be24:11ff:feb9:1a06,443
2a04:3540:1000:310:7088:58ff:fe5c:12f1,443
2a0d:6c2:24:978::,443
2a03:f480:2:5::59,8443
2a01:4f8:1c1b:67bc::1,443
2a0c:16c0:505:862::476d,443
2a12:bec4:1460:49::2,443
2a0b:4140:481c::2,443
2a05:d016:16b:5800:338a:aa77:e8dc:2a28,443
2a01:4f8:c014:c42b::1,443
2a11:3b80:1::25a1,443
2a0a:4cc0:80:2315:a4cc:d3ff:fe19:8f6f,443
2a0f:cdc6:500:3b7::2,443
2a01:ecc0:b00:1c9::2,443
2a01:ecc0:200:1850::2,443
2a03:f480:1:15::2b,443
2a0e:97c0:3f0:1::23a9,8443
2a11:3b80:1::5889,443
2a0f:cdc6:500:255::2,443
2a02:c207:3019:3839::1,443
2a0f:cdc6:500:10ec::2,443
2a00:6d40:72:101::e4,443
2a0b:4140:dc7d::2,8443
2a0e:97c0:3f0:1::1758,443
2401:b60:16:1d7::,443
2400:8d60:6::97c3:bb4c,443
240d:c000:f000:a000:27a:cb1e:58a4:0,443
2a04:5201:2::a18,443
2a01:ecc0:400:6b7::2,443
2403:18c0:5:b8:be24:11ff:fe72:d0dd,443
2001:41d0:701:1100::b1e2,443
2a0c:16c0:510:11f::c5ab,443
2a03:b0c0:3:f0:0:2:b34:a000,443
2a0c:5d00:3002::1:e9b:2da6,443
2a01:e5c0:4734::2,8443
2001:880:0:2:f816:3eff:fecf:df5,443
2407:cdc0:b010::146,8443
2a03:b0c0:3:f0:0:2:94de:0,443
2a0c:16c0:520:316::c429,2053
2a03:4000:47:288:74e7:30ff:fe79:8bdd,443
2602:fa59:5:d8::1,443
2a03:b0c0:3:f0:0:2:94dd:f000,443
2001:19f0:b800:1e27:5400:4ff:fea6:69bb,8443
2a01:ecc0:40:264::2,443
2403:18c0:5:658:be24:11ff:fe2e:5c49,443
2a0a:4cc0:80:234f:c401:43ff:fe17:a7b9,443
2a03:b0c0:3:f0:0:1:fd65:a000,443
2a14:7981:470:2d::,443
2a03:b0c0:3:f0:0:2:7a13:5000,443
2a0b:4140:491a::2,8443
2a0f:f01:208:52e::,443
2a12:5940:f056::2,443
2a01:ecc0:200:13cb::2,443
2a0c:16c4:500:99::9eab,443
2a0c:5d00:2002::3b97:befa,443
2a0c:16c0:500:1e6::93e8,8443
2a0f:9400:7394:1f::1b,8443
2a01:4f8:c2c:90ae::1,8443
2a03:b0c0:3:f0:0:1:f025:0,443
2a12:5940:15d4::2,443
2a0f:1cc6:b121:1::2c,8443
2a0d:d940:90a0:256::2,443
2a01:ecc0:400:68a::2,443
2001:df1:7880:100::11d1,443
2001:41d0:701:1100::4de3,443
2400:8d60:16::f628:e0f6,443
2a13:7c00:6:49:f816:3eff:fe4c:f430,443
2a01:ecc0:40:e14::2,8443
2a05:fc1:40:2e7::2,443
2a0b:4140:52d1::2,443
2602:f8c0:6:1000:be24:11ff:fe34:3d04,443
2a03:b0c0:3:f0:0:1:f011:6000,443
2a0d:2683:f300:2f8a:ef8:b4c5:963b:5f16,443
2a0b:4141:820:1763::2,443
2403:18c0:5:544:be24:11ff:fe94:ac7d,443
2a0c:16c4:500:4a6::e549,443
2a01:e5c0:59bb::2,443
2a14:7c0:1002:1427::,2053
2a01:4f8:1c19:97d6::1,443
2a0f:cdc6:500:f2b::2,443
2401:b60:5:41c8:9da9:e73b:e59d:1c13,443
2a0f:9400:7394:1f::45,443
2a12:5940:2635::2,443
2a03:b0c0:3:f0:0:1:fdde:2000,443
2a01:ecc0:40:1474::2,443
2a0b:4141:820:1601::2,2053
2001:41d0:701:1100::79ae,443
2a06:9801:220:5::a,443
2a01:7a7:2:3d47:216:3cff:fec4:cac0,443
2a01:ecc0:400:629::2,8443
2a03:b0c0:3:f0:0:1:f025:a000,443
2a12:5940:a18b::2,443
2a01:239:478:fc00::1,443
2001:41d0:701:1100::7f09,443
2a0c:16c4:500:e0::eb3a,443
2a0b:4141:1820:657::2,443
2a0f:cdc6:500:140d::2,443
2a07:9280:0:4::65,443
2400:8d60:6::d6e7:64ee,8443
2a02:27ac::2db1,8443
2a01:ecc0:40:15de::2,2053
2a12:bec0:168:8015::,443
2403:18c0:5:8db:be24:11ff:fe5b:b1f2,443
2a0e:97c0:7da:417a:f9b1:3e4b:abbf:d923,443
2a0a:4cc0:0:36e:c43c:4ff:fe9b:3d1f,443
2001:41d0:404:200::4603,8443
2a0a:9300:1:1884::1,8443
2a01:ecc0:200:c1::2,443
2a01:ecc0:200:1b50::2,443
2a0a:9300:1:1564::1,443
2a01:e5c0:5392::2,443
2a03:b0c0:3:f0:0:1:e1cc:4000,443
2a01:e5c0:568a::2,443
2a0d:6c2:24:2ac::,443
2a03:b0c0:3:f0:0:2:ce8:a000,443
2a0b:4140:db56::2,443
2a03:f80:ed15:5b5f::1,443
2a03:b0c0:3:f0:0:2:2fa5:9000,443
2a00:19a0:3:d2:0:252e:d2c1:1,8443
2407:cdc0:b010::235,8443
2a14:a084:f3cb::2,443
2a0b:4141:1820:3f3::2,443
2a01:ecc0:40:245::2,443
2a03:b0c0:3:f0:0:2:4e9a:7000,443
2a0f:f01:208:378::,8443
2a0b:4141:1820:483::2,443
2a01:e5c0:41bd::2,443
2001:1600:18:206::103,8443
2a12:bec4:1480:1a2::2,443
2a01:ecc0:40:78d::2,8443
2a13:4ac0:8:0:f816:3eff:fecf:1238,8443
2a01:e5c0:44be::2,2053
2a05:d016:697:ba00:b70d:d3fe:be0d:7730,443
2a13:7c00:6:47:f816:3eff:fe18:b156,443
2a01:e5c0:5409::2,8443
2a03:4000:6:1e3a:8843:51ff:feb3:5045,8443
2a0a:9300:1:a77::1,443
2a0f:6282:23f::1,443
2a01:ecc0:40:5e1::2,443
2a0b:4140:bd6b::2,443
2a0c:16c0:520:1e2::7ce3,443
2a0a:4cc0:80:41d4:68a5:25ff:fe96:ed43,2053
2401:b60:5:72::a,443
2a0b:4140:4323::2,443
2a01:ecc0:200:826::2,443
2403:18c0:5:a41:be24:11ff:feb5:ec95,443
2a0c:16c0:505:62c::a39b,443
2a11:3b80:1::27d9,443
2a0b:4140:496b::2,2083
2a0c:16c0:520:10f::79a8,443
2a01:ecc0:200:d3f::2,443
2a0a:4cc0:3:290:849c:93ff:fe29:884f,443
2a01:4f8:c010:6c95::1,2053
2a0c:16c0:505:a27::db38,443
2a12:5940:a796::2,443
2a05:fc1:40:ad::3,8443
2a0a:4cc0:c0:f878:e42d:91ff:feee:72e3,443
2a01:ecc0:200:163b::2,443
2a0f:f01:207:aa::,8443
2a03:b0c0:3:f0:0:2:3b31:c000,443
2a03:b0c0:3:f0:0:2:9c7f:7000,443
2407:79c0:7bea:a9dc::1,443
2a12:5940:3441::2,443
2a0e:97c0:7da:cf74:24e1:9a92:1ae9:289d,443
2a01:e5c0:567b::2,443
2a01:4f8:c010:2dcd::1,8443
2001:1600:18:200::301,443
2a03:4000:6:5f3c:9463:42ff:fecc:a8e7,2053
2a11:3b80:1::1819,443
2a00:19a0:3:d3:0:252e:d3b0:1,8443
2a05:f480:2400:16aa:5400:6ff:fe23:b6a4,443
2400:8d60:6::5876:bf46,8443
2a0b:4141:820:10ec::2,443
2a0a:9300:1:573::1,443
2a01:ecc0:40:1bc4::2,8443
2a03:b0c0:3:f0:0:2:cbc:8000,443
2a12:bec4:1bb0:25cd::2,8443
2a01:e5c0:4017::2,443
2605:e440:47::3bf,443
2001:1600:18:203::239,8443
2001:41d0:404:200::3fb6,443
2a14:7c0:1002:1010::,443
2a12:5940:2bd7::2,8443
2a01:ecc0:40:12f::2,443
2a0c:16c3:500:66f::c978,8443
2a12:bec4:1ac1:9aa::,2053
2a0c:16c0:505:893::2943,443
2a01:ecc0:200:1b79::2,443
2a0c:5d00:3002::97:a9a9,2053
2a03:b0c0:3:f0:0:2:474c:8000,443
2a12:5940:5180::2,443
2a01:4f8:c17:e681::1,443
2a0a:9300:1:1214::1,443
2a0e:dc0:2:dede::1,443
2a0b:4140:47c4::2,443
2a0c:5d00:3002::1:c86d:208,443
2a05:541:109:21::1,8443
2a01:ecc0:40:ccf::2,8443
2a09:bac5:1cc:105::1a:117,443
2a0a:4cc0:80:21cc:48d7:8bff:fe5d:7149,443
2a02:29b8:dd01:202:0:4:0:12,443
2a0e:dc0:2:d972::1,443
2a01:e5c0:59f8::2,443
2a0d:5600:142:19:0:1:d73e:c62c,443
2001:41d0:701:1100::9f4c,443
2a01:ecc0:200:1c59::2,443
2a0f:cdc6:500:25fe::2,443
2602:f7f8:4:18::a,443
2400:8d60:6::9882:eae3,8443
2a01:e5c0:21b8::2,443
2a0a:4cc0:80:231c:144f:87ff:fe02:7588,443
2a0a:4cc0:0:20cf:449a:eff:fe15:5c45,443
240d:c000:f000:9500:16d2:4330:e422:0,443
2a0a:4cc0:0:23f4:440c:1fff:fecf:3e2e,443
2a03:b0c0:3:f0:0:1:fddd:e000,443
2407:cdc0:b010::147,8443
2a03:b0c0:3:f0:0:2:855:6000,443
2a0c:16c0:520:1be::b425,443
2a0e:dc0:6:8c44::1,443
2a11:3b80:1::5139,443
2a0b:4141:820:18a7::2,443
2a03:b0c0:3:f0:0:2:474c:6000,443
2a12:5940:28eb::2,443
2a03:b0c0:3:f0:0:1:fde5:c000,443
2a11:3b80:1::4871,443
2a0c:16c0:515:4e9::6895,443
2a0a:4cc0:80:87c:d833:16ff:fea6:758e,443
2a10:c943:100::585,443
2001:df1:7880:100::1542,8443
2a03:b0c0:3:f0:0:1:a958:e000,443
2a0b:4140:d88a::2,443
2a03:4000:f:e0:68fc:5aff:fecb:d6cb,2083
2a11:3b80:1::63d9,8443
2001:df1:7880:2::1908,443
2a01:4f8:c012:c727::1,2053
2a01:cb19:765:6500:2655:33c9:7354:9ffc,443
2a0d:6c2:26:10c5::,443
2a0a:4cc0:80:2316:885c:6fff:feb0:a4f,443
2a0e:d600:0:76::2,2053
2a01:4f8:1c1e:9d5f::1,443
2a0c:5d00:3002::1:848b:53ba,443
2a12:5940:a7f4::2,8443
2a01:ecc0:4c0:1b::2,443
2a03:b0c0:3:f0:0:2:aeba:7000,443
2a12:bec4:1b50:41::2,8443
2a03:f480:1:20::fd,2053
2a0f:cdc6:500:2095::2,443
2a13:7c00:10:3:f816:3eff:fee3:3d12,443
2a13:d200:5:48b::1,443
2a01:4f8:1c18:f5eb::1,8443
2a0f:cdc6:500:1162::2,8443
2a0b:4141:1820:358::2,443
2a0b:4141:820:689::2,443
2a12:5940:a93a::2,443
2a0b:4140:d44d::2,443
2a0e:97c0:3f0:1::156c,443
2a0b:4140:44ed::2,443
2001:880:0:8::2fd,8443
2a0b:4140:4cc8::2,443
2001:41d0:701:1100::8bb1,443
2602:fa59:8:212::1,443
2a01:ecc0:200:f::2,443
2a03:b0c0:3:f0:0:1:95b0:e000,443
2a0a:4cc0:1:20d:a4ba:4fff:fe8c:cc33,2053
2a0b:4140:b9c0::2,8443
2a12:bec4:1480:25d::2,2053
2001:1600:18:200::196,443
2a0c:5d00:2002::445b:dc51,443
2403:18c0:5:62:185b:70ff:fee5:43a2,443
2a01:e5c0:58a7::2,443
2a0c:5d00:3002::1:e7e0:eb29,443
2a05:9403::a79,443
2001:df1:7880:100::171b,443
2001:41d0:701:1100::7694,8443
2a01:4f8:c012:406b::1,443
240d:c000:f000:ea00:46fe:38c:fab6:0,8443
2a0c:5d00:3002::1:db5c:2e24,443
2a12:5940:9165::2,443
2a0f:cdc6:500:ee9::2,443
2a0a:8c41::7b,443
2a0a:9300:1:645::1,443
2a12:5940:10dc::2,2053
2401:c080:2000:1765:5400:6ff:fe23:ae93,443
2a02:c207:2273:5401::1,443
2a11:3b80:1::1c91,8443
2a0b:4141:820:1a5a::2,443
2a0b:4140:5579::2,8443
2400:8d60:6::8b2e:8f37,443
2a0f:cdc6:500:c91::2,443
2403:18c0:5:4df:c420:ebff:fee5:e47,443
2400:8d60:6::24eb:d0c2,443
2403:18c0:5:99e:be24:11ff:fe9e:c13d,443
2a0d:2683:f300:32cb:7453:6c36:bff5:dfce,443
2a03:4000:28:b53:b419:a5ff:fe66:e4a3,443
2a03:4000:59:e7f:980a:12ff:fe8d:92b2,443
2a03:b0c0:3:f0:0:2:9dc1:2000,443
2a0c:16c3:500:647::a485,8443
2a03:b0c0:3:f0:0:2:c3f5:9000,8443
2a0b:64c0:18:0:1:1:830b:ed48,8443
2a05:541:114:30::1,443
2a09:bac5:31c9:505::80:118,443
2406:17c0:0:2::2964:e42d,8443
2a0f:cdc6:500:b32::2,443
2a05:f480:2400:1ddb:5400:5ff:febc:3c15,443
2a01:ecc0:200:cb::2,443
2a03:b0c0:3:f0:0:2:2f90:6000,443
2a0a:3840:8078:141:0:2d8e:8df2:1337,443
2a03:f480:1:c::d4,8443
2a0c:8a41:2100::73,443
2a12:bec4:1b50:637::2,443
2a0f:cdc6:500:2d8a::2,443
2a0a:8c40::b3,443
2a0f:cdc6:500:29c4::2,443
2a03:b0c0:3:f0:0:2:2f90:9000,443
2a01:ecc0:40:1a2::2,443
2a01:e5c0:291f::2,8443
2001:df1:7880:100::117b,443
2a12:bec4:1480:dc::2,443
2a13:7c00:10:2:f816:3eff:fe5e:b86,443
2a12:5940:3fd7::2,443
2a13:7c00:6:45:f816:3eff:feef:c019,443
2a12:bec0:168:8016::,443
2a0b:4140:d7b2::2,443
2a0a:9300:1:68e::1,443
2a03:b0c0:3:f0:0:2:855:5000,443
2a01:4f8:c014:f829::1,8443
2404:8c80:ff00::6e,443
2a12:b2c0:6:11::1,443
2a01:ecc0:400:59a::2,443
2a01:4f8:1c19:9325::1,8443
2a12:5940:37cd::2,8443
2a01:ecc0:200:1e5::2,443
2a03:f480:1:1a::79,443
2a03:4000:59:8b3::,8443
2a13:7c00:5:47:f816:3eff:fe20:11e4,443
2a12:bec4:1b50:175::2,8443
2a01:4f8:1c17:de85::1,8443
2001:df1:7880:100::125c,443
2a0f:cdc6:500:2941::2,8443
2a0c:16c3:500:5b4::9326,443
2a01:e5c0:520b::2,2053
2a13:7c00:10:1:f816:3eff:febb:589b,2053
2a0d:6c2:24:4d3::,443
2001:15e8:110:7d00::2cf,443
2a0f:1cc5:700::1de9:9175,443
2a0f:f01:207:11d::,443
2a13:7c00:6:2:f816:3eff:fec2:1413,443
2a0d:6c2:24:7f::,443
2001:df1:7880:100::1703,443
2a0e:97c0:3f0:1::20dc,443
2a12:bec4:1d70:5::2,443
2a01:5e0:36:c773::1,8443
2a0f:cdc6:500:158a::2,443
2a0c:16c0:520:406::a32b,8443
2a0a:4cc0:80:2314:186e:9dff:fe4f:3640,443
2a0f:f01:208:335::,2053
2403:18c0:5:98c:20fb:8ff:feb0:e3bf,443
2607:fa98:4000:7::53,443
2403:18c0:3:d3:be24:11ff:fe25:faef,443
2401:b60:32::671d:2c8e,8443
2a0c:5d00:2002::4d0a:90a4,443
2a11:3b80:1::2601,443
2a01:ecc0:200:1fe::2,443
2a11:3b80:1::5e09,443
2a0e:97c0:7da:0:7048:b724:1114:5985,443
2a0d:d940:12:f7::2,8443
2a13:4ac0:8:2:f816:3eff:fef8:d2a5,8443
2a03:4000:17:d5c:4886:6cff:fe42:a93e,443
2a03:b0c0:3:f0:0:2:13f0:2000,443
2a0e:97c0:3f0:1::5a0,443
2a0d:8480:1:2184::,443
2a05:9403::2f1,8443
2a13:4ac0:8:4:f816:3eff:fee1:3d39,443
2a0f:cdc6:500:19df::2,443
2001:41d0:700:1bb5::1,443
2a03:4000:6:ac1:2499:eff:fe79:fee3,443
2a01:4f8:1c17:c0f6::1,2053
2a12:5940:2b81::2,2087
2a0a:8c41::ae,443
2a0c:16c0:510:d61::78d6,443
2a01:4f8:c014:6ffc::1,443
2605:e440:26::220,8443
2600:3c14::2000:e9ff:feec:e3d6,443
2a0a:3840:8078:142:0:2d8e:8e1b:1337,443
2a0e:6a80:3:e2::,8443
2a0f:cdc6:500:2539::2,2053
2a0b:4140:f2bf::2,2053
2a09:bac5:27bb:246e::3a1:59,8443
2a03:d780:0:732::5103:4846,443
2a0f:cdc6:500:c11::2,443
2a12:bec4:1a70:10f::2,443
2a0e:97c0:3f0:1::8a4,443
2a0c:16c3:500:1b7::7b95,443
2a0c:16c0:505:427::5a3e,443
2001:41d0:701:1100::376f,443
2a0c:5d00:3002::1:1daf:6e33,8443
2a03:6f02::e32a,443
2a14:1ec7:f710:d232::1,443
2a12:bec4:1480:25e::2,2053
2a0c:16c3:500:401::a5eb,443
2a12:5940:a74a::2,8443
2a12:5940:aea0::2,443
2401:b60:5:29dc:1997:1061:3131:389,443
2a11:3b80:1::2731,443
2a01:ecc0:40:22f8::2,443
2a01:e5c0:46e2::2,2053
2a01:ecc0:40:9fc::2,443
2a03:f480:1:19::e,443
2a0f:cdc6:500:f25::2,443
2a03:b0c0:3:f0:0:1:9e0e:7000,443
2a0c:5d00:2002::7917:3ce6,443
2a12:5940:1dc6::2,8443
2a03:f480:1:a::1f,443
2a0d:d940:1a:932::2,443
2a11:3b80:1::5831,443
2a0f:f01:208:466::,443
2a0b:4140:b116::2,443
2a0f:f01:207:3b::,443
2605:e440:47::22b,443
2a0a:9300:1:1232::1,443
2a12:5940:5567::2,8443
2a13:7c00:6:33:f816:3eff:feb9:cb24,8443
2605:e440:26::9a,2053
2a01:ecc0:a:22::2,2083
2a01:ecc0:a:47::2,443
2a0f:f01:207:51e::,443
2a07:7c80:502::fec6,443
2a0c:5d00:3002::cb4b:8592,2053
2403:18c0:5:bd:be24:11ff:fe29:1b65,443
2a0a:8c40::231,8443
2a0d:d940:90a0:c3::2,443
2a12:5940:31c1::2,8443
2a00:6d40:72:101::f7,443
2a01:ecc0:40:116::2,443
2a0c:5d00:3002::1:6490:eeed,443
2a0d:d940:1a:dab::2,443
2403:18c0:3:7e:5ce4:64ff:febf:938c,443
2a01:ecc0:200:1fb::2,443
2400:8d60:6::84a0:728c,443
2a0b:4141:820:18c3::2,443
2a03:b0c0:3:f0:0:2:ebc:a000,443
2a03:4000:10:7e6:c8cd:91ff:fec9:25df,443
2a10:c943:100::664,443
2602:fa4f:100:744e:f7fd:550a:784c:5145,443
2a03:b0c0:3:f0:0:1:f523:6000,443
2a0d:d940:1a:7cd::2,443
2001:df1:7880:100::2d,443
2a12:5940:34bc::2,443
2a03:b0c0:3:f0:0:1:97dd:5000,443
2a01:e5c0:5903::2,443
2a03:f480:1:d::76,443
2401:b60:5:bbd5:bc85:fbe3:411f:cba1,443
2a03:b0c0:3:f0:0:2:29a0:1000,443
2a03:b0c0:3:f0:0:2:fc8:0,443
2401:c080:2000:187f:5400:6ff:fe61:8b67,443
2a0d:d940:1a:7137::2,443
2a0c:16c4:500:b4::5cb9,443
2a03:f480:2:a::dc,8443
2a01:ecc0:200:1a1::2,443
2a0f:cdc6:500:104c::2,443
2001:41d0:ab00::4:0:16,2053
2a01:8640:6:18::a93c:9f38,443
2a14:7c0:1002:1218::,443
2a12:5940:20bf::2,2053
2a01:ecc0:400:26b::2,443
2a05:fc1:40:33::3,443
2a14:7c0:1002:12c::,8443
2405:84c0:8025:9300::,443
2a14:7586:8000::70,8443
2a12:5940:1189::2,443
2602:fa59:8:487::1,2053
2a01:ecc0:40:b9::2,443
2a0c:5d00:2002::efdd:840e,443
2a0c:16c0:510:3be::89a5,443
2001:df1:7880:100::16c9,443
2a14:7c0:1002:11f::,8443
2a05:9404::1691,2053
2a12:5940:2651::2,443
2400:8d60:6::2cdf:59e2,443
2a0f:cdc6:500:2e52::2,443
2a0c:16c3:500:16a::4d39,443
2a12:bec4:1a70:167::2,8443
2a12:5940:5069::2,8443
2a12:bec4:1de0:2ad::2,443
2a01:ecc0:40:1210::2,8443
2a03:f480:1:f::b8,8443
2401:c080:2000:19a4:5400:6ff:fe25:e429,2096
2a14:1e00:3:519::1488,443
2a01:ecc0:40:a1f::2,443
2a03:f480:1:24::e8,443
2a02:6ea0:d32f::4187:bfcd,2053
2a01:ecc0:40:e5::2,443
2a0c:16c0:510:d8b::5c4e,443
2a0f:cdc6:500:13fb::2,443
2a0c:5d00:3002::1:fc2e:7a36,8443
2a01:4f8:1c1c:79a3::1,443
2a12:5940:338c::2,8443
2a01:ecc0:d80:3a::2,8443
2a12:5940:313d::2,443
2001:df1:7880:4::520,443
2a01:ecc0:d00:1f0::2,443
2a0b:4140:db77::2,443
2a13:7c00:6:110:f816:3eff:fe6f:fdab,443
2a09:bac5:31cc:2864::406:1,8443
2a01:ecc0:40:238f::2,8443
2a03:f480:1:19::db,8443
2a0b:4140:5442::2,8443
2a12:bec4:1483:7da::2,443
2a0f:cdc6:500:be4::2,443
2403:18c0:5:686:e86e:cbff:fe4f:f560,8443
2a0c:16c0:515:cca::859e,443
2a01:e5c0:204c::2,443
2a14:7c0:1002:110c::,2053
2a13:d201:7:3e::1,2053
2a03:f480:2:8::4d,443
2a0a:9300:1:241::1,443
2a01:4f8:c014:a7a1::1,8443
2001:41d0:20a:900::1595,443
2a0e:dc0:2:e9d1::1,443
2a01:4f8:1c0c:52d3::1,8443
2a14:1e00:3:895::1,443
2a03:f480:2:5::66,443
2a0f:cdc6:500:2e44::2,8443
2a03:b0c0:3:f0:0:2:13f0:1000,443
2a03:f480:1:19::c5,443
2a01:ecc0:40:6ac::2,443
2a03:b0c0:3:f0:0:2:9dc1:4000,443
2a01:ecc0:200:121::2,2053
2404:c804:30a7:8601:be24:11ff:feff:c1b1,8443
2602:fa59:11:e7::1,443
2a0e:97c0:3f0:1::46e,443
2a0c:16c3:500:1b0::426e,443
2a03:4000:59:ea3:848d:6aff:fe8e:a9c0,443
2a01:ecc0:40:4cb::2,443
2a01:ecc0:40:aa1::2,443
2a0c:16c0:505:6f0::5e62,8443
2a13:7c00:6:11:f816:3eff:fe3b:9b6c,443
2a13:7c00:10:20:f816:3eff:fef2:a621,443
2a01:ecc0:40:314::2,443
2a01:ecc0:40:a3::2,443
2a01:ecc0:4c0:1c::2,443
2404:8c80:ff00::54,443
2a0c:16c0:510:6d3::68a2,443
2a05:541:126:c::1,443
2a0d:d940:12:b3::2,443
2a01:e5c0:53d8::2,443
2a0c:16c0:515:2b4::65c7,443
2a0a:8c40::69,2053
2a12:bec4:1821:3a::b,443
2a01:ecc0:3c0:9d::2,443
2a01:ecc0:40:11d5::2,443
2a01:ecc0:4000:990::2,443
2602:fa59:8:24::1,8443
2a0a:8c40::26d,2087
2a12:5940:1995::2,443
2a0c:16c3:500:289::5e9c,443
2403:27c0:c03:1::34,443
2a11:3b80:1::26c1,443
2a13:7c00:6:56:f816:3eff:feb6:47bc,443
2a01:4f8:1c18:cd2f::1,443
2a0d:d940:1a:187b::2,443
2a0d:d940:14:7e::2,443
2a0c:16c0:505:6fe::b276,2053
2a0f:cdc6:500:2f32::2,443
2a01:4f8:1c19:b7a5::1,443
2a10:c943:100::52e,2083
2a01:ecc0:200:1662::2,443
2a0d:d940:1a:fd1::2,443
2a12:bec4:1ac1:48d::,8443
240d:c000:f000:9200:600a:5588:e04e:0,8443
2a01:ecc0:40:f80::2,443
2a02:6b40:2000:1f6::1,443
2a04:3545:1000:720:209e:aff:fe2a:6a52,443
2a0a:9300:1:743::1,443
2a0a:4cc0:80:3e47:18d1:ceff:fe2c:3d9b,443
2401:b60:e0fd:100::2,8443
2a12:5940:5d48::2,443
2a0b:4141:1820:5ca::2,443
2605:e440:4::2bf,443
2a0d:d940:1a:c2c::2,443
2a0c:5d00:3002::1:e0b7:5aa7,443
2a01:ecc0:40:423::2,443
2a03:f480:2:5::f1,8443
2a0a:9300:1:2f9::1,443
2001:df1:7880:100::174d,443
2a01:ecc0:400:8f8::2,8443
2a12:bec4:1481:339::2,443
2a01:e5c0:4c4e::2,443
2a0b:4141:820:88b::2,443
2a14:a084:f2fe::2,443
2a0b:4141:1820:46f::2,443
2a12:5940:10cf::2,443
2a01:ecc0:200:1c4::2,443
2a05:f480:2400:1a3a:5400:4ff:fea7:cc42,8443
2a0b:4141:820:d47::2,8443
2602:f864:218:b9::a,443
2a0e:dc0:6:9998::2,2087
2a0b:7140:1:1:5054:ff:fe7e:7d15,443
2a0d:2683:f300:1d2b:4b1b:a032:d025:f8ad,443
2a03:f480:1:a::15,8443
2a11:3b80:1::4dd1,443
2a00:6d40:40:6af9::1,443
2a01:ecc0:200:e51::2,443
2a12:bec4:1bb0:ffd::2,443
2a03:b0c0:3:f0:0:2:208:9000,443
2a0d:d940:1a:7033::2,443
2a0b:4140:dfa0::2,2083
2605:e440:7::23f,443
2a01:4f8:c010:1f18::1,8443
2403:18c0:5:a14:be24:11ff:fe6f:66bf,443
2a0d:d940:12:b2::2,443
2a01:8640:a::68fa:b627,443
2a12:bec4:1ac1:396::,8443
2a03:f480:1:12::fe,443
2a0d:6c2:24:aa4::,443
2001:df1:7880:100::1e6,443
2a0c:5700:3133:650:72ee:acff:feac:4b31,2053
2a01:ecc0:cc0:26::2,443
2a00:6d40:72:100::27b,443
2a12:5940:54cd::2,8443
2a0f:cdc6:500:7a3::2,443
2a11:3b80:1::5699,443
2a13:7c00:6:9:f816:3eff:fe07:8015,443
2a12:bec4:1de0:3dc::2,443
2a01:ecc0:40:117::2,443
2a03:f480:1:27::8e,443
2a0b:4140:db20::2,443
2a01:ecc0:40:8ca::2,443
2a01:ecc0:200:1c73::2,443
2a0c:16c3:500:263::36ab,443
2a01:ecc0:40:7f4::2,443
2a0d:8480:3:21b5::,443
2a03:4000:6:1af3:48a1:2cff:fe8d:50d9,443
2a01:e5c0:4ee6::2,443
2a0f:cdc6:500:2ccc::2,443
2a0f:cdc6:500:2660::2,8443
2a01:ecc0:4c0:317::2,443
2a03:f480:1:12::38,443
2a00:6d40:72:27e3::1,443
2a00:6d40:72:101::765,443
2a02:27ac::af9,8443
2a0c:16c0:510:b21::6d25,443
2a0b:4140:59a5::2,443
2a0c:16c0:510:d6e::4e6a,443
2a09:c140:feed:4::,8443
2a11:3b80:1::2fa9,443
2a12:bec4:1b50:122::2,443
2a01:ecc0:200:1a8b::2,443
2a13:7c00:6:22:f816:3eff:fee3:31c,8443
2a14:7981:467:683::,443
2a0b:4140:d4c9::2,443
2a0b:4141:1820:3e3::2,443
2a0a:9300:1:b7d::1,443
2a03:b0c0:3:f0:0:1:f025:2000,443
2a0f:cdc6:500:20ad::2,8443
2a13:a504::e9,443
2a0c:16c0:515:ce8::7ae8,443
2a11:3b80:1::4501,443
2a0c:5d00:3002::1:eb2b:ccec,443
2a03:b0c0:3:f0:0:2:838b:a000,8443
2a0c:5d00:3002::1:9a4c:50e8,443
2001:df1:7880:100::1172,443
2a03:b0c0:3:f0:0:2:29a0:3000,443
2a0d:d940:1a:224::2,443
2400:8d60:6::1ed8:7ece,443
2a05:d016:217:1b02:8609:1485:7a71:ca57,443
2a03:f80:49:5c70::1,8443
2a0c:16c0:505:5e2::a358,8443
2a0f:cdc6:500:17d1::2,443
2a05:fc1:40:234::2,2053
2a01:e5c0:5b09::2,8443
2a03:b0c0:3:f0:0:1:e1cc:6000,443
2a01:ecc0:40:16ef::2,443
2a0f:cdc6:500:7c7::2,443
2a13:d201:3:69::1,8443
2a0b:4140:4c52::2,8443
2a02:27ac::1ac1,443
2a0f:cdc6:500:1950::2,443
2a03:4000:58:a5:9484:27ff:fefd:88b6,443
2a0c:16c0:505:4fd::9b67,443
2a0b:4140:5b73::2,443
2a04:3540:1000:310:1030:d2ff:fecc:45ea,443
2a01:ecc0:400:34::2,443
2a03:f480:1:1a::13,8443
2a0b:4141:820:560::2,443
2a0c:16c0:510:710::36e9,2087
2a0f:cdc6:500:30e0::2,443
2a10:c943:100::57c,443
2a03:b0c0:0:1051::1ec1:3000,443
2a09:bac5:27bc:18fa::27d:55,8443
2a02:c207:2012:3290::1,8443
2a0a:9300:1:1039::1,443
2a12:5940:2f14::2,443
2a01:e5c0:4fd7::2,8443
2a0d:d940:12:fa::2,443
2a01:ecc0:40:953::2,443
2a0d:d940:1a:269::2,443
2a03:f480:1:3::60,443
2a03:b0c0:3:f0:0:1:fdde:5000,443
2a03:b0c0:3:f0:0:1:fe14:b000,443
2a03:f80:381:57f3::1,443
2a12:bec4:1485:433::2,2053
2a0b:4140:d590::2,2053
2a14:7c0:1002:11f7::,8443
2a01:e5c0:2c68::2,443
2a0f:f01:208:ba::,443
2a11:3b80:1::11c9,443
2a01:ecc0:40:ae4::2,8443
2001:df1:7880:100::123a,443
2a10:f2c0:aaa8:3737::1,443
2a01:e5c0:4851::2,443
2a13:7c00:10:21:f816:3eff:fe69:1e52,2053
2a12:bec4:1a70:172::2,443
2a0f:cdc6:500:272::2,443
2a12:5940:1522::2,443
2a01:e5c0:4d0f::2,8443
2a14:a087:3:a1::2,443
2401:b60:5:eab7:59a2:527a:f40d:f755,443
2a12:5940:3ed0::2,443
2a01:ecc0:4c0:2d9::2,443
2a0f:cdc6:500:2965::2,443
2a12:5940:98aa::2,8443
2a14:1e00:3:91a::,2053
2001:df1:7880:100::16de,443
2a13:7c00:10:7:f816:3eff:fe31:952c,2053
2a0d:d940:1a:f2a::2,2083
2a0a:6044:6200:93::2,443
2a03:b0c0:3:d0::fa7:3001,443
2a00:1a28:1251:ca24::1,443
2a12:bec4:1ac1:13f::,8443
2a12:bec4:1bb0:24e7::2,443
2401:5a0:1000:3c::a,443
2001:df1:7880:100::150,443
2a0a:9300:1:16aa::1,443
2a03:f480:1:26::64,443
2a0d:d940:14:aa::2,443
2a12:5940:5bf8::2,8443
2a0a:9300:1:bc3::1,443
2a0c:16c0:510:372::97a6,443
2a12:5940:9494::2,443
2001:df1:7880:100::1274,443
2a12:bec4:1de0:282::2,443
2a01:ecc0:40:1488::2,443
2a01:ecc0:40:1b3a::2,443
2a0d:6c2:24:a3::,443
2a0a:4cc0:80:2317:5483:44ff:fec9:263e,443
2a03:f480:1:f::e7,443
2001:41d0:701:1100::bb9e,8443
2403:27c0:2000::1bd,8443
2a01:ecc0:400:6a3::2,443
2a01:ecc0:400:503::2,8443
2a0b:4140:418e::2,443
2001:df1:7880:100::50f,443
2a01:e5c0:6e8d::2,8443
2a0c:16c0:510:61c::d84e,8443
2a0f:cdc6:500:e1::2,443
2a0c:4ac1:15:93::a,8443
2a01:ecc0:4c0:383::2,443
2a12:5940:2197::2,8443
2a01:4f8:c012:d29a::1,443
2a0c:16c3:500:518::473b,443
2a03:4000:13:6d5:8499:86ff:fec9:c20b,443
2a0f:cdc6:500:112d::2,443
2a01:ecc0:4000:544::2,443
2a02:27ac::f01,443
2a0b:4141:820:12b::2,443
2403:27c0:c03:1::44,443
2a0a:9300:1:a7::1,443
2a0f:1cc5:700::323c:6295,8443
2a01:239:443:db00::1,2053
2a03:b0c0:3:f0:0:2:13f0:0,443
2a03:f480:1:25::f2,8443
2a12:bec4:1ac1:70f::,8443
2001:df1:7880:100::5d8,2053
2a0d:d940:1a:287::2,8443
2a0a:4cc0:80:224d:1874:4dff:fedb:e3bb,443
2a13:d201:7:30::1,443
2a0c:16c0:515:a84::eb3c,443
2a12:bec4:1b50:4f5::2,443
2a0c:16c0:510:5f::a74d,443
2a0c:5d00:3002::1:34d3:b061,443
2a0d:6c2:24:c0a::,443
2605:e440:47::216,443
2a01:ecc0:40:cab::2,443
2a0f:cdc6:500:14ef::2,2053
2a0c:5d00:2002::6bbe:fc5c,443
2a0b:4140:d4dd::2,443
2001:df1:7880:100::14d7,443
2a13:d200:11:3d::1,443
2a03:f480:1:15::67,443
2a0a:d687:f001::103,443
2a0b:4140:ceb1::2,8443
2a01:ecc0:4000:9ed::2,8443
2a10:f2c0:aaa8:6033::1,8443
2a0d:6c2:24:436::,443
2a0a:9300:1:d03::1,8443
2a0f:cdc6:500:2d5e::2,443
2a01:8640:f::5f91:1b61,443
2001:df1:7880:100::10dd,8443
2a10:c943:100::5,8443
2a12:5940:8025::2,443
2401:b60:5:23b::a,443
2602:fa59:11:236::1,443
2a0a:6044:6200:108::2,443
2a0a:2b41:7:28d6::,443
2a10:1fc0:1::48e3:5b14,443
2a03:f480:1:24::98,443
2a12:bec4:1483::2,443
2a01:ecc0:40:725::2,443
2a0c:16c0:515:d23::96da,8443
2a0f:cdc6:500:3017::2,443
2a01:ecc0:40:6b5::2,443
2a0b:4140:d3df::2,443
2605:e440:7::3:49,8443
2a00:6d40:40:3955::1,443
2a0d:6c2:24:b21::,443
2a0c:5d00:3002::1:1102:2d13,8443
2a01:ecc0:4000:66f::2,443
2a12:bec4:1480:261::2,2053
2a0b:4140:f2a1::2,443
2a0f:cdc6:500:31ac::2,443
2a01:e5c0:4174::2,2053
2a0b:4140:da2a::2,8443
2a03:4000:53:f18:d437:19ff:fe50:bdcf,8443
2a13:7c00:10:3:f816:3eff:fead:2052,443
2a0b:4143:0:46c::2,443
2400:c620:32:92::a,443
2602:fa59:11:5df::1,443
2a04:5201:2::408,443
2a01:ecc0:4c0:3d7::2,443
2605:e440:7::3:cf,443
2a01:ecc0:480:7a::2,443
2a01:97a0:0:1d:0:4:0:4123,443
2001:41d0:701:1100::d0ad,443
2a01:e5c0:3ada::2,443
2a0a:9300:1:d03::1,443
2a12:5940:2a35::2,8443
2403:27c0:c03:1::1b,443
2a0d:6c2:24:891::,8443
2a0c:5d00:2002::97a6:9c46,443
2401:b60:5:caed:6f8f:af97:f06:4307,443
2a0d:d940:1a:1a9e::2,443
2001:df1:7880:100::c10,443
2a01:f500:f0:2c00::a,2053
2a13:4ac0:8:0:f816:3eff:febc:f951,8443
2a0a:9300:1:548::1,443
2a0c:5d00:2002::da41:c3fa,443
2a0f:cdc6:500:1372::2,443
2a0d:d940:1a:b0d::2,443
2a0b:4140:de69::2,443
2a12:bec4:1ac1:26f::,8443
2a0b:4141:1820:7b5::2,443
2a02:fe1:e278:be00:d8f8:b5ab:5f3e:c1c4,8443
2a0b:4140:dd92::2,443
2a0a:4cc0:0:1e49:7816:c6ff:febb:ae66,443
2a0d:d940:1a:d96::2,443
2a03:b0c0:3:f0:0:2:2fa5:b000,443
2a0c:5d00:3002::ba1c:c85e,443
2a11:3b80:1::51c9,443
2a0c:16c0:515:b22::8ad5,443
2a0f:94c0:201:1::1f2,8443
2a12:5940:12ed::2,8443
2a0c:5d00:3002::1:967f:ed21,443
2a01:e5c0:38eb::2,443
2a01:ecc0:200:1212::2,443
2a0e:97c0:3f0:1::156a,443
2a12:5940:63f8::2,443
2a12:5940:54d3::2,443
2a0f:cdc6:500:1ec5::2,443
2a01:e5c0:3d82::2,443
2605:e440:7::3:31f,443
2a0b:4141:820:2fd::2,443
2a0f:f01:207:35d::,8443
2a0c:16c0:505:474::b4ca,443
2a12:5940:2234::2,443
2400:c620:32:4d::a,443
2a0c:5d00:3002::ca1d:3558,8443
2a0b:4141:1820:710::2,443
2a0d:d940:1a:664::2,443
2a0f:cdc6:500:2a1b::2,443
2a13:7c00:10:11:f816:3eff:fe7a:d566,443
2a0c:5d00:2002::d8ba:49f,443
2a03:f480:1:17::91,443
2a01:e5c0:38b3::2,443
2a0c:5d00:3002::1:74f1:703f,443
2a0c:5d00:3002::1:7ca:d999,8443
2a03:b0c0:3:f0:0:1:fce0:7000,443
2a0c:5d00:2002::a05c:4445,443
2605:e440:7::3:10c,443
2a05:9403::f09,8443
2607:fa98:4000:7::30,443
2a03:f480:1:25::17,443
2a12:bec4:1480:437::2,8443
2a0f:cdc6:500:25c1::2,443
2a01:ecc0:40:33::2,443
2a03:4000:60:733:84ae:31ff:fe26:ed80,2087
2a02:6b40:2000:194a::1,8443
2a01:ecc0:40:1c7f::2,443
2a0c:5d00:3002::1:7d1b:1a21,443
2a12:5940:308f::2,443
2a0f:cdc6:500:3097::2,443
2a0b:4140:62d4::2,443
2a14:7c0:1002:1238::,8443
2a03:b0c0:3:f0:0:2:fc8:2000,443
2a0d:6c2:24:1e4::,8443
2a03:f480:1:26::be,8443
2a01:4f8:c013:17ba::1,443
2a0a:9300:1:10df::1,8443
2a12:bec4:1485:25d::2,443
2a12:bec4:1484:7a::2,443
2a0d:d940:1a:1a5d::2,8443
2a03:4000:2:77a:6488:d4ff:feb3:d3c7,443
2a11:3b80:1::84e9,443
2001:df1:7880:101::edb,443
2a14:7c0:1002:1377::,8443
2a0c:16c0:505:608::7de5,443
2a03:f480:2:2::64,8443
2a01:ecc0:40:1df5::2,8443
2a12:bec4:150:a::2,8443
2a0a:6044:6200:29::2,8443
2a0a:6044:6200:25b::,8443
2a0c:16c0:510:48a::345d,443
2a0a:9300:1:3d7::1,443
2a01:ecc0:400:8b8::2,443
2a0d:d940:1a:1a21::2,443
2a0d:d940:14:bc::2,8443
2a0c:16c0:510:ca0::4a3c,443
2a10:c943:100::ae0,443
2a01:239:2da:a700::1,8443
2407:cdc0:b010::145,8443
2a01:ecc0:40:feb::2,443
2a01:4f8:1c1b:d020::1,443
2a02:29b8:dc01:503:be24:11ff:fe75:1677,443
2a11:3b80:1::28a9,8443
2a0c:5d00:3002::1:289b:b277,443
2a0d:6c2:24:19f::,443
2a12:5940:5b2e::2,443
2a01:239:468:7b00::1,443
2a0b:4140:974a::2,443
2a0b:4140:32b7::2,8443
2a13:7c00:6:39:f816:3eff:fe81:8508,443
2a12:5940:5078::2,2053
2a0a:9300:1:6e3::1,443
2a0f:cdc6:500:fd3::2,443
2a0b:4141:820:280::2,443
2a12:5940:2aaa::2,8443
2a0d:6c2:24:3::,8443
2a12:bec4:1485:1a8::2,443
2400:c620:22:260::a,443
2a0b:4140:d87e::2,443
2a0c:5d00:3002::1:2732:4665,443
2a01:ecc0:200:15c::2,443
2a0b:4141:820:574::2,443
2a0c:16c0:505:334::2acd,8443
2001:678:744:79::d7:1,443
2a0c:16c0:505:83c::27e4,8443
2a0c:5d00:2002::4cac:e8ce,443
2a0c:5d00:3002::1:c2b8:624d,443
2a0b:4140:da9e::2,8443
2a01:ecc0:200:1bd::2,443
2a0c:16c0:510:b9f::b42a,2053
2a01:e5c0:3eb3::2,443
2a12:5940:293d::2,443
2a0f:cdc6:500:27af::2,443
2a0c:16c0:510:3e6::a98c,443
2a0c:16c0:510:79f::bac3,443
2a0e:97c0:7da:0:1605:561a:98e:77c9,443
2a03:f480:1:21::f9,8443
2a01:e5c0:43c5::2,443
2a0c:5d00:3002::ffe5:3fc2,443
2a0a:9300:1:16d::1,443
2001:df1:7880:100::164d,443
2a0c:16c0:505:57b::85a7,443
2a0c:16c3:500:38f::6827,443
2a01:ecc0:4000:477::2,8443
2a03:b0c0:3:f0:0:1:97dd:9000,443
2a01:e5c0:4093::2,443
2a01:e5c0:451f::2,443
2a12:bec4:1bb0:f3e::2,443
2a0f:cdc6:500:2742::2,443
2a01:e5c0:18a2::2,8443
2a0a:9300:1:268::1,443
2a0d:6c2:24:61e::,8443
2a0f:cdc6:500:2ef9::2,443
2a01:4f8:c010:443::1,443
2400:c620:29:b8::a,443
2a13:7c00:7:10:f816:3eff:fe5c:dad5,443
2a01:e5c0:2280::2,2083
2a01:ecc0:200:a67::2,443
2a0c:16c0:510:f99::8a4c,443
2a13:a504::1c8,443
2a01:e5c0:432d::2,443
2a13:7c00:6:16:f816:3eff:fe4e:8e23,443
2a0d:d940:1a:9f7::2,8443
2a0c:16c0:520:4c9::834c,443
2a11:3b80:1::4869,443
2a01:ecc0:4c0:2f::2,443
2a01:ecc0:4c0:a7::2,443
2a0d:6c2:24:1e2::,8443
2a01:ecc0:4000:509::2,443
2001:df1:7880:101::a0c,443
2a10:f2c0:aaa8:602f::1,443
2605:e440:4::177,2053
2a03:b0c0:3:f0:0:2:3b31:e000,443
2a0d:6c2:24:491::,443
2a0a:6044:6200:f2::,2053
2a01:4f8:1c1e:5db7::1,443
2a0c:5d00:3002::2acf:6ead,2053
2a01:e5c0:45e2::2,443
2a0b:4140:946a::2,8443
2a04:3540:1000:310:e839:40ff:fe5e:3db9,443
2a09:e683:7:b0::a,2096
2a12:5940:506d::2,8443
2a01:ecc0:40:e56::2,443
2a01:ecc0:200:19e7::2,8443
2a03:f480:1:1a::c,443
2a0c:16c0:510:91d::72a3,443
2a12:5940:5e53::2,443
2a01:ecc0:4c0:263::2,443
2a01:4f9:c010:d45b::1,8443
2a0c:16c0:520:1b6::a925,443
2a01:4f8:c010:e71::1,2053
2a0d:6c2:24:46e::,443
2a0c:16c0:520:6a0::369c,443
2a05:9406::e01,8443
2a0b:4140:ddd6::2,8443
2a03:4000:45:227:384a:a4ff:feac:7c0f,443
2a0f:cdc6:500:27b5::2,2053
2001:67c:2f4c:2::2a0,443
2a12:5940:1d64::2,443
2a0c:5d00:2002::571e:f1c,443
2a0a:9300:1:1210::1,443
2a0a:9300:1:7a0::1,443
2a03:f480:2:5::2b,8443
2a13:7c00:6:22:f816:3eff:fed3:d593,443
2001:1b28:9:12:72:162:15:25,8443
2a0c:16c0:520:ec::a2be,8443
2a01:e5c0:54ca::2,8443
2a01:e5c0:33a9::2,443
2a0a:9300:1:ee0::1,443
2a03:f480:1:6::87,2083
2a10:1fc0:1::319e:26da,443
2a0f:cdc6:500:27f5::2,443
2a0b:4141:820:da6::2,443
2a0f:cdc6:500:1d::2,8443
2a03:b0c0:3:f0:0:2:93f:d000,443
2a0a:9300:1:18dc::1,443
2a11:840:47:1b::55aa:4849,443
2001:df1:7880:100::1652,443
2a11:3b80:1::5089,443
2a13:7c00:6:2:f816:3eff:fe96:6ee1,443
2a0f:cdc6:500:84e::2,443
2a0d:d940:12:10f::2,443
2a04:3545:1000:720:9848:ceff:fe99:5978,8443
2a01:e5c0:6f65::2,443
2a12:b3c0:3:88::1,443
2a0c:5d00:2002::a05c:a473,443
2a0b:4140:dfb9::2,8443
2400:8d60:6::e23:720b,443
2a0a:9300:1:4c9::1,443
2a0c:16c0:505:27f::9b5c,443
2a02:2880:3:6:f419:63ff:fe03:250f,8443
2a03:4000:6:2d58:8494:72ff:fef0:c83e,8443
2a13:7c00:6:39:f816:3eff:fe45:971d,443
2a0c:16c0:510:8eb::49d3,443
2a0a:20c0:f001:81:609:4aff:fe51:20b6,8443
2a0c:16c0:515:211::42e9,2053
2a14:1ec7:f710:b861::1,443
2a0c:5d00:3002::ae23:b9f3,443
2a0a:9300:1:392::1,443
2a0a:8c40::23f,443
2a01:4f8:1c19:cac4::1,8443
2a0f:cdc6:500:2c84::2,443
2001:df1:7880:3::69d,443
2a13:7c00:6:52:f816:3eff:fe3a:12bb,8443
2a0d:d940:1a:1aba::2,443
2a0d:d940:12:107::2,2053
2a0b:4140:104e::2,443
2a11:3b80:1::7d81,443
2406:17c0:0:6::14c4:706e,443
2a0c:16c3:500:421::9e8a,443
2a12:5940:4520::2,8443
2a0c:5d00:2002::c8bc:7f34,8443
2a01:ecc0:200:119d::2,8443
2a0b:4140:11d4::2,443
2a01:ecc0:400:4fb::2,443
2400:c620:22:30d::a,443
2a04:5201:2::a28,443
2a12:b3c0:3:cc::1,2053
2a01:ecc0:200:14a2::2,8443
2001:df1:7880:100::427,443
2a0b:4140:dab1::2,2053
2a01:ecc0:200:ad0::2,443
2a01:e5c0:74e2::2,443
2a01:ecc0:40:1675::2,443
2a0c:5d00:3002::1:7eeb:3e32,8443
2a01:ecc0:40:1c0d::2,8443
2a0c:16c0:500:430::3462,443
2a01:ecc0:40:69f::2,443
2a0c:16c0:510:9bd::268d,443
2a0c:5d00:2002::fbf6:83ad,443
2a01:e5c0:7f47::2,443
2a0a:9300:1:c7f::1,443
2a0a:9300:1:1072::1,443
2a0c:16c0:510:c28::7e94,443
2a01:4f8:1c19:6ee2::1,8443
2400:8d60:6::ee1a:b553,443
2a10:f2c0:aaa8:604b::1,443
2a0c:16c0:510:952::a97d,8443
2a0c:16c0:500:281::7438,443
2a0f:cdc6:500:1d0c::2,443
2a12:bec4:1483:46d::2,8443
2a01:239:4e4:ae00::1,8443
2a01:e5c0:3615::2,8443
2a05:7cc0:0:185:80:129:84:1,443
2a03:f80:372:7321::1,443
2a0c:16c0:510:70f::5cde,2083
2a0a:9300:1:52c::1,443
2a01:4f8:c015:25e7::1,8443
2605:e440:e::1:269,2053
2a12:bec4:1ac1:a50::,443
2a01:ecc0:400:4d7::2,443
2a0e:97c0:7da:6ac8:e1a3:626c:c02d:c689,443
2a03:f480:2:9::7f,443
2a0c:16c0:515:d70::4e9b,443
2a0c:16c0:515:3b7::94e8,443
2a01:ecc0:200:490::2,8443
2a01:4f9:c014:6a3c::1,443
2a03:f480:1:c::95,8443
2a01:e5c0:40a8::2,443
2a0d:8480:1:200e::,443
2a01:e5c0:40ba::2,443
2a0b:4141:820:8aa::2,443
2a0d:d940:90a0:d7::2,443
2a12:5940:5876::2,2053
2a01:e5c0:2aff::2,2053
2a10:c943:100::1d1,443
2401:b60:5:37a7:2f38:7df0:4665:1451,443
2a0c:5d00:3002::1:eac9:3fe2,443
2a0b:4140:61d4::2,443
2a0d:d940:1a:7028::2,443
2a11:3b80:1::3579,443
2a0b:4140:1179::2,443
2a12:5940:1e77::2,443
2a03:4000:6:539c:3863:20ff:fe48:fb00,443
2a06:f907:1:100::6,443
2a03:4000:6:c07:d4ec:8fff:fe17:c5de,8443
2a0e:97c0:3f0:1::20d1,443
2a01:e5c0:5190::2,2053
2a02:27ac::f29,443
2a10:c943:100::31d,443
2a14:a084:f37a::2,443
2a01:ecc0:200:286::2,443
2a01:e5c0:7060::2,443
2a0b:4141:1820:2c2::2,443
2a13:7c00:6:3:f816:3eff:fe21:edc,443
2a0b:4140:9e15::2,443
2a03:f80:370:f15c::1,443
2a0c:16c0:515:162::d672,8443
2a03:b0c0:3:f0:0:2:e49:5000,443
2a12:5940:5aee::2,443
2a03:4000:69:16d:48fd:c5ff:fe99:9b15,443
2a12:5940:5a70::2,8443
2a0c:16c0:510:9ec::a492,443
2a0b:4140:58c6::2,443
2a10:ab80:3fd:cf::2,443
2a04:3540:1000:310:8817:f1ff:fe3a:5824,443
2a03:f480:1:21::94,2083
2a13:7c00:6:47:f816:3eff:fee7:e532,443
2a0a:4cc0:c1:199c:74f3:2fff:fe45:7c4a,443
2a0c:16c0:515:563::8cda,2053
2a12:5940:61aa::2,443
2a01:e5c0:486b::2,8443
2a0a:9300:1:1363::1,443
2a0b:4140:da4c::2,443
2a01:ecc0:4000:3d2::2,443
2a0d:d940:12:25::2,443
2a12:5940:2e16::2,8443
2001:df1:7880:100::5f7,443
2a03:4000:57:906:4441:2bff:fe4b:e089,443
2a12:5940:52fc::2,8443
2a03:4000:56:df:28f3:d8ff:feef:ab1b,2053
2a12:5940:6116::2,443
2a0d:d940:12:6a::2,443
2a06:f907:1:101::f7e2:1b2e,443
2a0b:4140:c9b6::2,443
2a0c:5d00:3002::1:9882:159e,8443
2a0b:4140:9902::2,443
2a0e:97c0:3f0:1::156b,443
2a0c:16c0:510:131::89c2,2087
2a03:b0c0:3:f0:0:1:95b0:b000,443
2a13:7c00:6:35:f816:3eff:fe39:765a,443
2001:df1:7880:3::3f0,2053
2a03:f480:1:24::17,2053
2a0c:16c0:505:3c6::6ecb,443
2a0f:cdc6:500:3108::2,443
2a13:7c00:6:34:f816:3eff:fe56:f80e,443
2a03:b0c0:3:f0:0:1:fd66:0,443
2a02:7b40:50d1:e84e::1,443
2a0a:9300:1:1106::1,443
2a0a:9300:1:e36::1,443
2a0c:16c0:500:f7::9264,443
2a0b:4141:1820:817::2,2053
2a0c:16c0:510:85a::829c,443
2a12:5940:ac58::2,443
2a01:ecc0:200:790::2,443
2a0c:16c0:505:25d::45ab,443
2403:18c0:5:b16:be24:11ff:fe9c:d668,443
2a0f:cdc6:500:3181::2,443
2a01:97a0:0:18:0:2:0:2,443
2a01:ecc0:cc0:27::2,443
2a0c:5d00:3002::1:5505:e0a9,8443
2a13:7c00:6:101:f816:3eff:fe5e:5760,443
2a05:fc1:40:8f::2,443
2a0c:16c0:510:1055::ab2d,443
2a0c:16c0:520:191::e853,443
2a0c:5d00:3002::3acc:a8df,443
2a05:7cc0:0:185:80:128:115:1,8443
2001:df1:7880:100::124a,443
2a02:27ac::1741,8443
2a03:b0c0:3:f0:0:2:acfc:7000,443
2a09:cd42:f:42ab::1,443
2a14:7c0:1002:177::,443
2a10:c943:100::535,443
2a0c:5d00:2002::a05c:f7d9,443
2a0b:4140:ef2b::2,443
2a0f:cdc6:500:2ab6::2,8443
2a01:e5c0:3e33::2,443
2a0c:5d00:3002::1:2ee9:e941,8443
2605:e440:7::ae,8443
2a01:ecc0:40:1bf0::2,443
2a0d:d940:12:c1::2,443
2a0a:9300:1:250::1,443
2a0a:9300:1:f91::1,443
2a01:ecc0:40:4a7::2,443
2a13:7c00:6:102:f816:3eff:fe97:daac,443
2a0f:f01:208:3ba::,443
2a10:1fc0:1::8730:40eb,443
2a0c:16c0:515:66e::beca,443
2a0c:16c0:510:ef5::93d5,8443
2a0b:4140:de59::2,2083
2a0c:5d00:3002::1:dce0:c742,8443
2a0d:6c2:24:a4d::,443
2a11:7e41:1:1::4d,8443
2a01:ecc0:4000:3ef::2,443
2a12:5940:5e77::2,443
2a0b:4140:c02d::2,2083
2a12:5940:34be::2,443
2a01:e5c0:4a61::2,443
2a0a:2b41:b:57a7::,8443
2a12:5940:1053::2,443
2001:67c:2f4c:2::234,443
2a0c:5d00:3002::1:ddef:c1a7,8443
2a0c:16c0:520:261::5c24,443
2a0b:4141:1820:6d8::2,443
2a0c:5d00:2002::b4b5:4bba,8443
2a0b:4140:6310::2,443
2a0e:dc0:2:543a::1,8443
2a0b:4141:820:819::2,443
2a01:e5c0:4d11::2,8443
2a01:e5c0:3e4b::2,443
2a0b:4140:d543::2,2053
2a04:b540:3000:1::a8,443
2a10:c943:100::107,8443
2a02:27ac::9d9,443
2a0b:4141:820:933::2,443
2a0a:9300:1:175c::1,443
2a0b:4140:6e05::2,443
2a03:f480:1:25::25,443
2403:18c0:5:614:be24:11ff:fede:3bfd,443
2a0b:4140:dfea::2,443
2a0a:9300:1:8ad::1,443
2a01:e5c0:675b::2,443
2a0b:4140:41c1::2,443
2a13:d201:3:87::1,443
2a0b:4140:358d::2,443
2a0c:16c0:510:91c::725a,2053
2a0a:9300:1:353::1,8443
2a13:7c00:6:18:f816:3eff:fe9c:6093,443
2a0b:4140:d340::2,8443
2a01:ecc0:200:5cc::2,443
2a0c:16c0:510:eea::b45c,443
2a12:5940:83e5::2,443
2a13:7c00:6:49:f816:3eff:feba:bb2c,443
2a0b:4140:d977::2,443
2a0c:16c0:510:729::9e37,443
2a12:bec4:1b50:56b::2,8443
2a0d:d940:1a:7206::2,8443
2a0b:4141:1820:34e::2,443
2a0b:4140:a7bd::2,2053
2a0c:5d00:2002::6d72:9834,443
2a06:1700:1:1bf::cbc9:da8d,2053
2001:df1:7880:6::52,443
2a10:c943:100::61a,443
2a13:d201:3:6::1,8443
2a12:bec4:1483:ee::2,443
2a13:7c00:6:55:f816:3eff:fea4:91a9,443
2a0d:6c2:24:b41::,443
2a03:f480:1:2e::75,8443
2a13:7c00:6:46:f816:3eff:fe4d:4394,8443
2a13:7c00:10:15:f816:3eff:fef2:fdee,2083
2001:df1:7880:100::135e,443
2a0f:f01:207:116::,443
2a0b:4141:820:1091::2,443
2a0c:5d00:3002::1:ca3e:767a,443
2a12:5940:2557::2,443
2a13:7e40:4:406f::1,443
2a13:7c00:6:11:f816:3eff:fe9b:6629,443
2a01:e5c0:7eb2::2,8443
2a0d:5600:142:19:0:1:e380:cec5,443
2a01:e5c0:2f21::2,443
2401:b60:e00e:702c:1234:5678:9abc:def0,8443
2a01:8640:f::12f6:a5fd,8443
2a0a:9300:1:11b9::1,8443
2001:67c:2474:0:be24:11ff:fe77:3b68,443
2a0c:5d00:3002::1:c246:f459,8443
2a0c:16c0:510:762::b495,443
2a13:7c00:6:26:f816:3eff:fec2:ca33,443
2a01:ecc0:200:994::2,443
2a0c:16c0:515:3ef::385b,443
2a0b:4140:54ee::2,443
2a0c:5d00:2002::40ca:ff34,443
2a01:e5c0:7bfb::2,443
2001:41d0:701:1100::b7ce,443
2a13:7c00:6:15:f816:3eff:fe05:4f04,443
2a0c:16c0:500:253::738a,443
2a03:f480:1:27::f8,8443
2a01:4f9:c010:c229::1,443
2a12:5940:16b6::2,2053
2400:8d60:6::94ff:c523,443
2a01:4f9:c014:205a::1,8443
2a12:5940:50a6::2,443
2a13:7c00:7:10:f816:3eff:fe96:55c1,443
2a0a:8c40::13b,8443
2a03:4000:66:dca:c828:13ff:fed2:cf6a,443
2a0a:8c42::df,443
2a03:b0c0:0:1051::1ec5:d000,443
2a12:bec4:1ac1:552::,2083
2a01:e5c0:43bd::2,443
2a01:e5c0:4261::2,443
2a12:bec4:150:32::2,443
2001:df1:7880:2::209,443
2a0b:4140:ebe2::2,443
2a0c:5d00:3002::1:ca86:54bf,8443
2a13:7c00:10:20:f816:3eff:fe66:dd53,443
2a01:ecc0:4000:999::2,443
2a12:bec4:1483:344::2,443
2a01:4f9:c013:f733::1,443
2a0a:9300:1:a7d::1,443
2a12:5940:231f::2,443
2a0c:16c0:515:88::7d32,443
2a0b:4140:69c8::2,443
2a01:ecc0:4000:682::2,443
2a01:e5c0:43cc::2,443
2a0a:8c40::332,2053
2a0b:4141:1820:716::2,443
2a0f:cdc6:500:2c68::2,443
2a0b:4143:0:15f::2,443
2a01:ecc0:200:199::2,443
2a12:5940:2833::2,443
2a11:3b80:1::3c81,443
2a01:4f9:c014:a65a::1,443
2a11:3b80:1::1de1,2053
2a01:e5c0:77b4::2,8443
2a13:d200:5:48::1,8443
2a01:cb0c:f8f:5d00:618f:24:ef3b:f96d,443
2a01:4f9:c013:7d44::1,443
2a12:5940:5112::2,443
2a0a:9300:1:dea::1,443
2a0d:d940:1a:2a0::2,443
2a03:b0c0:3:f0:0:1:f557:f000,443
2001:41d0:ab0a::4:0:171,2053
2a13:d200:13:33::1,443
2a01:ecc0:40:1ba4::2,443
2a01:ecc0:200:1aa::2,443
2a0c:5d00:3002::1:8365:2934,8443
2a0c:5d00:2002::848a:682f,443
2a13:a504::df,443
2001:978:1001:31f::,443
2a0b:4140:6836::2,443
2a01:4f9:c013:692::1,443
2001:df1:7880:100::50d,443
2a09:cd41:f:4306::1,443
2a0c:5d00:3002::1:5b8b:4237,443
2a02:7b40:b0df:8c8d::1,443
2a03:f80:358:cbb0::1,443
2a0d:d940:1a:738::2,443
2a0b:4140:b6d2::2,443
2a01:e5c0:7742::2,443
2a0f:cdc6:500:15e6::2,443
2a12:bec4:1483:6ba::2,8443
2a12:bec4:1821:11b::a,443
2a01:4f9:c011:6867::1,443
2a01:4f9:c014:b095::1,443
2a04:5201:2::7bb,8443
2a0d:6c2:24:249::,443
2a0a:7d80:3:2::397,443
2a01:e5c0:7c98::2,443
2403:27c0:2000::103,8443
2a13:7c00:6:26:f816:3eff:fe11:a5de,443
2a01:ecc0:200:6f::2,443
2a0c:5d00:3002::1:b99e:ca39,443
2a0f:cdc6:500:bb5::2,8443
2a02:27ac::1749,2083
2a01:ecc0:40:25c6::2,443
2a01:ecc0:400:86::2,8443
2a0b:4141:820:13fa::2,443
2a01:4f9:c015:fbfb::1,443
2a13:7c00:10:22:f816:3eff:febe:a3e,8443
2a0d:d940:1a:daa::2,443
2a01:4f9:c014:7705::1,443
2a13:7c00:6:15:f816:3eff:fe17:e055,8443
2a01:e5c0:4377::2,443
2a0d:6c2:24:3dc::,8443
2a0d:d940:1a:729b::2,443
2a0f:cdc6:500:a36::2,443
2400:c620:22:245::a,443
2001:41d0:601:1100::7274,443
2a01:4f9:c012:34bb::1,443
2a09:bac5:31ca:2db9::48e:12,8443
2a0a:8c42::1fe,8443
2a01:ecc0:4c0:3b::2,443
2a0a:9300:1:44a::1,8443
2a01:e5c0:3f7c::2,2087
2a01:4f8:1c1b:201e::1,443
2a01:ecc0:400:711::2,443
2a12:b3c0:3:5::1,443
2a01:ecc0:d00:175::2,443
2401:2660:1000:93c:82bc:268b:5ca8:cb4c,443
2a0a:9300:1:18f8::1,443
2a0b:4140:6229::2,443
2a12:5940:349b::2,8443
2a12:bec4:1485:414::2,2053
2a0a:9300:1:2be::1,443
2a01:ecc0:4000:9a2::2,443
2a0c:5d00:3002::a27d:5323,443
2a0c:5d00:2002::a05c:fa5d,443
2a0c:16c4:500:1eb::8ad9,443
2a13:7c00:6:28:f816:3eff:fe34:e2aa,8443
2403:18c0:5:593:be24:11ff:fe5e:d30c,443
2a01:e5c0:235e::2,8443
2a13:7c00:6:113:f816:3eff:fec4:1e91,2053
2a10:f2c0:aaa8:3363::1,443
2a0c:5d00:2002::da09:437a,443
2a13:7c00:10:14:f816:3eff:fe73:f44a,2087
2a03:f480:1:7::d1,8443
2a01:239:496:ad00::1,443
2a13:7c00:6:33:f816:3eff:fe34:8982,443
2a0d:6c2:24:549::,443
2a01:ecc0:40:11b2::2,443
2401:1fe0:2::79e,443
2a01:e5c0:2a82::2,443
2605:e440:20::12a,443
2a01:e5c0:6224::2,443
2a01:ecc0:4000:5fc::2,2053
2a0a:9300:1:360::1,443
2a0a:9300:1:ce7::1,443
2a12:bec4:1483:6e4::2,443
2a0c:5d00:3002::1:bc20:e82b,443
2a02:27ac::c61,443
2a0b:4140:c622::2,443
2a01:f500:2:4700::a,443
2a10:1fc0:1::ec9e:f601,443
2a01:e5c0:6000::2,443
2a0a:2b41:3:c103::,443
2a11:3b80:1::14e9,8443
2605:e440:4::3:117,443
2a12:bec4:1480:23d::2,443
2a04:3545:1000:720:64e3:a8ff:feb7:be0,8443
2a04:3545:1000:720:1030:d2ff:fecc:69d7,443
2a12:5940:2699::2,443
2a12:5940:3d41::2,8443
2a01:4f9:c014:dea6::1,8443
2a01:7a7:2:3343:216:3cff:fe0e:e4e8,443
2a0a:9300:1:c25::1,443
2a01:e5c0:4592::2,8443
2a03:b0c0:3:f0:0:1:fdb0:d000,443
2001:df5:8300:4000::cd,8443
2401:1fe0:6::61e,443
2a12:bec4:1483:3c9::2,443
2a01:e5c0:46a9::2,443
2a0c:16c0:515:3f8::3ba8,8443
2a0b:4140:38e2::2,443
2a01:e5c0:4d1f::2,8443
2a12:bec4:1483:319::2,443
2a12:b3c0:3:56::1,8443
2a12:c740::54e4:b530,443
2a01:e5c0:7b78::2,443
2a01:4f9:c011:2558::1,443
2a13:d200:13:31::1,443
2400:f880:1c:2849:b733:ff39:cec1:43a7,443
2a0d:d940:1a:1887::2,2053
2a01:4f9:c014:16ac::1,8443
2a01:ecc0:500:212::2,443
2a0f:cdc6:500:86e::2,443
2a0c:16c0:520:4a8::42c7,443
2a0a:4cc0:80:2183:783e:68ff:fe2d:7e29,443
2a01:ecc0:5000:f9d::2,443
2a0c:5d00:3002::1:8494:97b2,2053
2a12:5940:1a6d::2,443
2a01:ecc0:40:b19::2,443
2a0b:4140:940a::2,443
2a0d:d940:12:56::2,443
2a0c:16c4:500:3a3::ca47,443
2403:18c0:5:ad3:be24:11ff:fe8a:9469,443
2a01:4f9:c014:cd38::1,443
2a03:f480:3:2::29,443
2a0a:8c40::291,443
2a0b:4140:69f3::2,443
2a0a:9300:1:f84::1,443
2a0d:d940:1a:54e::2,443
2a03:f480:1:24::5,8443
2a12:5940:32e1::2,443
2a0f:cdc6:500:177f::2,443
2a13:d200:5:49e::1,443
2001:df1:7880:100::1ccd,443
2a03:f480:1:26::36,8443
2a01:ecc0:c80:1da::2,443
2a01:4f9:c011:4602::1,443
2a01:ecc0:40:1a49::2,443
2a0c:16c0:500:163::2a3b,443
2a0d:6c2:24:8110::,8443
2a0b:4140:d14f::2,8443
2a0c:5d00:2002::189:1ba4,8443
2a01:ecc0:200:1444::2,443
2a13:7c00:6:3:f816:3eff:fe3b:7081,443
2a0c:16c0:500:a2::46ad,443
2a01:8740:1:e37::acdb,443
2a01:4f9:c014:5c2e::1,2053
2a01:4f9:c012:33b7::1,8443
2a13:7c00:6:32:f816:3eff:fe37:15a4,443
2a01:e5c0:264f::2,443
2a0f:cdc6:500:3128::2,8443
2a0f:cdc6:500:1528::2,443
2a0c:5d00:2002::8aa1:c57d,2053
2400:f880:49e:e722::3f7d,443
2a01:e5c0:3dfb::2,2096
2a01:e5c0:7e1b::2,443
2a01:4f9:c011:55e4::1,443
2a01:e5c0:6202::2,443
2001:470:6c:2c4::2,443
2a0b:4140:9c05::2,443
2a03:b0c0:3:f0:0:2:b5d9:6000,443
2a0a:2b41:5:bb97::,443
2a0c:16c0:515:ad7::7db8,443
2603:c022:4000:b2ee:0:6cc5:fc4a:3816,443
2a01:ecc0:d00:1e3::2,8443
2401:2660:1000:11eb:6138:9173:4393:c044,443
2401:e9e0::b2,8443
2a0b:4140:d494::2,2053
2a12:bec4:1821:627::a,443
2a03:b0c0:3:f0:0:1:fd65:0,443
2a12:bec4:1485:487::2,443
2a0b:4140:a8d6::2,443
2a12:bec4:1ac1:2f9::,443
2a01:ecc0:6000:ebc::2,443
2a14:1ec7:f710:82c::1,8443
2001:df1:7880:2::18e7,443
2a01:e5c0:32b3::2,8443
2a01:ecc0:5000:3b::2,443
2a01:4f9:c014:5159::1,2083
2a0d:6c2:24:b70::,443
2a01:ecc0:6000:a7e::2,443
2a01:5a60:11::3e,2083
2603:c023:c000:2d22:ceb0:54bb:ee50:da9a,443
2a0c:16c0:510:ecd::2b6e,443
2a01:8640:1d::40f7:3b57,443
2a01:ecc0:4c0:76b::2,443
2a0d:6c2:24:3f::,443
2a0d:c740:2c:3e28::1,443
2a0f:cdc6:500:13dd::2,443
2a0b:4140:ef57::2,8443
2a0c:5d00:2002::592d:2b4,443
2a0b:4140:663f::2,8443
2a06:f907:4001:100::27,443
2001:49f0:d10d:100:1500::,443
2a01:4f9:c014:901b::1,443
2a01:ecc0:4000:6f4::2,443
2a01:e5c0:6793::2,443
2001:df1:7880:2::1913,443
2a01:e5c0:6faa::2,2053
2a0c:16c0:515:652::9a4b,443
2a13:a504::19f,8443
2a0c:16c0:520:67b::d42c,8443
2a12:5940:4501::2,443
2a01:4f9:c013:37db::1,443
2a0b:4140:ef89::2,443
2a02:7b40:50d1:e733::1,443
2a01:ecc0:c80:55::2,443
2a01:ecc0:400:9c6::2,443
2a01:ecc0:1000:1617::2,443
2a09:81:200:aaaa:f816:3eff:fe62:f909,443
2a0d:d940:1a:9c3::2,8443
2a0c:5d00:3002::9eeb:afad,2053
2a01:4f9:c013:91d6::1,443
2a0b:4140:e1a8::2,443
2001:67c:2f4c:2::ff,443
2a01:ecc0:40:6cf::2,443
2605:e440:7::3:4c,443
2a03:6f01:1:2::1:133c,443
2a01:e5c0:6749::2,443
2a01:ecc0:c80:25a::2,443
2001:41d0:601:1100::5052,443
2a0c:16c0:520:6bc::d59a,443
2400:f880:d05:5a95::933,443
2401:2660:1000:1fa5:edef:19b6:5f77:4170,443
2a0b:4141:820:9a5::2,443
2a01:ecc0:1000:624::2,443
2a0a:8c40::15b,443
2a01:ecc0:1004:e100::2,8443
2a12:bec4:1485:2fb::2,443
2a01:ecc0:6000:6fe::2,443
2a0c:16c0:500:438::b74a,443
2a01:4f9:c014:617f::1,443
2a01:239:2b8:df00::1,8443
2a0c:16c0:520:60b::63bc,8443
2605:e440:7::3:158,443
2a03:b0c0:3:f0:0:1:97dd:e000,443
2401:1fe0:1::c03,443
2a01:4f9:c011:3ae1::1,443
2a0d:d940:1a:18da::2,443
2a0b:4140:3306::2,2087
2a05:fc1:40:8f::3,443
2a01:ecc0:c40:11a::2,443
2a0f:6282:21b::1,443
2a01:ecc0:6000:9cb::2,443
2a0d:6c2:24:b8e::,443
2a0c:16c0:505:bfd::cb6a,2096
2a0b:4140:c1f2::2,443
2a01:e5c0:6ded::2,443
2a14:4900:2202:e8f::42,443
2a01:ecc0:1008:db00::2,443
2a0f:cdc6:500:98::2,443
2a01:ecc0:6000:d0a::2,443
2a0c:5d00:3002::1:cfa:8933,443
2a0c:16c0:515:a33::e426,443
2a10:1fc0:9:0:216:3cff:fe85:bc32,8443
2a03:f480:1:24::55,443
2a01:4f9:c014:e6da::1,443
2a12:bec4:1481:15e::2,443
2a13:7c00:6:22:f816:3eff:fe8c:27e1,443
2a0a:2b41:4:91ba::,443
2a02:7b40:3e4d:9ea4::1,8443
2a01:ecc0:4000:673::2,8443
2a01:4f9:c014:a195::1,8443
2a01:4f9:c013:f42::1,443
2a06:1700:1:143::1d98:af4c,8443
2a0c:16c0:510:b57::3b49,443
2a01:ecc0:500:777::2,2083
2a12:5940:2dda::2,443
2a01:4f9:c013:85c9::1,443
2a13:7c00:10:16:f816:3eff:fec1:4813,443
2a0b:4140:a7fc::2,443
2a01:4f9:c013:1315::1,443
2400:f880:521:adc7::404d,443
2a03:4000:13:81c:b457:32ff:fe8d:2832,443
2a12:5940:12d3::2,443
2a03:f480:1:13::be,443
2001:df1:7880:100::18cc,443
2401:1fe0:2::3de,443
2a01:4f9:c012:3c9b::1,443
2a0c:16c0:500:125::ec92,443
2a01:e5c0:109f::2,443
2a0b:4140:6976::2,443
2a0c:16c0:510:d2c::378b,443
2605:e440:38::295,443
2001:df1:801:a022::163:a,443
2a0b:4140:d74c::2,443
2a0b:4140:6279::2,443
2a0a:9300:1:e4c::1,443
2400:c620:22:33c::a,443
2401:2660:2:156::a,443
2a01:4f9:c014:e92e::1,8443
2a01:e5c0:679b::2,443
2a01:ecc0:6000:b70::2,443
2a0c:16c0:505:2bd::b3d8,443
2a01:ecc0:400:486::2,8443
2a01:8740:1:5c8::36ba,8443
2a0a:2b41:5:dd26::,443
2a01:ecc0:4000:665::2,2053
2a01:ecc0:5000:10af::2,443
2a12:bec4:1b50:27d::2,443
2a13:7c00:6:44:f816:3eff:fe31:5c7,443
2a01:4f9:c012:d450::1,443
2a01:4f9:c012:11e::1,443
2001:df1:801:a022::37:a,443
2a01:4f9:c014:e09d::1,8443
2a01:ecc0:6000:988::2,443
2a01:ecc0:6000:be4::2,8443
2a0b:4140:c0bf::2,443
2a01:4f9:c014:c332::1,443
2a01:ecc0:5000:a62::2,8443
2401:2660:2:1d2::a,443
2a0c:16c0:520:45d::7eb9,443
2a01:5a60:11::21,443
2001:14ba:442b:d800::199,443
2a03:6f01:1:2::c3e7,443
2a01:e5c0:102a::2,443
2a0c:16c0:510:48b::9acd,443
2a0b:4140:9c63::2,443
2a01:ecc0:6000:1dd::2,443
2a01:8740:1:866::4b57,8443
2a01:4f9:c012:74bc::1,443
2a04:3545:1000:720:64e3:a8ff:feb7:c,443
2a01:e5c0:30b9::2,443
2a12:5940:a96d::2,443
2a0c:5d00:2002::97df:64fb,8443
2a06:1700:1:2e::3738:3043,443
2a06:1700:1:129::b4f1:2cd9,2096
2a01:ecc0:5000:78b::2,8443
2a01:4f9:6a:4ccb::2,443
2a01:e5c0:3e71::2,443
2a01:e5c0:24f6::2,443
2a01:4f9:c014:dbe5::1,2096
2a0d:6c2:24:311::,443
2a01:7a7:2:3343:216:3cff:fe25:389f,8443
2a0d:d940:1a:4b::2,443
2a12:bec4:1483:34f::2,443
2406:da12:814:8602:7c8a:1f92:7161:4a9f,443
2a01:8740:1:5e5::c8a9,8443
2a01:5a60:13::62,8443
2a0b:4140:5605::2,443
2a01:4f9:c010:9895::1,8443
2a01:4f9:c013:33c3::1,443
2a13:7c00:10:3:f816:3eff:fea0:5def,443
2a01:e5c0:7c5b::2,443
2a13:adc0:1:0:5054:ff:fe54:48b1,443
2a01:4f9:c012:dca::1,8443
2a0d:6c2:24:6c0::,443
2a01:4f9:4b:1682::2,443
2a02:7b40:50d0:e3a2::1,443
2a0b:4140:676d::2,443
2a10:f2c0:aaa8:603d::1,443
2a01:ecc0:6000:689::2,443
2a0c:16c0:505:3c5::bc85,443
2a01:e5c0:3691::2,443
2a0b:4140:5673::2,8443
2a0d:d940:1a:1abc::2,443
2a01:e5c0:6ee7::2,443
2a13:7c00:6:15:f816:3eff:fef5:f8e0,8443
2a01:ecc0:1001:9600::2,443
2001:df1:801:a022::2b2:a,443
2a01:ecc0:6000:bb::2,443
2a0b:4140:cbe6::2,8443
2a01:e5c0:2b86::2,2053
2a01:e5c0:68e5::2,443
2a0c:5d00:2002::72a4:7b4a,443
2a0c:16c0:510:24c::b9ae,443
2a0b:4141:820:494::2,443
2a01:ecc0:500:53d::2,443
2a13:7c00:10:5:f816:3eff:feb3:1a86,443
2001:41d0:601:1100::1642,2053
2a01:4f9:c012:522d::1,8443
2a0b:4141:1820:2dc::2,443
2a03:b0c0:1:e0:0:1:9fbf:f001,2087
2a03:90c0:395::722,8443
2a01:8740:1:537::8a5e,443
2a12:bec4:1483:2be::2,8443
2001:df1:7880:100::1ac8,443
2a01:4f9:c013:2cb5::1,443
2a05:541:141:4f::1,443
2401:1fe0:6::522,443
2a01:ecc0:4000:819::2,443
2a0a:9300:1:115f::1,443
2a01:ecc0:500:f0::2,8443
2a12:5940:1eaf::2,443
2a01:e5c0:78f2::2,443
2a0c:16c3:500:1e4::3248,443
2605:e440:7::320,8443
2a01:4f9:c015:9f2f::1,8443
2a01:ecc0:500:28e::2,2053
2a01:4f9:c014:dbe7::1,443
2a0c:5d00:3002::b661:37e2,443
2a01:4f9:c015:f3ae::1,443
2a01:ecc0:1000:63d::2,2053
2400:f880:d05:5a95::4487,443
2a01:ecc0:6000:893::2,2053
2a13:7c00:6:54:f816:3eff:fe45:259b,443
2a0b:4140:904b::2,443
2a01:ecc0:5000:1711::2,443
2a01:4f9:c011:61dc::1,443
2a01:4f9:c013:1504::1,443
2a0c:16c0:510:14b::48e6,443
2a0c:16c0:510:5b6::28e4,443
2a13:7c00:6:8:f816:3eff:fe08:a434,443
2a01:ecc0:5000:1e56::2,443
2a01:ecc0:6000:44e::2,443
2a0b:4140:a124::2,8443
2a01:ecc0:200:61c::2,443
2401:2660:250:d4fd::3,443
2a0d:d940:1a:38a::2,443
2a12:bec4:1483:2e6::2,443
2a01:ecc0:5000:1074::2,2087
2a01:4f9:c015:c738::1,443
2a13:7c00:6:15:f816:3eff:fe53:ea0b,443
2a0b:4140:55bb::2,443
2a0a:2b41:7:16cc::,443
2605:e440:13::3:d4,443
2a10:c943:100::398,443
2a01:4f9:c012:d75::1,443
2a12:bec4:1483:254::2,8443
2a0a:9300:1:962::1,8443
2a01:4f9:c014:3e1::1,443
2a0c:16c0:510:cd6::78a5,443
2a01:ecc0:c80:250::2,2053
2605:e440:13::3:14e,443
2a0b:4140:9bb4::2,443
2a14:c380:90:61::a,443
2a07:5741:0:f1f::1,8443
2001:df1:7880:3::1bb,443
2a01:4f9:c012:5c90::1,443
2a01:4f9:c015:13fc::1,443
2a12:bec4:1483:4c::2,8443
2a12:bec4:1b50:7d::2,443
2a12:5940:5def::2,443
2a01:e5c0:7003::2,443
2a0d:6c2:24:935::,8443
2a01:e5c0:641b::2,443
2a01:ecc0:540:216::2,443
2a0a:9300:1:15e5::1,443
2a01:e5c0:6057::2,443
2a01:4f9:c014:50b5::1,443
2a12:5940:5441::2,443
2a12:5940:61f4::2,443
2a0c:16c0:505:5c0::4de6,443
2a01:ecc0:500:10f::2,443
2a00:6d40:72:101::52e,443
2a12:5940:4085::2,443
2401:1fe0::31a,443
2a0b:4140:a00d::2,443
2a01:4f9:c013:20f9::1,2083
2a01:4f9:c014:4f1b::1,8443
2a01:e5c0:1361::2,443
2a01:4f9:c014:31f8::1,443
2a12:5940:5708::2,443
2a0e:bfc0:0:30::d625,8443
2a01:e5c0:6c46::2,443
2a01:7a7:2:3343:216:3cff:feae:eb02,2053
2a01:e5c0:1354::2,443
2a01:4f9:c011:4c7d::1,443
2401:2660:1001:2e9:eafe:ad2f:9de8:24db,443
2a01:ecc0:400:206::2,443
2a01:4f9:c014:2ecf::1,443
2a13:7c00:6:48:f816:3eff:fe4c:952d,443
2a12:bec4:1b50:5a5::2,8443
2a0c:5d00:3002::1:39d5:3423,443
2401:2660:1000:1da4:d781:7fe4:3908:6a0f,443
2a0e:97c0:7d7:1cf7:ef4b:2c1:473b:cd64,443
2a01:e5c0:2017::2,2053
2a01:8740:1:ed8::d3b5,443
2401:2660:1000:116f:3369:8f48:3194:81e5,8443
2a0a:2b41:4:ed28::,443
2a01:ecc0:1000:bd3::2,443
2401:1fe0:2::552,443
2a03:6f00:4::51d1,443
2a01:4f9:c012:3248::1,2053
2a0b:4140:35bd::2,443
2a02:d107:f00a:8001:0:2:0:74,8443
2400:f880:49e:e722::34dd,8443
2a01:4f9:c013:cdbc::1,443
2a12:bec4:1483:246::2,443
2a0b:4140:c231::2,2053
2a01:4f9:c012:92c7::1,443
2a10:f2c0:aaa8:3b9f::1,443
2a13:7c00:10:18:f816:3eff:fe0a:89cb,443
2a01:ecc0:400:6a6::2,443
2a0b:4140:ae34::2,443
2a13:7c00:6:26:f816:3eff:fea1:6a0c,443
2001:978:1001:31c::,443
2a13:7c00:10:12:f816:3eff:fe5a:24a7,443
2a01:ecc0:1000:1d02::2,443
2a0b:4140:c2fb::2,443
2001:978:1001:385::,443
2a01:4f9:c012:b056::1,443
2a12:5940:84a3::2,443
2a01:4f9:c015:b3c7::1,443
2a01:4f9:c010:877d::1,443
2001:41d0:601:1100::90a9,443
2001:df1:7880:100::594,443
2a01:e5c0:629a::2,443
2400:8d60:6::8fb5:53a0,443
2a01:ecc0:40:18ff::2,443
2a10:c943:100::86a,2053
2a0d:6c2:24:35d::,2053
2a13:7c00:6:5:f816:3eff:feb8:eb1d,443
2a01:ecc0:6000:37c::2,8443
2a0a:9300:1:e14::1,443
2a01:ecc0:5000:12a4::2,443
2a13:7c00:6:18:f816:3eff:fee5:e01c,443
2a01:ecc0:1000:9700::2,8443
2a0b:4140:3239::2,8443
2a0a:8c40::1b3,443
2a0c:16c0:505:76c::b74d,443
2a01:ecc0:5000:1c1::2,2096
2a0b:4140:3392::2,8443
2001:978:1001:46c::,443
2a13:7c00:6:9:f816:3eff:fed5:9118,443
2607:fa98:4000:7::89,443
2001:67c:2f4c:2::4b3,443
2401:1fe0:2::471,443
2a03:6f01:1:2::1:12cd,443
2a03:f480:1:25::67,8443
2a01:e5c0:7437::2,443
2400:f880:521:adc7::42b3,443
2a10:1fc0:10:0:216:3cff:fe37:282e,8443
2a01:5a60:12::40,443
2a01:e5c0:3e97::2,8443
2401:1fe0:6::276,443
2a01:4f9:c010:b8fa::1,443
2a01:4f9:c014:416::1,443
2a14:a084:f333::2,443
2605:e440:13::3:13e,443
2a01:4f9:c012:bf25::1,443
2001:df5:8300:8004::3f,443
2a03:4000:55:c32:883b:d7ff:fe9b:dee,8443
2a01:4f9:c010:bd62::1,443
2a01:4f9:c012:f3fb::1,443
2a0d:d940:1a:74d9::2,443
2a13:7c00:6:34:f816:3eff:feb4:fe13,443
2a01:e5c0:35da::2,8443
2a0b:4140:6791::2,443
2a01:4f9:c011:3d4a::1,2053
2a01:ecc0:c00:9d::2,443
2a03:f80:371:b0c2::1,443
2a0b:4140:541d::2,8443
2a01:4f9:1a:9dec::2,443
2a0f:cdc6:500:810::2,443
2a01:e5c0:2025::2,8443
2a13:d201:0:d5::1,8443
2a13:7c00:10:16:f816:3eff:fe70:f0a8,443
2a01:ecc0:c40:b3::2,8443
2401:1fe0:2::65b,443
2605:e440:4::262,443
2a07:5741:0:1585::1,443
2a01:4f9:c011:17a3::1,8443
2a01:4f9:c015:ff6c::1,443
2a01:4f9:c014:a534::1,443
2a01:4f9:c015:9bd3::1,443
2a01:ecc0:500:688::2,8443
2a0b:4140:63cc::2,443
2001:df1:7880:6::c7,443
2a10:c943:100::314,8443
2a07:9280:0:4::1d,443
2a01:e5c0:38ab::2,8443
2401:1fe0:6::6a5,443
2a0c:16c0:510:1af::6a85,8443
2a01:ecc0:b00:160::2,8443
2a0c:16c0:510:a6b::cead,8443
2a02:c207:2337:7680::1,443
2401:1fe0:6::66f,8443
2a01:4f9:c014:b12c::1,443
2a01:4f9:c012:9a2e::1,8443
2a01:e5c0:60b7::2,443
2a0c:5d00:3002::1:a06b:eb7b,443
2a01:e5c0:3bf1::2,443
2a0c:16c0:520:563::d38c,443
2a01:ecc0:1000:c64::2,443
2a0b:4140:5275::2,443
2a03:f480:1:18::2f,443
2a13:7c00:6:14:f816:3eff:fe00:9889,443
2a02:7b40:c287:5522::1,443
2a12:bec4:1485:434::2,2053
2400:8d60:6::c366:72a3,443
2a0c:16c0:510:5f6::3d8a,443
2a01:ecc0:6000:f2c::2,443
2a01:4f9:c013:a053::1,443
2a12:5940:8ab7::2,443
2a0b:4140:3c16::2,2083
2a01:ecc0:6000:412::2,443
2a01:4f9:c014:ec80::1,443
2a0c:5d00:3002::b80b:c102,443
2a01:4f9:c012:ceae::1,443
2a0b:4140:356b::2,443
2401:1fe0:1::a2,443
2a0b:4140:a533::2,2053
2a11:3b80:1::64e9,443
2a01:ecc0:6000:82c::2,443
2a01:e5c0:28d5::2,443
2a12:bec4:1481:3ff::2,443
2a02:27ac::df9,443
2a0c:5d00:3002::1:7445:b648,443
2a0b:4141:820:1ae7::2,443
2a0c:5d00:3002::1:4c5d:33d,443
2607:fa98:4000:7::85,8443
2a03:f480:1:24::44,8443
2001:67c:2f4c:2::3c1,443
2a13:7c00:10:23:f816:3eff:fee5:7358,8443
2a01:ecc0:6000:6e9::2,443
2a01:ecc0:500:61a::2,443
2a01:4f8:fff0:124:3::10,443
2a12:bec4:1b50:420::2,2053
2a0b:4140:c369::2,443
2a01:e5c0:43f5::2,443
2a0b:4140:c1cc::2,2053
2a01:e5c0:62eb::2,443
2a01:ecc0:6000:ac2::2,8443
2605:e440:13::3:24d,443
2a0b:4140:c4ce::2,443
2a13:7c00:6:56:f816:3eff:fe27:eb05,443
2a01:ecc0:1003:ee00::2,443
2a0a:9300:1:12fa::1,443
2a01:e5c0:3b3d::2,443
2a13:7c00:6:28:f816:3eff:fead:794,443
2a01:8740:1:e02::75bd,443
2a0a:9300:1:17c9::1,443
2a13:7c00:6:55:f816:3eff:fe26:c6c,443
2605:e440:21::2d6,8443
2a13:a504::18e,8443
2a01:e5c0:4dab::2,443
2a01:ecc0:500:448::2,443
2a01:4f9:c011:2040::1,8443
2401:1fe0:6::45f,2087
2a01:ecc0:1000:c2c::2,443
2a0b:4140:9ab9::2,8443
2a0a:9300:1:5e::1,443
2a13:7c00:6:35:f816:3eff:fe75:191e,443
2a01:ecc0:500:4b4::2,443
2a0d:d940:1a:186b::2,443
2a0b:4140:ee8d::2,443
2a01:e5c0:3bcc::2,2053
2406:da1e:788:1900:f41b:19f:b5d8:d245,443
2a0c:5d00:2002::b2aa:3769,443
2a0c:5d00:3002::d0bf:794c,443
2607:fa98:4000:7::32,8443
2a01:ecc0:c80:13f::2,443
2a01:ecc0:1005:6100::2,8443
2400:8d60:6::c1fc:5304,443
2a10:ab80:3fd:7::2,8443
2605:e440:7::1:31e,443
2a0b:7140:7:1:5054:ff:fe03:a545,443
2a01:4f9:c010:4d90::1,443
2a01:4f9:c013:9cfd::1,443
2a01:4f9:c012:88c8::1,8443
2400:f880:49e:e722::3ad1,443
2a01:e5c0:6882::2,443
2a13:7c00:6:34:f816:3eff:fe6d:9e30,443
2a01:4f9:c015:8b96::1,443
2a13:7c00:6:26:f816:3eff:fed9:2382,443
2a01:ecc0:6000:b::2,443
2a0b:4140:ec67::2,443
2a01:ecc0:4000:2de::2,443
2a01:4f9:c014:5064::1,443
2a12:5940:c407::2,8443
2a01:4f9:c011:42a::1,443
2a0b:4140:cfe0::2,2096
2a01:e5c0:7c96::2,2087
2a13:7c00:10:26:f816:3eff:fe97:b944,443
2a01:e5c0:6e3c::2,443
2a13:d207:501::1,2053
2a01:ecc0:5000:17e8::2,443
2a0b:4140:a441::2,443
2a01:ecc0:540:13c::2,8443
2a13:7c00:6:35:f816:3eff:fe6d:d230,443
2a01:ecc0:6000:bc5::2,443
2a01:8740:1:5d0::cd96,443
2a01:ecc0:5000:c01::2,443
2a01:4f9:c011:710b::1,8443
2a01:e5c0:322f::2,8443
2a01:4f9:c015:782::1,443
2a01:4f9:c012:289a::1,443
2a01:ecc0:200:9b::2,443
2a0b:4140:a551::2,443
2a0c:16c0:510:d39::d864,443
2a01:ecc0:1000:1d0f::2,443
2a01:ecc0:1002:400::2,443
2a01:4f9:c014:3698::1,2096
2a0c:5d00:3002::1:6606:52b1,443
2a12:5940:7db3::2,443
2a01:4f9:c013:712e::1,8443
2a01:e5c0:618a::2,443
2a01:ecc0:4000:5fe::2,8443
2a01:4f9:3b:4b1d::1,443
2a12:5940:8fe1::2,443
2a13:7c00:10:24:f816:3eff:fe22:352a,443
2a09:bac5:3983:16dc::247:117,2087
2a01:4f9:c011:5dfd::1,443
2a0c:b641:6f0:58::2,8443
2a06:c5c0:900:23::1,443
2a0b:4140:3390::2,443
2a01:ecc0:6000:9d9::2,8443
2a12:bec4:1483:d0::2,443
2a10:c943:100::2e4,443
2a01:e5c0:7104::2,443
2a01:4f9:c014:3292::1,8443
2a01:4f9:c014:f39::1,8443
2a0e:dc0:2:db42::1,443
2a01:e5c0:3bdd::2,443
2a01:ecc0:1000:60c::2,443
2a01:8740:1:e97::4563,443
2a13:d201:0:6::1,8443
2a01:4f9:c010:cecb::1,443
2a0a:2b41:2:46c2::,443
2a01:4f9:c012:ecb9::1,443
2a01:e5c0:61b3::2,443
2a02:2455:1827:1800:2f9e:7400:67a:fb25,443
2001:41d0:601:1100::5f4a,443
2a0b:4140:c23a::2,443
2a01:e5c0:6e4e::2,443
2a0d:6c2:24:7da::,443
2a0b:4140:9c1a::2,443
2a01:ecc0:1000:3822::2,443
2a03:f480:1:18::cb,8443
2a01:e5c0:6950::2,8443
2a01:4f9:c012:3fa1::1,8443
2a0b:4140:cfcc::2,443
2a01:e5c0:773f::2,8443
2a06:1700:1:212::6705:dbb7,443
2a01:e5c0:70e5::2,8443
2a03:f80:370:1f3::1,8443
2a01:e5c0:7675::2,443
2a01:4f9:3080:2fac::2,443
2a0b:4140:655c::2,443
2a13:d201:2:e4::1,443
2a01:4f9:c015:4c24::1,443
2a13:7c00:6:43:f816:3eff:fead:a581,443
2a01:4f9:4b:46cd::1,443
2a04:3540:1000:310:94cb:8aff:fecb:5ee8,443
2a0b:4140:a75c::2,443
2a01:e5c0:74b7::2,2096
2001:df1:801:a022::443:a,443
2a01:4f9:c013:18c7::1,443
2a01:ecc0:1005:3400::2,8443
2a06:1700:0:71e::f315:9730,443
2605:e440:20::17f,8443
2a01:ecc0:1000:d00::2,443
2a0a:9300:1:1231::1,443
2a01:4f9:c012:3d65::1,8443
2a06:1700:1:1f3::3c9f:7665,2053
2a12:5940:4abb::2,443
2a04:5201:2::94,443
2a05:f480:2c00:199a:5400:6ff:fe23:b600,443
2a01:5a60:11::1,443
2a01:e5c0:7682::2,8443
2a01:e5c0:3dad::2,443
2a01:4f9:c012:6427::1,443
2001:41d0:601:1100::2de7,8443
2a0d:6c2:24:2f7::,8443
2a01:ecc0:6000:3d2::2,443
2a0b:4140:64c9::2,443
2a06:1700:0:8df::92b5:13df,443
2a01:4f9:c012:37ce::1,8443
2a0a:8c40::3e0,443
2605:e440:21::31d,8443
2a05:f480:2c00:175b:5400:4ff:fea6:6a94,8443
2a01:4f8:c010:4516::1,2053
2a01:ecc0:6000:544::2,443
2a01:e5c0:3f94::2,8443
2a09:bac5:31c9:2db9::48e:54,443
2a01:ecc0:6000:481::2,443
2a0c:16c0:510:a34::279c,443
2a0a:9300:1:6bc::1,8443
2a01:4f9:c014:67da::1,2053
2a01:e5c0:398c::2,443
2001:67c:2f4c:2::a8,443
2a0c:16c0:515:248::de73,443
2602:fcc0:3334:4b45::1,443
2a12:bec4:1481:311::2,8443
2a0b:4140:d579::2,8443
2a01:e5c0:74b4::2,443
2a01:8740:1:eb0::9625,443
2a01:4f9:c014:773b::1,2053
2a01:4f9:c011:9e08::1,443
2a01:ecc0:1006:4a00::2,443
2a01:ecc0:6000:acc::2,8443
2a04:ac00:9:367::,8443
2a0b:4140:653e::2,8443
2a0b:4140:9ab4::2,443
2a0b:4140:524d::2,443
2a01:ecc0:540:130::2,443
2a0b:4140:a6e1::2,443
2a10:c943:100::196,443
2a01:4f9:c011:2850::1,8443
2a01:e5c0:6a1f::2,8443
2a0c:16c0:515:1cd::4c7b,443
2a12:5940:4e34::2,8443
2a01:4f9:c012:15ea::1,2096
2a0b:4141:1820:660::2,443
2a01:4f9:c014:81fe::1,443
2a12:5940:4d00::2,443
2a0a:9300:1:dbf::1,443
2a0b:4140:3e23::2,443
2a0b:4140:9435::2,443
2a01:ecc0:4000:325::2,443
2a01:ecc0:6000:cb1::2,443
2a13:7c00:10:21:f816:3eff:fe60:d247,8443
2a01:4f9:c012:89aa::1,443
2a0b:4140:98c4::2,443
2a01:ecc0:5000:7d::2,443
2a01:e5c0:6586::2,2053
2a04:2180:dc05:257::64:3,443
2a0c:5d00:3005::675e:718f,2096
2a0b:4140:341c::2,443
2a0b:4140:6161::2,443
2001:67c:2f4c:2::28b,443
2a01:230:4:cd2::2,443
2804:4870:6000:0:1c00:d1ff:fe00:67e,443
2a12:bec4:1483:837::2,443
2a13:d201:2:bb::1,8443
2a01:e5c0:60be::2,443
2a01:4f9:c014:63a2::1,2053
2001:978:1001:4c5::,8443
2a01:e5c0:30a0::2,8443
2a01:4f9:c013:33de::1,2087
2a01:4f9:c014:9c52::1,443
2a01:ecc0:6000:3c8::2,443
2a01:ecc0:6000:b8::2,443
2a01:4f9:c010:cbcf::1,443
2a01:e5c0:65ec::2,443
2a03:4000:6:5d78:a8f0:9cff:fe74:1290,8443
2a01:e5c0:1496::2,443
2a01:ecc0:6000:cf3::2,443
2a12:5940:be98::2,443
2a12:5940:c290::2,443
2a13:7c00:6:36:f816:3eff:fe23:a7f6,443
2a01:ecc0:1000:162e::2,443
2605:e440:13::16e,443
2a01:4f9:c012:dd00::1,443
2a01:4f9:c011:94d4::1,443
2a01:4f9:c014:aa7d::1,443
2401:1fe0:2::5da,443
2a01:ecc0:6000:f00::2,443
2a01:4f9:c012:4edf::1,443
2a0b:4140:6be3::2,443
2a13:7c00:7:10:f816:3eff:feb1:7509,443
2a0b:4140:ca3e::2,443
2a0c:16c0:515:ceb::238a,8443
2a02:7b40:c287:5b60::1,443
2a13:7c00:6:44:f816:3eff:fe66:6f9f,443
2a0f:cdc6:500:234f::2,443
2a01:4f9:c014:c2d5::1,8443
2a13:7c00:6:31:f816:3eff:fe59:26f2,443
2a0b:4140:34c4::2,8443
2a0b:4140:c6ff::2,443
2a01:ecc0:500:135::2,8443
2a10:f2c0:aaa8:5016::1,8443
2a0b:4140:ca3a::2,443
2a01:ecc0:5000:c4::2,443
2a12:5940:7cb8::2,443
2a01:4f9:c010:e5f8::1,443
2a01:4f9:c010:6eca::1,443
2a01:e5c0:64cf::2,8443
2a12:5940:8061::2,443
2a0c:16c0:515:27a::c648,443
2a01:4f9:c013:3b17::1,443
2a01:e5c0:6ec2::2,443
2a01:4f9:c012:b4ef::1,443
2a0b:4140:a6f8::2,443
2a02:27ac::b91,443
2a01:ecc0:6000:1c6::2,443
2a07:5741:0:db6::1,443
2a06:1700:1:1e5::1f75:3ca2,8443
2a12:5940:bd58::2,443
2605:e440:15::1a1,443
2a13:7c00:7:10:f816:3eff:fec5:f80a,443
2a12:6fc2:8000::99,8443
2a06:fcc0:5::42,443
2a03:6f01:1:2::deb3,2053
2607:5d40:1000:1::3da,2096
2605:e440:15::35e,443
2a12:5940:8b4a::2,443
2a01:4f9:c014:b603::1,443
2a01:e5c0:3133::2,8443
2a01:ecc0:6000:ac7::2,443
2a01:4f9:c015:a665::1,443
2001:df1:7880:100::127e,443
2001:41d0:601:1100::50d,443
2a01:8740:1:6ff::9b86,443
2a01:4f9:c011:b476::1,8443
2a01:4f9:c014:428f::1,443
2a01:ecc0:1005:8000::2,443
2a01:ecc0:4000:645::2,2053
2a06:1700:1:214::d1d7:e9e,443
2a0d:8480:0:200::,443
2a01:ecc0:1000:20dc::2,443
2a01:4f9:c011:b9da::1,443
2a01:ecc0:1001:b200::2,8443
2a0b:4140:6cfa::2,443
2a01:ecc0:500:5a::2,443
2a01:ecc0:6000:dbf::2,443
2a01:4f9:c013:61c2::1,443
2a01:4f9:c014:ff17::1,443
2a0b:4140:3e88::2,443
2a01:8740:1:e18::e473,443
2a01:ecc0:1000:1cfc::2,443
2a01:ecc0:1001:1200::2,8443
2a13:7c00:6:2:f816:3eff:fea1:206f,443
2a01:4f9:c011:493c::1,443
2a0b:4140:c8f3::2,443
2a0b:4140:e277::2,443
2a01:4f9:c015:2b7::1,2053
2401:1fe0:6::2ee,443
2001:67c:2f4c:2::51e,443
2a0f:3180::39,443
2a0f:1140:140:12d::2,443
2a01:ecc0:6000:ae3::2,8443
2a01:ecc0:1008:1700::2,8443
2a01:ecc0:1004:a00::2,443
2a0b:4140:320c::2,443
2a0b:4140:e49c::2,8443
2a03:6f01:1:2::1:b376,443
2a03:b0c0:3:f0:0:2:3b31:8000,443
2a06:fcc0:2::11,2087
2a01:e5c0:634c::2,443
2406:da12:801:2500:76f3:bdfe:2b6b:a946,443
2a13:7c00:10:7:f816:3eff:fe4e:6bbc,443
2a13:7c00:10:8:f816:3eff:fe9c:9cdc,8443
2a01:4f9:c010:aa09::1,443
2a0b:4140:9eba::2,8443
2a01:4f9:c014:c596::1,8443
2a13:7c00:7:10:f816:3eff:fed9:9223,443
2a01:ecc0:4000:9a1::2,443
2a0c:5d00:3002::298d:2c14,443
2a0b:4140:a2b8::2,8443
2a01:f900:10:e6::1,443
2001:67c:2f4c:2::1c4,443
2a0b:4140:a0b0::2,443
2a10:c943:100::44c,443
2a01:4f9:c014:7eb4::1,8443
2001:41d0:601:1100::8050,443
2a01:4f9:c012:6fac::1,443
2a01:4f9:c013:64ef::1,443
2a12:aac0::eff2:88c4,443
2a13:7c00:6:15:f816:3eff:fe41:569e,443
2a12:bec4:1485:185::2,443
2a01:e5c0:6a5d::2,8443
2a01:4f9:c014:e210::1,8443
2a13:d200:15:3c::1,443
2a01:ecc0:6000:6d6::2,443
2a01:ecc0:5000:c8f::2,443
2a01:4f9:c010:a69b::1,443
2a01:4f9:c014:6418::1,443
2a01:e5c0:64f6::2,8443
2a13:7c00:6:17:f816:3eff:fed4:46d5,8443
2a01:e5c0:6520::2,443
2a01:4f9:c014:61d5::1,8443
2a0c:16c0:510:c4b::267a,443
2a01:e5c0:66ea::2,443
2a13:a500::4f,443
2a13:7c00:6:55:f816:3eff:fe5b:1b68,443
2a01:4f9:c012:2a98::1,8443
2a04:9dc0:0:8d::223:5694,8443
2a01:e5c0:694f::2,443
2a01:ecc0:c00:151::2,8443
2a0b:4140:a4df::2,443
2a02:27aa::899,8443
2a12:5940:4313::2,8443
2a01:4f9:c013:864::1,443
2a13:7c00:6:52:f816:3eff:fe05:f930,443
2a01:4f9:c010:6a9e::1,443
2a01:230:4:9f2::2,2053
2a01:e5c0:7328::2,443
2a01:4f9:c010:ff2::1,2053
2a06:1fc0:0:1::106,443
2a01:4f9:c014:8838::1,443
2a01:4f9:c013:4fa0::1,443
2a01:ecc0:1000:1340::2,443
2001:41d0:a800:1f00::f574:e3d2,443
2a01:ecc0:1000:c2c::2,2053
2a0b:4140:66c2::2,443
2a03:6f00:a::6e74,443
2a01:ecc0:1005:2f00::2,8443
2a00:1838:37:404::986e,443
2a01:e5c0:76c0::2,443
2a01:ecc0:5000:1724::2,443
2a0b:4140:c6ab::2,443
2a0b:4140:6140::2,443
2a01:4f9:c012:a4c4::1,8443
2a0b:4140:c25a::2,443
2a13:7c00:6:101:f816:3eff:fed3:a827,443
2a09:2dc2:0:50e0::,8443
2a0b:4140:3915::2,443
2a0b:4140:96a5::2,443
2a03:6f01:1:2::1:4774,443
2a0b:4140:d264::2,443
2a01:ecc0:4000:739::2,443
2a03:6f00:4::6192,443
2a01:ecc0:1001:9500::2,443
2a0b:4140:ccac::2,443
2406:da12:801:2500:93ca:5014:cce1:cd1a,443
2a0b:4140:a009::2,2053
2a01:4f9:c015:3762::1,2053
2a01:4f9:c012:e92c::1,443
2605:e440:13::3:217,443
2a01:4f9:c011:6cd8::1,8443
2a01:4f9:c014:a415::1,443
2602:fa59:8:7b5::1,2053
2a01:ecc0:4000:596::2,8443
2a01:4f9:c011:877c::1,443
2a01:ecc0:5000:fef::2,443
2a01:4f9:c014:2cd7::1,8443
2a01:f900:10:b4::1,443
2a13:d207:81::1,443
2001:41d0:601:1100::69f2,443
2a01:e5c0:68e8::2,443
2400:8d60:4::1:6f03:fc98,2053
2a01:e5c0:6020::2,443
2a12:5940:5272::2,8443
2a0b:4140:c50b::2,443
2a01:e5c0:33f1::2,443
2a0b:4140:a48c::2,2053
2a01:ecc0:6000:abd::2,443
2a03:6f01:1:2::1:7d7,443
2a11:3b80:1::64c1,443
2a01:5a60:2::c6,443
2a05:9404::1199,443
2a01:e5c0:64f3::2,443
2a12:bec4:1483:4d2::2,443
2a10:1fc0:1::9a3:59e5,443
2a01:ecc0:6000:916::2,443
2a06:dd00:1:4::4e89,443
2a06:1700:1:1af::f9d3:2064,443
2a01:ecc0:500:6c3::2,443
2a13:7c00:6:15:f816:3eff:fe79:c070,8443
2a03:6f01:1:2::2:536,443
2a01:ecc0:4000:3f8::2,443
2a0b:4141:1820:333::2,8443
2a01:4f9:c010:990e::1,443
2a01:4f9:c012:7d1c::1,443
2a01:e5c0:68f8::2,8443
2a0c:9f00:2:ac37::1,443
2a02:7b40:5eb0:eb16::1,443
2a01:e5c0:6e33::2,443
2a12:bec4:1b50:69f::2,443
2a01:4f9:c012:3ae0::1,2096
2a01:4f9:c014:d96f::1,8443
2a0b:4140:3d52::2,443
2a0b:4140:c315::2,443
2a01:4f9:c014:1200::1,443
2a01:4f9:c010:a905::1,443
2a01:ecc0:540::2,443
2a01:4f9:c012:6885::1,443
2a01:4f9:c012:f235::1,443
2a01:4f9:c014:5826::1,8443
2001:41d0:601:1100::59f9,2053
2a01:e5c0:6716::2,8443
2a01:e5c0:6e24::2,443
2a06:a880:6:eceb::1,2083
2603:c023:c004:ba7e:3f6a:b72:7a86:dd4f,443
2a02:7e80:7606:115:be24:11ff:febe:3e31,8443
2a01:4f9:c013:7471::1,443
2a13:a500::1b9,443
2a12:5940:4166::2,443
2a0b:4140:c8b2::2,8443
2a0b:4140:90d6::2,8443
2a01:ecc0:1008:8300::2,443
2a01:ecc0:5000:125c::2,443
2a0f:1140:140:ca::4,8443
2a09:bac5:31cb:286e::407:45,8443
2a12:5940:bb6a::2,443
2a12:3200:1002:20::1,8443
2a01:4f9:c013:7f55::1,443
2a12:5940:4248::2,443
2001:978:1001:3c9::,443
2a0b:4140:e3d6::2,2053
2a01:e5c0:39c0::2,443
2a01:e5c0:7b52::2,443
2a01:4f9:c014:e417::1,8443
2a13:7c00:6:30:f816:3eff:fe17:77a1,443
2602:fa5d::1108,443
2a01:ecc0:6000:404::2,8443
2a01:ecc0:540:125::2,8443
2a01:e5c0:423e::2,8443
2a0b:4140:cd92::2,8443
2a05:541:121:ae::1,443
2a0b:4140:5656::2,443
2a01:4f9:c014:80f9::1,443
2a13:7c00:6:51:f816:3eff:fe05:d1d2,443
2a01:5a60:10::c7,443
2a01:ecc0:400:973::2,443
2a01:ecc0:b80:18::2,443
2a09:bac5:30ab:5f5::98:48,8443
2a01:ecc0:c40:100::2,443
2a01:4f9:c013:821e::1,443
2a0c:16c0:500:159::675a,443
2a12:5940:b2c4::2,443
2a01:ecc0:1005:4600::2,443
2a05:541:121:6a::1,443
2a0b:4143:0:11c::2,443
2a03:6f00:a::2:e60,443
2a01:4f9:c015:8da6::1,443
2a13:7c00:6:53:f816:3eff:fe28:c315,443
2a01:ecc0:6000:1e6::2,443
2a07:5741:0:2f6::1,443
2a00:b700:3::c8,443
2a01:4f9:c011:1586::1,2053
2a01:ecc0:540:184::2,8443
2a01:4f9:c012:9acd::1,443
2a0b:4140:e67f::2,443
2a01:4f9:c015:e3a5::1,443
2a12:6fc2:8000::301,443
2a09:80:200:0:f816:3eff:fe11:3a,443
2a03:f80:371:4a85::1,443
2406:da12:b02:5300:b595:3dc6:f641:e596,443
2a04:d900:0:100::11,443
2a01:e5c0:3074::2,443
2a0f:cdc6:500:10d::2,8443
2a03:f80:371:3788::1,443
2a01:8740:1:e3e::bea4,443
2a01:e5c0:60ab::2,443
2a01:4f9:c015:7136::1,8443
2a01:4f9:c012:6aed::1,443
2a01:4f9:c012:b5eb::1,443
2001:41d0:601:1100::90c4,443
2602:fa63:800:46::2,443
2a03:6f01:1:2::2:3a9b,443
2a05:541:121:5a::1,8443
2a0b:4140:6678::2,443
2a01:4f9:c013:5131::1,443
2a01:e5c0:3e27::2,8443
2a01:e5c0:3cf9::2,8443
2a01:ecc0:500:1bd::2,2053
2a06:1301:4100:66b::,443
2a0c:b0c0::9d51:d2f3,443
2a12:5940:c8a3::2,443
2a01:e5c0:6f44::2,443
2a0b:bcc0:0:602::3d,443
2a05:5940:7f::1,443
2602:fa5d::59c,443
2a03:6f00:a::1:32e6,443
2a01:e5c0:3941::2,8443
2a01:ecc0:6000:e4a::2,443
2a03:6f00:a::7321,443
2a0b:4140:3e46::2,443
2a06:1700:0:5fe::5353:e141,443
2a0c:5d00:3001::6e1b:8290,443
2a0b:4140:3aca::2,443
2a0c:16c0:500:541::cad9,443
2a01:4f9:c014:46aa::1,443
2a04:9dc0:0:8d::232:8635,2087
2a01:230:4:3ad::2,2053
2a03:f480:1:20::77,443
2605:e440:29::27d,2053
2a01:ecc0:4000:304::2,443
2a03:6f00:a::2:dcda,443
2001:67c:2f4c:2::231,443
2a0b:4140:cf6e::2,443
2a03:6f00:a::2:48ae,443
2a01:4f9:c013:5b16::1,443
2a12:6fc2:8000::599,443
2a01:4f9:c012:e730::1,443
2a01:4f9:c011:8a22::1,443
2a00:1838:37:1a6::974e,8443
2a01:ecc0:6000:514::2,443
2a03:f80:47:432a::1,443
2a0b:4141:1820:45c::2,443
2a01:4f9:c010:34a1::1,8443
2a13:7c00:7:4:f816:3eff:fea5:a8b5,443
2a01:ecc0:5000:714::2,8443
2a0b:4140:ef16::2,443
2406:6d00:ae74:8700:94a3:4f63:d7fa:b81d,8443
2a01:ecc0:1007:3200::2,443
2a01:ecc0:6000:e6d::2,443
2a01:e5c0:7189::2,443
2a0d:d940:1c:99::2,443
2001:67c:2f4c:2::6a,8443
2602:fa5d::3fa,8443
2a01:ecc0:c80:1a3::2,443
2a0e:97c0:7dd:fca2:883e:99c1:2407:abf3,443
2a01:ecc0:6000:3c4::2,443
2a01:e5c0:7cb5::2,443
2a06:a880:6:60ba::1,443
2605:e440:7::1:3,443
2a0b:4140:31ca::2,443
2a01:4f9:c012:a43::1,443
2a01:ecc0:5000:c83::2,8443
2a01:ecc0:1007:2d00::2,443
2a0b:4140:9456::2,443
2406:da18:30a:1f01:5f05:bfd6:1dbc:acf1,443
2001:67c:2f4c:2::1bd,8443
2a09:2dc2:0:5fa4::,443
2a06:1700:0:4f2::8587:aee8,443
2a11:8080:101::100e,443
2a01:e5c0:6034::2,443
2a0c:16c0:505:329::462b,443
2a04:6f00:4::1c8,443
2a01:230:4:992::2,2053
2a01:ecc0:1000:c13::2,443
2a12:bec0:16e:7e::,443
2a0d:d940:1c:1c5::2,443
2406:da18:4:bc00:9e21:fa1e:a9d0:8bd9,443
2a01:4f9:c012:f20d::1,443
2a02:408:7722:54:80:93:61:248,443
2a13:7c00:6:21:f816:3eff:fe1b:b18,443
2a03:f80:357:c98e::1,443
2a12:5940:41c3::2,443
2a01:f900:10:355::1,2053
2a11:8083:11:171b::a,443
2406:da18:1863:6800:9080:abb8:cc20:29,443
2a01:e5c0:35bc::2,8443
2602:fa5d::515,443
2a0d:8480:2:40::,443
2a0b:4140:c5c0::2,8443
2401:4520:10ef::a,443
2401:c080:1400:5664:5400:6ff:fe57:173,443
2a12:5940:d8a1::2,443
2a01:ecc0:5000:105::2,443
2a11:840:59:1b::f09d:61bd,443
2a00:b700:5::3:1a4,443
2001:67c:fd0:102:29::a,443
2600:3c15::2000:30ff:fe20:3d0a,443
2a11:8083:11:1292::a,443
2406:da18:30a:1f00:ad0e:4426:fde9:8379,443
2a0b:4140:ca5d::2,443
2a01:f900:10:199::1,443
2406:da18:4:bc01:6c76:738a:f09a:2e27,443
2a0b:4140:e2d5::2,443
2602:fa5d::45e,443
2a0f:6284:64:487e::1,443
2a01:ecc0:1000:693::2,443
2406:da18:30a:1f01:2f2d:57bc:7d72:3608,443
2a06:1fc0:0:1::46d,443
2406:da18:30a:1f02:8bdc:1e5:70aa:4788,443
2406:da18:30a:1f01:1f1e:a6c0:b2a9:ec3e,443
2a01:4f9:c012:6c6e::1,443
2a01:ecc0:400:6ec::2,443
2406:da18:30a:1f02:cc5:b03e:2ac8:2b94,443
2a0b:4140:e373::2,443
2a01:4f9:c013:5331::1,8443
2a0b:4140:329d::2,443
2406:da18:1ee7:3300:7e6d:f33f:2d00:3881,443
2406:da18:1086:8e00:f85c:d295:7ac1:cd2d,443
2a02:27aa::919,443
2a06:a880:6:5d94::1,443
2a03:6f00:a::2:1c43,443
2a01:ecc0:4000:9f7::2,443
2406:da18:167e:100:9b35:7357:1c55:6bfd,443
2001:978:1001:28d::,8443
2400:6180:0:d2:0:2:c89d:1000,443
2a01:ecc0:1005:2400::2,443
2400:6180:0:d2:0:2:854b:0,443
2406:da18:30a:1f02:810b:aee2:9bc8:31a4,443
2400:6180:0:d2:0:2:854a:b000,443
2a01:e5c0:33ac::2,443
2406:da18:30a:1f02:162a:80c3:c74:7f52,443
2a01:ecc0:d00:6a::2,443
2a0f:cdc6:50:5::1,443
2a00:f940:2:4:2::3157,8443
2a00:b700:5::3:1e5,443
2406:da18:5db:b500:18cd:7da1:a593:b9bb,443
2a09:bac5:55fd:25af::3c1:1a,443
2605:e440:51::219,443
2a01:e5c0:3c70::2,443
2406:da18:30a:1f00:4e58:7c0:8970:f55a,443
2a01:f900:10:2c8::1,2096
2a01:4ff:2f0:14c2::1,443
2a01:ecc0:6000:f9f::2,443
2406:da18:30a:1f00:21b1:e6f9:87d1:772f,443
2406:da18:30a:1f00:70cb:2417:91cc:5887,443
2a13:7c00:7:5:f816:3eff:fe42:4f20,443
2a0c:5d00:3001:0:5054:2ff:fe15:2c5b,8443
2602:fa5d::541,2053
2406:da18:30a:1f00:12ed:11ca:e39d:a7b9,443
2a01:ecc0:1004:8e00::2,443
2a0b:4140:c766::2,443
2406:da18:30a:1f01:a1cb:95a4:a5a5:100,443
2406:da18:30a:1f02:b49a:2142:f7b6:241e,443
2406:da18:30a:1f02:7af9:1f8:2ff3:487c,443
2a0b:4140:e417::2,443
2400:6180:0:d2:0:2:854a:1000,443
2406:da18:1d79:3000:b393:f79f:1929:6c42,443
2406:da18:679:6f00:2e1b:b747:90a6:19f3,443
2a06:dd00:30:2:be24:11ff:fe29:ac71,443
2001:67c:2f4c:2::41b,443
2a0b:4140:a341::2,443
2a01:230:4:c5e::2,443
2406:da18:30a:1f02:8bca:98fc:12a1:9c96,443
2a0b:4140:3b27::2,443
2400:6180:0:d2:0:2:c89f:2000,443
2a0b:4140:6960::2,443
2a01:e5c0:60f6::2,443
2401:c080:1400:1d9e:5400:6ff:fe1f:1e94,443
2a12:bec4:150:dc::2,443
2a0c:16c0:510:d46::de85,2053
2a12:5940:d403::2,443
2400:6180:0:d2:0:2:e2e4:2000,443
2400:6180:0:d2:0:2:f660:b000,443
2406:da18:30a:1f01:9180:3622:604e:da2d,443
2406:da18:30a:1f01:c5ae:3f39:a407:bf25,443
2a03:b0c0:3:f0:0:1:e49d:e000,443
2400:6180:0:d2:0:2:f536:0,443
2a0d:d940:1c:e9::2,443
2600:3c15::2000:98ff:fea4:eae3,443
2a01:f900:10:418::1,2083
2001:470:70:888::2,443
2406:da18:30a:1f01:affb:fc67:16d5:10c0,443
2a01:ecc0:c80:22d::2,2083
2a04:ac00:4:7f4:5054:ff:fe03:a76b,443
2406:da18:30a:1f02:3aeb:dda1:8a97:4108,443
2400:6180:0:d2:0:2:d4b7:5000,443
2a01:ecc0:5000:ab5::2,8443
2a01:ecc0:5000:139::2,443
2a01:ecc0:6000:a15::2,443
2a01:ecc0:540:17c::2,443
2406:da18:30a:1f00:dea3:7262:eb4e:75e6,443
2a03:6f00:a::1:ce1b,443
2a0d:d940:1c:1af::2,443
2406:da18:30a:1f02:595e:e0bc:1b4:861b,443
2605:e440:29::196,443
2001:678:6d4:5160::1ff,443
2a0b:4140:9926::2,443
2400:8901::2000:54ff:fe7e:c3a7,443
2a01:4f9:c011:2430::1,8443
2400:6180:0:d2:0:3:9e3:a000,443
2a01:e5c0:614d::2,443
2603:c024:451a:6900:0:43fd:5237:1dd0,443
2a0b:4140:a682::2,8443
2a01:4f9:c013:9791::1,8443
2a0c:b9c1:f:42d2::1,443
2406:da18:30a:1f02:ef55:58c8:bd1b:adfd,443
2406:da18:30a:1f01:6899:eb0a:ed3:e216,443
2a03:6f00:a::a36b,443
2602:fa5d::47f,443
2a11:8080:101::1069,443
2a14:7981:467:7f7::1,8443
2a0f:cdc6:50:63::1,443
2406:da18:30a:1f00:58c2:14e7:acb:97cf,443
2001:49f0:d142:0:1e78::,443
2a12:5940:81dd::2,443
2406:da18:30a:1f02:90e4:8852:9260:a2d9,443
2a0f:5f46:825::60,443
2a01:ecc0:500:50::2,443
2400:6180:0:d2:0:2:854a:9000,443
2a0b:4140:c3c2::2,2053
2600:3c15::2000:57ff:fe6b:f984,443
2400:6180:0:d2:0:2:e4f9:7000,8443
2406:da18:30a:1f01:1eee:af41:fdbf:e933,443
2406:da18:30a:1f01:5fbc:ac19:1554:92cc,443
2602:fa5d::11bf,443
2400:8901::2000:47ff:fe3e:f3a8,8443
2a01:ecc0:500:4b9::2,443
2a00:1838:37:5a3::cd6a,443
2a01:e5c0:6def::2,443
2602:fa5d::115,443
2406:da18:30a:1f02:8715:cac1:484e:e3bc,443
2a01:ecc0:1007:3d00::2,443
2a01:e5c0:6a1e:4ec3:abfb:1536:e134:eee1,443
2a01:ecc0:6000:fd::2,8443
2401:7400:c000:4::438,443
2406:da18:223:4d00:fc15:c86e:dff1:6388,443
2406:da18:32:9b00:4452:8bf0:196c:e61e,443
2406:da18:30a:1f01:482b:d620:abe1:634f,443
2406:da18:1086:8e00:4ca2:431:8537:2068,443
2a01:e5c0:3ae9::2,443
2406:da18:30a:1f01:401d:aaae:765e:15e3,443
2a01:e5c0:69a0::2,443
2a02:27a8:feed::111,443
2602:fa5d::10f1,443
2406:da18:30a:1f02:9554:5e2a:98b1:a451,443
2406:da18:30a:1f02:71f1:5078:c684:c62f,443
2a13:7c00:6:28:f816:3eff:fe48:46be,443
2a01:e5c0:3413::2,443
2a0d:c580:1:7:207::1,443
2a01:ecc0:6000:8ee::2,443
2406:da18:30a:1f02:23:9f1b:c745:1151,443
2406:da18:30a:1f01:ed5c:f29d:8602:a177,443
2406:da18:30a:1f01:fb9d:7ac0:4ba9:38fe,443
2a01:4f9:c013:5eab::1,443
2001:41d0:601:1100::2aa5,443
2400:6180:0:d2:0:2:d85c:6000,443
2a12:5940:b5b4::2,443
2406:da18:30a:1f02:d591:9583:af97:27fa,443
2406:da18:30a:1f00:2527:e49f:a04e:5bab,443
2a02:27ad::141,8443
2406:da18:30a:1f00:caa3:b99a:b2e0:6611,443
2406:da18:13fd:cd00:dee1:bada:e6c0:4e8e,443
2406:da18:30a:1f00:a018:1fdc:64f6:6e8b,443
2a12:5940:714c::2,443
2a0b:4140:39bd::2,443
2a0b:4140:e0a1::2,443
2a12:5940:d8e3::2,443
2a12:5940:40c6::2,443
2401:c080:1400:6b52:5400:6ff:fe4d:5e64,443
2406:da18:1442:b800:ecda:8e07:e86f:b00f,443
2a0b:4140:682f::2,443
2a02:27aa::8a1,443
2406:da18:1875:9f00:28b1:3f55:b086:65d6,443
2a01:e5c0:7d61::2,443
2406:da18:30a:1f02:9cd2:60bc:d6f2:2e11,443
2a12:bec4:1280:213::2,443
2a09:bac5:55fc:15f::23:480,443
2400:6180:0:d2:0:2:c51b:b000,443
2a01:e5c0:3eb4::2,443
2407:3641:3019:3917::1,443
2407:cdc0:d010:27c4::,443
2001:67c:fd0:102:43::a,443
2a0b:4140:c737::2,8443
2406:da18:30a:1f02:ea23:7861:fad5:505e,443
2a00:b700::4:ab,443
2a03:b0c0:2:d0::142b:9001,8443
2a01:f900:10:781::1,8443
2406:da18:30a:1f01:f9ac:c8f1:dde:69ef,443
2a0b:4140:ed51::2,2053
2a01:ecc0:1004:4e00::2,443
2602:fa5d::5b5,443
2a01:ecc0:5000:1765::2,443
2407:3641:2283:2407::1,443
2a01:4ff:2f0:ea0::1,443
2a0c:5d00:3001::b12d:87a9,2096
2a13:7e40:1:1116::1,443
2a01:ecc0:1000:bde::2,8443
2a0b:4140:c04f::2,443
2a01:e5c0:793c::2,8443
2a01:f900:10:2::1,2083
2407:3640:2286:186::1,443
2a01:ecc0:1006:ae00::2,443
2a0f:1140:140:ca::5,8443
2600:3c15::2000:70ff:fec9:4d11,443
2a12:5940:bef0::2,8443
2406:da18:1234:1700:5f21:4d26:5737:f95,443
2400:6180:0:d2:0:2:c5d2:9000,443
2400:8901::2000:c6ff:fe1f:be0a,443
2a0b:4140:c0b5::2,443
2a11:8083:11:17ba::a,443
2a01:ecc0:5000:1e39::2,443
2400:6180:0:d2:0:2:9461:c000,443
2a0b:bcc0:0:602::7e,443
2a06:dd00:1:4::2501,443
2a01:f900:10:52e::1,8443
2602:fa5d::336,443
2a12:5940:789b::2,443
2a01:ecc0:6000:e0f::2,443
2406:da18:1c45:7100:fdc6:6e3c:ca71:736e,443
2a03:6f00:a::3:10b6,443
2a11:8083:11:12ad::a,443
2406:da18:30a:1f00:eb6a:860d:e601:8ff7,443
2a13:d207:4cf::1,443
2406:da18:30a:1f02:5eb3:fbf:366e:b857,443
2406:da18:30a:1f02:6b2:1224:7249:f6fc,443
2406:da18:30a:1f02:6067:484f:24f6:6463,443
2406:da18:1b12:7c00:ef9a:924b:e301:224e,443
2406:da18:30a:1f01:4a04:3706:446b:2f7b,443
2a02:c207:2330:5854::1,443
2a01:ecc0:1000:1cf3::2,2053
2a01:8740:1:849::cb67,443
2a01:e5c0:3426::2,443
2a01:e5c0:79f4::2,443
2406:da18:30a:1f01:f1d1:8ac7:dee5:8886,443
2400:6180:0:d2:0:2:fce2:8000,443
2400:8901::2000:e6ff:fef1:ef2d,443
2603:c024:4507:ccbb:b:b:b:b,443
2406:da18:30a:1f00:a055:e234:ce2e:53e3,443
2a01:4ff:2f0:2d89::1,443
2a0b:4140:629f::2,8443
2a01:ecc0:c00:1d9::2,2083
2a0b:4140:394e::2,8443
2a12:5940:e131::2,443
2a0e:97c0:7d4:ddf9::a,443
2406:da18:30a:1f00:52a:6f34:a83f:47fd,443
2605:e440:29::2ed,443
2a01:ecc0:4000:435::2,443
2406:da18:10b3:e900:2e22:b19c:b829:64b3,443
2a01:4f9:c013:55f::1,8443
2a01:e5c0:7b4e::2,443
2a11:8083:11:1361::a,443
2a13:7c00:10:24:f816:3eff:fe23:ee,2083
2406:da18:935:e300:9307:820e:6c69:7317,443
2406:da18:30a:1f02:90ce:8562:b4db:dcce,443
2406:da18:9bf:2c00:b616:8489:9965:ca6b,443
2a0b:bcc0:0:603::19,443
2407:3640:2300:2467::1,443
2a0b:4140:9f8f::2,8443
2406:da18:30a:1f00:e4a6:642f:10c:b069,443
2a0c:16c0:515:323::92a8,443
2406:da18:a75:1000:2679:621:8557:cab1,443
2a01:f900:10:55e::1,443
2a12:bec0:16f:1c3::,443
2605:e440:7::36e,8443
2001:19f0:4400:2b4e:5400:6ff:fe23:b9d5,443
2a12:bec0:16e:71b::,443
2a12:bec4:1280:77::2,443
2406:da18:30a:1f02:6b8d:4623:d01d:e870,443
2406:da18:612:2b00:c69b:b230:fe8:3a71,443
2406:da18:30a:1f00:485b:dc36:dcd7:ebc7,443
2401:c080:1400:512c:5400:6ff:fe81:e965,443
2406:da18:30a:1f00:8b4d:c5ab:b730:c32c,443
2400:6180:0:d2:0:2:854a:c000,443
2602:fa5d::ff7,443
2400:6180:0:d2:0:2:c7c5:9000,443
2a0b:4140:66ab::2,443
2a14:7981:3008:16c::,2053
2400:6180:0:d2:0:2:ffb9:2000,443
2406:da18:30a:1f02:e63a:43b1:9b3f:610d,443
2a0e:97c0:7d4:6c73:becc:5bd6:6b22:540e,8443
2a06:a880:6:c93a::1,443
2a03:6f00:a::2:9883,443
2406:da18:e86:6300:2316:5072:87ea:44a5,443
2603:c024:4501:b900:5120:1101:2cb5:4451,443
2406:da18:30a:1f00:7362:ce4:9955:dc26,443
2406:da18:30a:1f00:1da7:7001:ff53:c061,443
2a12:5940:dac7::2,443
2400:6180:0:d2:0:2:cd52:6000,443
2406:da18:30a:1f01:3fce:2082:8717:38ab,443
2603:c024:4518:847e:63fb:e161:ff5b:4487,8443
2406:da18:30a:1f02:9b98:92d:ba1d:69bf,443
2a0c:5d00:3002::bab1:d9aa,8443
2406:da18:30a:1f02:4b7b:7ae1:26c5:22fa,443
2406:da18:30a:1f02:fca:85c9:fc1a:5644,443
2a06:f903:4001:100::73c2:6a7f,443
2001:67c:2db8:7::6f,443
2406:da18:30a:1f00:1517:13cf:a0ee:aeee,443
2a12:5940:4f05::2,443
2600:3c15::2000:2fff:fe08:d26b,443
2406:da18:814:9b00:37e9:e12a:2cef:8322,443
2406:da18:30a:1f02:3f97:11e2:2cac:6536,443
2a12:5940:df4c::2,443
2406:da18:1c40:5800:5a7b:b1e4:8637:e787,443
2001:19f0:4400:639f:3eec:efff:feb9:c6ac,443
2406:da18:30a:1f01:dc79:8e0f:b384:c2c4,443
2a0b:4140:96eb::2,443
2a01:f900:10:77d::1,2087
2406:da18:30a:1f01:6f75:5b24:ec28:e9b0,443
2400:6180:0:d2:0:2:f90f:f000,443
2400:6180:0:d2:0:2:c89f:9000,443
2400:6180:0:d2:0:2:5e57:6000,443
2407:d840:51:1::154,443
2406:da18:30a:1f00:f134:3fa:d039:1f2a,443
2400:6180:0:d2:0:2:cd13:f000,443
2400:6180:0:d2:0:2:cd13:b000,443
2a01:4ff:2f0:21d5::1,443
2400:6180:0:d2:0:2:c89c:2000,443
2a0b:4140:9411::2,443
2400:6180:0:d2:0:2:8663:d000,443
2400:6180:0:d2:0:2:854a:d000,443
2400:6180:0:d2:0:2:d85c:9000,443
2400:6180:0:d2:0:2:7d91:8000,443
2001:19f0:4401:1246:5400:6ff:fe24:871b,443
2401:c080:1400:1275:5400:6ff:fe49:7a8a,443
2400:6180:0:d2:0:2:c89c:8000,443
2406:da18:30a:1f02:a714:73c0:eb8:9140,443
2a12:5940:e80d::2,443
2a0a:d687:f007::cd,443
2400:6180:0:d2:0:2:7d91:6000,443
2a12:5940:b6ff::2,8443
2400:6180:0:d2:0:2:c7c5:8000,443
2406:da18:30a:1f01:9d09:cd5e:baaa:3669,443
2400:8901::2000:d9ff:febd:1478,443
2a01:e5c0:604b::2,443
2a01:e5c0:6960::2,443
2a09:bac1:6540:8::3c2:46,443
2406:da18:30a:1f02:df4a:9a0d:af0b:647e,443
2a05:9401::701,443
2a0d:6c2:17:bde::,443
2400:6180:0:d2:0:2:f06b:b000,8443
2400:6180:0:d0::12ae:4001,443
2a12:5940:8cee::2,443
2400:6180:0:d2:0:2:5e57:f000,443
2400:6180:0:d2:0:2:8f14:a000,443
2406:da18:30a:1f00:c850:7bdb:f25a:227,443
2400:6180:0:d2:0:2:e035:6000,8443
2400:6180:0:d2:0:2:8664:6000,443
2a14:7dc0:203:cd0::d23,443
2001:19f0:4400:4a89:5400:6ff:fe53:5785,443
2401:c080:1400:7aa0:5400:6ff:fe76:6c9b,443
2a01:ecc0:5000:f24::2,443
2400:6180:0:d2:0:2:bb8e:2000,443
240d:c000:f020:b00:7430:c12e:b83c:1,443
2a03:b0c0:3:f0:0:1:95b0:c000,443
2406:da18:30a:1f01:82d3:b7c5:cae1:e5f5,443
2400:6180:0:d2:0:2:c89c:0,443
2a01:e5c0:787b::2,8443
2a01:e5c0:30b8::2,443
2400:6180:0:d2:0:2:c89f:3000,443
2a01:e5c0:7a38::2,443
2406:da18:1f9c:c700:e0a8:a700:e599:6d2b,443
2605:e440:16::2e8,443
2400:6180:0:d2:0:2:cd14:2000,443
2a04:3543:1000:2310:48ac:acff:fece:c21,443
2400:6180:0:d2:0:2:ffd2:f000,443
2406:da18:1bcf:5e00:df1d:3744:330b:3f,443
2407:3640:2262:4555::1,443
2a01:e5c0:747a::2,443
2400:6180:0:d2:0:2:d7c3:d000,443
2a01:d8:4:f:89:111:143:118,443
240d:c000:f020:1500:ac2e:eb8a:829e:0,443
2400:6180:0:d2:0:2:eb6a:5000,443
2406:da18:30a:1f01:cef1:1c94:f36d:c34f,443
2400:6180:0:d2:0:2:e3c5:8000,443
2400:6180:0:d2:0:2:e700:f000,443
2400:6180:0:d2:0:2:854a:0,443
2a01:e5c0:201f::2,8443
2400:6180:0:d2:0:2:baaa:7000,443
2a01:ecc0:1000:1d9b::2,8443
2605:e440:46::23c,443
2406:da18:30a:1f01:f40e:23c6:4332:1eb8,443
2400:6180:0:d2:0:2:cd13:e000,443
2400:6180:0:d2:0:2:cd52:9000,443
2400:6180:0:d2:0:2:c89f:7000,443
2400:6180:0:d2:0:2:d85c:5000,443
2a01:e5c0:3385::2,443
2406:da18:1c8c:4c00:77a0:25ed:7c1b:938,443
2406:da18:30a:1f02:fa5b:cd11:63d7:5596,443
2400:6180:0:d2:0:2:d7fe:c000,443
2406:da18:30a:1f02:ada4:3e18:6427:e7ca,443
2400:6180:0:d2:0:2:5e57:d000,443
2400:6180:0:d2:0:2:9395:6000,443
2a12:5940:e120::2,443
2a01:4ff:2f0:2da4::1,443
2401:c080:1400:4801:5400:4ff:feff:67ba,8443
2400:6180:0:d2:0:2:5e57:a000,443
2400:6180:0:d2:0:2:5e57:e000,443
2400:6180:0:d2:0:2:cd14:c000,443
2602:f919:106::11f,443
2400:8901::2000:22ff:fe11:7809,443
2400:6180:0:d2:0:2:db7a:5000,443
2402:1f00:8001:177f::,443
2400:8901::f03c:93ff:feec:2279,8443
2401:c080:1400:16fc:5400:6ff:fe57:9336,443
2406:da18:30a:1f00:8645:4b9e:9ef4:2e65,443
2400:6180:0:d2:0:2:c821:6000,443
2a0b:4140:e20a::2,443
2406:da18:cbe:fcd1:b3b2:f28b:ce73:ebea,443
2a12:5940:d78f::2,443
240d:c000:f020:1300:7640:b3fc:fcd8:0,443
2406:da18:30a:1f00:192a:be5f:a501:aab2,443
2a0b:4140:c194::2,8443
2400:6180:0:d2:0:2:a6e5:3000,443
2406:da18:384:4200:e5a0:624a:d683:910b,443
2407:cdc0:d00b::208,443
2400:6180:0:d2:0:2:d627:4000,443
2606:6680:60:1::fd69:1327,443
2a12:5940:8053::2,443
2400:6180:0:d2:0:2:d7c4:0,443
2400:6180:0:d2:0:2:d85c:4000,443
2400:6180:0:d2:0:2:d85c:7000,443
2600:3c15::2000:bcff:fe8f:433a,443
2400:6180:0:d2:0:2:c89c:3000,443
2400:6180:0:d2:0:2:c89c:1000,443
240d:c000:f020:1500:3ebe:c5dc:a8be:0,443
2400:6180:0:d2:0:2:8664:7000,443
2a01:4ff:2f0:34ee::1,443
2400:6180:0:d2:0:2:854a:4000,443
2a12:b3c0:1:12e::1,443
2400:6180:0:d2:0:2:9461:d000,443
2400:6180:0:d2:0:3:102e:4000,443
2400:6180:0:d2:0:2:e0ce:8000,443
2400:6180:0:d2:0:2:854a:3000,443
2406:da18:119:2d00:b268:1643:84c9:8ad3,443
2400:6180:0:d2:0:2:c821:4000,443
2a12:5940:424d::2,443
2400:6180:0:d2:0:2:cd14:0,443
2406:da18:30a:1f01:91f:ace0:46f0:e025,443
2603:c024:451d:601:0:114b:b355:ca54,443
2406:da18:30a:1f00:371e:1ae2:96a6:829b,443
2400:6180:0:d2:0:2:f6b2:d000,443
2406:da18:30a:1f00:3db6:b5ca:29b3:6827,443
2400:6180:0:d0::64:9001,443
2406:da18:30a:1f01:e5ea:d90d:46d:cb00,443
2400:6180:0:d2:0:2:d85c:8000,443
2400:6180:0:d2:0:2:e0cf:9000,443
2407:3641:2328:9830::1,443
2001:3783:3cd8:e400::1,443
2a00:b700::3fa,443
2405:4200:f001:25ed::1,443
2400:6180:0:d2:0:2:d85c:3000,443
2400:6180:0:d2:0:2:cd52:3000,443
2a0b:4140:a27d::2,8443
2a0b:4140:6c9f::2,8443
2406:da18:88f:db00:252:330e:2a3c:34ed,443
2400:6180:0:d2:0:2:d7c3:e000,443
2400:6180:0:d2:0:2:baaa:1000,443
2406:da18:1bc3:9e00:957b:ad4a:37a5:de67,443
2a12:5940:8a0e::2,443
2400:6180:0:d2:0:2:8664:4000,443
2a03:6f00:a::2:b957,443
2a02:8434:6c40:4701:fc0c:db1b:e653:6547,443
2400:6180:0:d2:0:2:5dbc:9000,443
2a12:5940:dbed::2,443
2400:6180:0:d2:0:2:d85d:1000,443
2a01:ecc0:500:c8::2,443
2603:c024:450c:e100:98d3:cd09:22f2:409,443
2a0c:5d00:3001::b59e:fba7,443
2a04:ac00:a:264::,443
2a13:d200:15:41::1,443
2001:19f0:4400:2e15:5400:6ff:fe4e:881c,443
2401:c080:1400:4540:5400:6ff:fe2f:6049,443
2a01:e5c0:6600::2,443
2400:6180:0:d2:0:2:cd52:4000,443
2a01:e5c0:3360::2,443
2406:da18:30a:1f00:c34e:a7c8:6286:5ad2,443
2a12:5940:4335::2,8443
2406:da18:4d6:2200:bf6d:8e35:d66e:3ec9,443
2400:6180:0:d2:0:3:5ab:a000,443
2400:6180:0:d2:0:2:a6e8:4000,443
2406:da18:30a:1f02:4810:9505:9c34:8c04,443
2a0b:4140:978f::2,443
2a12:5940:e74e::2,443
2a0e:5c41:2:13f:26a3:f0ff:fe45:88fd,443
2001:19f0:4400:2fd9:5400:6ff:fe53:462d,443
2a0f:5f44:0:8220::287,443
2a05:9401::839,443
2a0b:4140:a0c5::2,8443
2a11:8083:11:17db::a,2087
2a0b:4140:e700::2,443
2400:6180:0:d2:0:2:f546:a000,8443
2400:6180:0:d2:0:2:bc41:8000,443
2400:6180:0:d2:0:2:edbf:d000,2083
2407:3640:2300:3789::1,443
2406:da18:30a:1f02:8f58:a3ca:4285:f98,443
2a06:dd00:1:4::2191,443
2400:6180:0:d2:0:2:9391:7000,443
2a0e:d604:1:1ea::2,2083
2a01:e5c0:7f49::2,8443
2401:c080:1400:1847:5400:6ff:fe73:3779,443
2a12:5940:cf9c::2,443
2400:6180:0:d2:0:2:f2b3:7000,443
2400:6180:0:d2:0:2:7d91:b000,443
2400:6180:0:d2:0:2:8663:a000,443
2407:3640:2303:4860::1,443
2a11:8083:11:1150::a,443
2a09:bac5:55fd:30c8::4dc:90,443
2406:da18:30a:1f02:f794:3b47:452a:e028,443
2406:da18:30a:1f00:f3b1:d435:40dd:2e22,443
2400:6180:0:d2:0:2:baaa:6000,443
2400:8901::2000:13ff:fe0e:229,443
2400:6180:0:d2:0:2:7d91:5000,443
2406:da18:30a:1f02:58ac:766b:962e:89b4,443
2400:6180:0:d2:0:2:c821:7000,443
2406:da18:30a:1f02:f400:b774:5ab7:81a9,443
2a0b:4140:e949::2,443
2400:6180:0:d2:0:2:d7c3:b000,443
2406:da18:30a:1f01:b0d7:8486:7269:c39e,443
2a01:ecc0:4000:691::2,443
2400:6180:0:d2:0:2:e335:9000,443
2406:da18:1d3f:3e00:fe3:5506:549c:a6d4,443
2400:6180:0:d2:0:2:d7fe:9000,443
2a0d:c580:1:3:4e9::1,443
2a12:5940:4bf1::2,8443
2400:6180:0:d2:0:2:c821:d000,443
2406:cb40:1:f0f9::ce52,443
2406:da18:4e8:8900:9368:198:9ecf:8b80,443
2a01:4ff:2f0:11a0::1,443
2400:8901::2000:a6ff:fea0:44c4,443
2a01:e5c0:3002::2,8443
2400:6180:0:d2:0:2:c821:9000,443
2400:6180:0:d2:0:2:8664:8000,443
2400:6180:0:d2:0:2:854a:2000,443
2a0b:4140:e78f::2,443
2402:1f00:8000:800::2aa4,443
2407:d840:51:1::1b7,443
2406:da18:1fa1:ed00:c4fa:ce4a:638e:98b,443
2a01:e5c0:635c::2,443
2a0b:4140:e976::2,2083
240d:c000:f020:1100:c4de:126:2a72:0,443
2406:da18:d1b:3e00:64f7:3b43:3d5:f119,443
2400:6180:0:d2:0:2:d7fe:e000,443
2400:6180:0:d2:0:2:e341:c000,443
2a0a:8d80:0:b120::1,443
2a00:f940:2:4:2::2f0e,8443
2400:6180:0:d2:0:2:9462:1000,443
2a03:6f00:a::3:4ac,443
2602:fa5d::1a4,2053
2a0b:4140:cdd5::2,443
2a01:e5c0:33aa::2,443
2a12:bec0:16e:338::,443
2406:da18:30a:1f01:ec47:1d00:a282:9cf6,443
2400:6180:0:d2:0:2:8620:5000,443
2a03:6f00:a::2:d5f8,443
2400:6180:0:d2:0:2:7d92:2000,443
2a12:5940:7e9d::2,443
2a12:5940:dd13::2,8443
2406:da18:30a:1f02:55a7:1e21:27c:daf5,443
2001:19f0:4400:25ed:5400:6ff:fe3c:dac2,443
2400:6180:0:d2:0:2:dbf0:8000,8443
2a0b:4140:c15e::2,443
2a03:6f00:a::1:ceb0,443
2400:6180:0:d2:0:2:d7c3:9000,443
2407:cdc0:d010:24b7::,443
2a0e:97c0:7d4:5d9:4de2:1151:c39:e27f,443
2a01:e5c0:73fd::2,443
2406:da18:f0c:ff00:4d86:1949:5c85:cb2e,443
2400:6180:0:d2:0:2:db9a:1000,443
2400:6180:0:d2:0:2:854a:f000,443
2406:da18:30a:1f00:ba37:a37c:5d:af1f,443
2a0b:4140:ccb6::2,8443
2a12:5940:d1df::2,443
2400:6180:0:d2:0:2:c821:8000,443
2400:6180:0:d2:0:2:e044:d000,443
2400:6180:0:d2:0:2:c89c:9000,443
2a00:1c48:2:4:20c:29ff:fe83:ad36,443
2406:da18:30a:1f00:439e:3a8e:11fb:dbf3,443
2400:6180:0:d2:0:2:cd13:a000,443
2a01:ecc0:5000:aaa::2,8443
2a0c:5d00:3001::e217:9815,8443
2400:6180:0:d2:0:2:d2f7:b000,443
2400:6180:0:d2:0:2:c821:5000,443
2400:6180:0:d2:0:2:c89f:1000,443
2a14:7dc0:203:a55::28d,443
2a0b:8800:580::118,443
2400:6180:0:d2:0:2:d7fe:f000,443
2406:da18:30a:1f02:be27:998a:34d:28cc,443
2a0b:4140:9acb::2,8443
2a03:6f00:a::3fce,443
2406:da18:15a3:d00:4e2c:552d:4c31:91cc,443
2001:19f0:4401:f64:5400:4ff:fe18:86c7,443
2406:da18:30a:1f00:23a1:e154:14c6:ce86,443
2406:da18:30a:1f00:48fe:965:6736:4aa,443
2400:6180:0:d2:0:2:e747:b000,443
2a01:e5c0:6eb8::2,443
2400:6180:0:d0::1702:d001,443
2400:6180:0:d2:0:2:cd13:d000,443
2400:6180:0:d2:0:2:94c5:c000,443
2a01:ecc0:1006:4c00::2,443
2400:6180:0:d2:0:2:f311:c000,443
2400:6180:0:d2:0:2:d7c3:c000,443
2406:da18:30a:1f02:cdc:9c63:94c:8036,443
2a01:4f9:c012:8772::1,443
2a01:ecc0:1004:e800::2,2053
2406:da18:30a:1f00:3c5e:7ab5:4242:70b3,443
2407:3641:2331:8017::1,443
2400:6180:0:d2:0:2:db9f:f000,443
2401:c080:1400:76dd:5400:5ff:fe9f:5893,443
2400:6180:0:d2:0:2:d7c3:8000,443
2400:6180:0:d2:0:2:daf1:b000,443
2a0e:97c0:7d4:6481:69ee:7dcc:ecd3:9eb7,443
2a0b:4140:c54b::2,2053
2401:c080:1400:6a9c:5400:6ff:fe4f:1836,443
2a0b:4140:a2e4::2,443
240d:c000:f020:1a00:4ab8:13f2:e620:0,8443
2400:6180:0:d2:0:2:c454:1000,443
2407:cdc0:d00b::206,443
2407:cdc0:d00b::205,443
2001:19f0:4400:725b:5400:6ff:fe13:325d,8443
2400:6180:0:d2:0:2:c89f:0,443
2a09:bac1:76a0:9d8::3a5:35,443
2a04:3543:1000:2310:5431:91ff:fe1f:2d38,443
2406:da18:439:7000:9634:ccb2:48ac:cf55,443
2400:6180:0:d2:0:2:e4f6:1000,443
2400:6180:0:d2:0:2:e5f6:8000,443
2400:6180:0:d2:0:2:5e57:9000,443
2401:c080:1400:7953:5400:4ff:feb1:d91a,443
2a0b:4140:e6dc::2,443
2001:19f0:4401:ae6:5400:6ff:fe3b:30ea,8443
2605:e440:16::27d,443
2400:6180:0:d2:0:2:f199:5000,443
2602:fa5d::5a3,443
2400:6180:0:d2:0:2:ffb9:1000,443
2400:6180:0:d2:0:2:9462:3000,443
2400:6180:0:d2:0:2:c89f:4000,443
2400:6180:0:d2:0:2:c89f:8000,443
2a12:bec0:16f:2b1::,443
2406:da18:4:bc00:b69a:c479:2836:2e88,443
2400:6180:0:d2:0:2:d317:4000,443
2400:6180:0:d0::100f:c001,443
2401:c080:1400:45e4:5400:6ff:fe71:8010,443
2400:6180:0:d2:0:2:c89b:e000,443
2406:da18:30a:1f00:b8ae:1ba8:2804:3217,443
2400:6180:0:d2:0:2:c454:0,443
2400:6180:0:d2:0:2:c89b:f000,443
2400:6180:0:d2:0:2:e863:6000,443
2001:19f0:4400:6c31:5400:6ff:fe6f:20f7,443
2400:6180:0:d2:0:2:d7c3:f000,443
2401:c080:1400:4d26:5400:4ff:feb9:2adb,443
2406:da18:30a:1f02:d235:f5f1:19c9:292b,443
2400:6180:0:d2:0:2:d85c:b000,443
2400:6180:0:d2:0:2:d85c:a000,443
2400:6180:0:d2:0:2:c7c5:5000,443
2a12:5940:d233::2,443
2001:19f0:4401:dbb:5400:6ff:fe4b:571,443
2400:6180:0:d2:0:2:cd52:2000,443
2a09:bac5:55fb:18be::277:84,443
2400:6180:0:d2:0:2:9462:2000,443
2400:6180:0:d2:0:2:8663:f000,443
2a07:14c0:1:520b::2,2053
2603:c02b:303:6d88:0:ccb4:b98b:fc70,443
2406:da18:681:f300:46a5:9bf9:ff83:2a6d,443
2400:6180:0:d2:0:2:c821:a000,443
2406:da18:30a:1f00:ee12:3010:3707:d3d2,443
2a09:7c47:0:28::1,443
2406:da18:30a:1f00:879c:4da2:c1da:cbfa,443
2001:19f0:4400:519c:5400:6ff:fe5e:72d0,443
2400:6180:0:d2:0:2:cd52:7000,443
2406:da18:30a:1f01:b683:a90a:5d86:5616,443
2400:6180:0:d2:0:2:bc41:9000,443
2400:6180:0:d2:0:2:7d91:a000,443
2402:1f00:8001:209f::,8443
2a05:9401::301,443
2400:6180:0:d2:0:2:fd26:b000,443
2401:c080:1400:7b1e:5400:6ff:fe49:a6a9,443
2400:8901::2000:8ff:fe28:d22e,443
2401:c080:1400:6c37:5400:6ff:fe65:261b,443
2406:da18:30a:1f02:4653:94fd:fd60:29a,443
2401:c080:1400:15c7:5400:6ff:fe31:7945,443
2a00:f940:2:4:2::5ade,8443
2a01:f900:10:387::1,443
2a0b:4140:9f6b::2,443
2a12:5940:736b::2,443
240b:4000:15:f2ff:c9ff:ce79:13ee:7897,443
2a01:ecc0:40:26ac::2,443
2001:19f0:4401:127e:5400:6ff:fe17:1407,443
2a0e:97c0:7d4:dd87::a,443
2400:6180:0:d2:0:2:c7c5:6000,443
2400:6180:0:d2:0:2:d7c3:a000,443
2406:da18:30a:1f01:df1a:5718:4f28:e820,443
2400:6180:0:d2:0:2:c89f:6000,443
2401:c080:1400:100e:5400:6ff:fe72:8c25,443
2401:c080:1400:40d1:5400:6ff:fe30:c16e,443
2400:6180:0:d2:0:2:6668:e000,443
2400:6180:0:d2:0:2:5e57:7000,443
2a12:6fc2:8000::3e1,443
2406:da18:30a:1f01:aae7:a58d:39ce:6d6e,443
2a12:b2c0:2:2a::1,443
2a0c:5d00:3002::1:fc2e:7a36,443
2400:6180:0:d2:0:2:5e57:c000,443
2400:6180:0:d0::1363:e001,443
2406:da18:30a:1f02:940f:bc21:848a:ac40,443
2400:6180:0:d2:0:2:efc4:e000,443
2400:6180:0:d2:0:2:d7fe:8000,443
2407:3640:2273:6215::1,443
2406:da18:30a:1f01:ec2a:ce77:1e78:3551,443
2400:6180:0:d2:0:2:f451:9000,443
2406:da18:30a:1f01:72ef:8651:3e8d:ff81,443
2406:d500:15:12::a,443
2400:6180:0:d2:0:2:854a:6000,443
2a13:7e40:1:10ce::1,443
240d:c000:f020:1300:96dc:dd4:2a30:1,443
2a01:e5c0:6792::2,2096
2400:6180:0:d2:0:2:854a:8000,443
2400:6180:0:d2:0:2:d7fe:d000,443
2400:6180:0:d2:0:2:854b:1000,443
2406:da18:30a:1f02:1e11:7051:b1b2:3447,443
2400:6180:0:d2:0:3:993:e000,443
2a02:408:7722:54:77:222:32:11,443
2001:67c:2f4c:2::178,443
2a01:ecc0:4000:4f3::2,443
2a03:f80:972:c7cf::1,443
2400:6180:0:d0::ebc:1,443
2a12:bec0:16f:185::,443
2400:6180:0:d2:0:2:d7fe:a000,443
2603:c024:451a:e200:0:f391:376f:637b,443
2a12:5940:da55::2,2087
2605:e440:16::1b6,443
2a00:f940:2:4:4::40,8443
2400:6180:0:d2:0:2:854a:7000,443
2400:6180:0:d2:0:2:8664:9000,443
2400:6180:0:d2:0:2:d7ff:0,443
2400:6180:0:d2:0:3:90d:2000,443
2400:6180:0:d2:0:2:baaa:0,443
2406:da18:30a:1f02:32a3:c650:69f4:89da,443
2603:c024:4512:2500:0:4a20:ecaa:a8,443
2400:6180:0:d2:0:2:cd52:5000,443
2a01:e5c0:6027::2,443
240d:c000:f020:1600:9ae4:1d3e:6a9a:0,443
2a03:6f00:a::1:397f,8443
2401:c080:1400:5feb:5400:6ff:fe74:12c7,443
2001:df4:c140:1f::473,443
2400:6180:0:d2:0:2:c821:2000,443
2a13:7e40:1:1076::1,443
2a11:840:67:1b::321d:af14,443
2a00:b700:5::226,8443
2406:da18:30a:1f00:e1ef:2761:83d2:42d8,443
2a12:5940:dc41::2,443
2a0b:4140:570d::2,443
2400:6180:0:d2:0:2:cd52:8000,443
2a01:e5c0:3692::2,443
2400:6180:0:d2:0:2:5e57:8000,443
2a03:6f00:a::2:a2e7,2087
2a09:5302:ffff::3f3,443
2a12:bec0:16f:17d::,443
2a0b:4140:c7cd::2,2083
2406:da18:30a:1f02:51ce:b635:b036:3a84,443
2001:19f0:4401:bb1:5400:6ff:fe79:243,443
2a0c:9300:0:b2::1,443
2407:cdc0:d010:22dc::,8443
2400:6180:0:d2:0:2:c821:3000,443
2400:6180:0:d2:0:2:baa9:e000,443
2400:6180:0:d2:0:2:d7fe:7000,443
240d:c000:f020:100:4eea:cfd8:90be:0,443
2400:6180:0:d2:0:2:baaa:5000,443
2a01:4ff:2f0:35cd::1,443
2400:6180:0:d2:0:2:5e57:b000,443
2400:6180:0:d2:0:3:2f7:0,443
2a0d:8480:0:5ca::,443
2a06:1301:4610::b:0:1,443
2a0b:4140:56c8::2,443
2a0b:4140:c561::2,2053
2001:19f0:4400:7d1f:5400:5ff:fef7:9ff4,443
2a00:f940:2:4:2::ac8,8443
2a01:e5c0:770f::2,443
2400:6180:0:d2:0:2:9462:4000,443
2a01:e5c0:3647::2,443
2a09:bac1:6520:8::3c5:2f,443
2400:6180:0:d2:0:2:f87e:f000,443
2a01:ecc0:c80:1db::2,443
2400:6180:0:d2:0:2:cd52:a000,443
2400:6180:0:d2:0:2:854a:e000,443
2a03:6f00:a::2:ca95,2053
2400:6180:0:d2:0:2:c89c:7000,443
2400:6180:0:d2:0:2:9d83:2000,443
2406:da18:30a:1f02:926d:1725:4ba1:8c0f,443
2400:6180:0:d2:0:2:5d2a:d000,443
2400:6180:0:d2:0:2:c89f:5000,443
2401:c080:1400:4f1b:5400:4ff:feb2:6801,443
2400:6180:0:d2:0:2:d7fe:b000,443
2602:fa5d::2d4,443
2a00:f940:2:4:4::321,8443
2400:6180:0:d2:0:2:cd13:c000,443
2a00:b700::4:1d1,443
2a0b:4140:a297::2,8443
2605:e440:b::1cd,443
2a12:5940:cd7c::2,443
2407:3641:2287:8088::1,2053
2400:6180:0:d2:0:2:8663:e000,443
2401:c080:1400:6798:5400:6ff:fe2c:9781,443
2400:6180:0:d2:0:2:c5be:5000,443
2600:3c0c::2000:b5ff:feb5:9aed,8443
2a01:e5c0:77d3::2,443
2a01:e5c0:70ed::2,443
2401:c080:1400:1629:5400:6ff:fe43:7085,443
2001:df4:c140:1f::1b6,443
2400:6180:0:d2:0:2:5b65:c000,443
2a12:5940:8499::2,443
2a01:e5c0:7d4b::2,443
2a0b:4140:6130::2,443
2a03:f80:7:d68a::1,443
2602:fa5d::ca,443
2a04:ff00:800:b2::a,443
2400:6180:0:d2:0:2:efbc:6000,443
2a0c:5cc0:1:1::5f1a:53a0,443
2a00:f940:2:4:2::54bc,8443
2400:c980:0:2:44c:1cff:fe01:1259,443
2a03:6f00:a::2:c0b0,443
2a03:6f00:a::1:f1a0,443
2a01:4f8:fff0:124:5::8b,443
2600:3c0c::2000:1fff:fe99:a396,443
2a01:4f8:fff0:124:4::e2,443
2a01:4f8:fff0:124:3::98,443
2a02:c207:2313:1741::1,8443
2001:49f0:d142:0:16b0::,443
2401:c080:1400:1c93:5400:6ff:fe4f:b982,443
2400:6180:0:d2:0:2:9461:b000,443
2605:e440:7::2cd,8443
2407:3640:2324:7631::1,443
2a03:90c0:5f1:2903::1069,8443
2406:da18:30a:1f00:bff0:e422:f397:7c6b,443
2400:8901::2000:adff:fe5a:73e3,443
2400:d320:2338:8978::1,8443
2400:6180:0:d2:0:2:8664:5000,443
2a03:6f00:a::c75,443
2a02:c207:2334:6457::1,443
2a01:4f8:fff0:124:5::22,8443
2a01:4f8:fff0:124:5::5d,443
2a01:4ff:2f0:2f10::1,443
2605:e440:7::22a,8443
2a12:bec4:1d40:6de2::1,443
2602:fa5d::1af,443
2602:fa63:800:6b::6,443
2a0c:5cc0:1:1::c869:be83,8443
2001:448a:2050:3a15:3647:d4ff:fed5:4a24,8443
2a12:e342:300::2ba2:84db,2087
2400:6180:0:d2:0:2:f6eb:b000,443
2602:fa5d::242,443
2406:da18:30a:1f01:8914:b889:22d2:e92f,443
2a0c:5cc0:1:1::7b41:3e7a,443
2a09:6383:0:10:185:157:245:136,2053
2001:470:1f0a:b23::2,443
2a01:ecc0:1002:af00::2,443
2a00:b700:4::2f5,443
2401:5b60:0:1::6e,8443
2a00:5da0:2005:1::63b,8443
2a03:6f00:a::2:8e5,443
2a00:5da0:2005:1::574,443
2401:7fa0:1:1::90f2:3a5f,443
2a12:e340:300::7252:3485,443
2a00:b700:1::357,8443
2a00:b700:2::1:2ea,443
2a01:8640:10::f6cb:989a,443
2403:27c0:2000::d2,443
2a00:b700:4::1:e5,8443
2607:fa98:3000::33,443
2602:fa5d::11dc,443
2400:e920:0:7::73,443
2a03:6f00:a::2:2da6,443
2408:4005:32e:700:a140:4b55:e4c:76e0,8443
2401:c080:1c02:19b:5400:6ff:fe75:a6fc,443
2a00:b700:2::1e5,443
2a0a:6a40:255:8e::2,443
2a02:c207:2330:956::1,443
2a02:c207:2341:3606::1,443
2406:da12:4c0:a900:c0dd:1575:78bf:a4ff,443
2a00:b700:2::1:267,8443
2a03:6f00:14:1::773,443
2a01:4f8:1c1b:2654::1,2083
2a0a:6a40:255:a7::2,443
2a0a:6a40:255:112::2,443
2a09:bac1:40c0:10::14:2cc,443
2001:146a:0:1070::1,8443
2606:2040:2800:2f:be24:11ff:fe53:ed4f,443
2001:146a:0:101c::1,8443
2a13:4ac0:28:18:f816:3eff:fe31:252f,443
2404:8c80:82:1085::39,443
2404:8c80:85:8001::42,8443
2a03:6f00:14:1::d2f,443
2a0e:8086:1966:1:893d:56bb:207f:c3a2,443
2a00:5da0:1000:1::3212,443
2a01:8640:10::4c5c:7d27,443
2606:2040:2800:2f:be24:11ff:fe9b:e25f,443
2a0a:6a40:255:2a::2,443
2a12:bec4:1b1d:703::1,8443
2a00:5da0:1000:1::25eb,8443
2606:2040:2800:2f:be24:11ff:fe3c:43f9,443
2606:2040:2800:2f:be24:11ff:fef2:4f68,443
2404:8c80:85:1067::4f,443
2404:8c80:85:8001::1c2,443
2a00:5da0:3:3002:10:0:7428:920a,443
2a03:6f00:14:1::4ca,2053
2a00:5da0:1000:1::2ae2,443
2a00:5da0:1000:1::3203,443
2606:2040:2800:2f:be24:11ff:fe59:1d23,443
2404:8c80:85:1084::a6,443
2a00:5da0:1000:1::20c3,443
2a10:1fc0::b8c5:2c93,8443
2404:8c80:0:1011:2fe:e5ec:ba3c:e34c,443
2a00:5da0:1000:1::239c,443
2a00:5da0:1000:1::2630,443
2a10:1fc0:12::a376:7565,443
2400:8904::2000:5ff:feae:f31,443
2402:62c0::307,443
2a00:5da0:1000:1::2fb4,443
2606:2040:2800:2f:be24:11ff:fea4:4b11,443
2a00:5da0:3:3002:10:0:d7c:c4a6,443
2606:2040:2800:2f:be24:11ff:fe57:7bd8,443
2406:da1a:1d8d:d400:6a0:7132:5561:d45b,443
2606:2040:2800:2f:be24:11ff:fe72:9201,443
2406:da1a:11df:1000:7b51:c556:c232:37e3,443
2a0b:4341:2e00:278:26a3:f0ff:fe45:4a89,2053
2404:8c80:85:1098::3c02,443
2603:c024:8004:aaaa:0:ea4e:342e:293f,443
2600:3c16::2000:16ff:fe4b:8eff,443
2606:2040:2800:2f:be24:11ff:fe00:de9e,443
2401:c080:2400:1aca:5400:5ff:fe85:c2ab,443
2602:fa08:50:4500::a,443
2a00:5da0:1000:1::2eed,443
2606:2040:2800:2f:be24:11ff:fe0c:3fd7,2053
2606:2040:2800:2f:be24:11ff:fef7:81d,443
2401:c080:2400:1999:5400:6ff:fe23:b4c6,443
2603:c021:4009:90aa:0:792a:1ed4:fb11,443
2404:c140:2202::73:b741,443
2606:2040:2800:2f:be24:11ff:fe77:3bbf,443
2001:146a:0:1111::1,443
2606:2040:2800:2f:be24:11ff:fe3c:409b,8443
2606:2040:2800:2f:be24:11ff:fead:ca57,2053
2001:146a:0:104b::1,443
2606:2040:2800:2f:be24:11ff:fe63:fc5d,443
2606:2040:2800:2f:be24:11ff:fef4:4948,443
2a09:bac5:19:c8::14:2c7,8443
2400:8d60:5::1:739d:7fc3,443
2402:a7c0:8100:a017::8bb:a,443
2402:a7c0:8100:a017::746:a,443
2606:2040:2800:2f:be24:11ff:fe9d:2883,443
2401:c080:3000:3d9c:5400:6ff:fe23:b493,443
2401:c080:3000:4427:5400:6ff:fe73:cc45,443
2402:a7c0:8100:a017::899:a,443
2400:8d60:3::8dc7:feb,443
2401:c080:3000:27de:5400:4ff:fea5:fb91,8443
2400:8d60:3::1:e256:4ee,443
2a13:8a40::34b,443
2400:8d60:5::1:9d16:54ea,443
2400:8d60:5::1:ce5d:18b2,443
2402:a7c0:8100:a017::345:a,443
2402:a7c0:8100:a017::7b6:a,443
2402:a7c0:8100:a017::268:a,443
2402:a7c0:8100:a017::59b:a,443
2400:8d60:3::1:e23d:cbef,443
2400:8d60:3::1:e7c9:32c,443
2400:8d60:5::1:3ab0:1cc0,443
2001:146a:0:10fa::1,2053
2a09:bac5:3b4b:16b4::243:84,443
2406:da1a:4eb:4800:1421:aba7:fc3b:150c,443
2402:a7c0:8100:a017::764:a,443
2a13:8a40::28f,2096
2603:c026:8003:f8fd:0:14b:5e87:12b4,8443
2602:fa59:16:55::1,443
2606:2040:2800:2f:be24:11ff:fe47:843a,443
2602:fa59:16:17::1,443
2400:6180:100:d0:0:1:444c:e001,443
2a0f:6284:60:bdee::1,443
2a01:4240::3b:15b2,8443
2400:8d60:3::1:7080:b602,443
2a05:f480:3000:24b9:5400:4ff:fea6:6aa7,8443
2a05:f480:3000:2fa8:5400:6ff:fe23:b6dd,443
2a05:f480:3000:2228:5400:4ff:fea7:853e,443
2001:df1:7880:100::ca2,443
2401:c080:3400:2b69:5400:6ff:fe23:b4b4,443
2001:41d0:304:300::a0b6,2083
2a01:4f8:c010:1548::1,443
2602:fa59:16:1ca::1,443
2a03:b0c0:3:d0::1052:8001,443
2402:a7c0:3003:111:1c00:a3ff:fe00:863,8443
2402:a7c0:3003:110:1c00:58ff:fe00:79a,443
2a02:a448:86a3:0:2ecf:67ff:fed2:90a5,443
2401:1fe0:1::3e7,443
